2026-09-05 09:22:28 SUPERVISOR_START jobs=['socrates', 'minitaur']
2026-09-05 09:22:28 + colab --auth=adc download -s fm-socrates /content/fm_baselines/results/socrates/SUMMARY.json /Users/shreyaspatel/Desktop/Code/UserSim/results/fm_baselines/socrates/SUMMARY.json
2026-09-05 09:22:29 + colab --auth=adc download -s fm-socrates /content/fm_baselines/results/socrates/SUMMARY.json /Users/shreyaspatel/Desktop/Code/UserSim/results/fm_baselines/socrates/SUMMARY.json
2026-09-05 09:22:29 + colab --auth=adc status -s fm-socrates
2026-09-05 09:22:30 + colab --auth=adc sessions
2026-09-05 09:22:31 fm-socrates unhealthy — respawning
2026-09-05 09:22:31 + colab --auth=adc stop -s fm-socrates
2026-09-05 09:22:35 + colab --auth=adc new -s fm-socrates --gpu L4
2026-09-05 09:22:37 [colab] Creating session 'fm-socrates'...
[colab] Backend rejected accelerator 'L4'. You may not have quota or entitlement for this accelerator on your account. Try a different one (e.g. --gpu T4) or omit --gpu/--tpu for a CPU runtime.

2026-09-05 09:22:58 SUPERVISOR_START jobs=['socrates', 'minitaur']
2026-09-05 09:22:58 + colab --auth=adc download -s fm-socrates /content/fm_baselines/results/socrates/SUMMARY.json /Users/shreyaspatel/Desktop/Code/UserSim/results/fm_baselines/socrates/SUMMARY.json
2026-09-05 09:22:59 + colab --auth=adc download -s fm-socrates /content/fm_baselines/results/socrates/SUMMARY.json /Users/shreyaspatel/Desktop/Code/UserSim/results/fm_baselines/socrates/SUMMARY.json
2026-09-05 09:22:59 + colab --auth=adc status -s fm-socrates
2026-09-05 09:23:00 + colab --auth=adc sessions
2026-09-05 09:23:02 fm-socrates unhealthy — respawning
2026-09-05 09:23:02 + colab --auth=adc stop -s fm-socrates
2026-09-05 09:23:06 + colab --auth=adc new -s fm-socrates --gpu L4
2026-09-05 09:23:07 [colab] Creating session 'fm-socrates'...
[colab] Backend rejected accelerator 'L4'. You may not have quota or entitlement for this accelerator on your account. Try a different one (e.g. --gpu T4) or omit --gpu/--tpu for a CPU runtime.

2026-09-05 09:23:29 SUPERVISOR_START jobs=['socrates', 'minitaur']
2026-09-05 09:23:29 + colab --auth=adc download -s fm-socrates /content/fm_baselines/results/socrates/SUMMARY.json /Users/shreyaspatel/Desktop/Code/UserSim/results/fm_baselines/socrates/SUMMARY.json
2026-09-05 09:23:30 + colab --auth=adc download -s fm-socrates /content/fm_baselines/results/socrates/SUMMARY.json /Users/shreyaspatel/Desktop/Code/UserSim/results/fm_baselines/socrates/SUMMARY.json
2026-09-05 09:23:30 + colab --auth=adc status -s fm-socrates
2026-09-05 09:23:31 + colab --auth=adc sessions
2026-09-05 09:23:32 fm-socrates unhealthy — respawning
2026-09-05 09:23:32 + colab --auth=adc stop -s fm-socrates
2026-09-05 09:23:36 + colab --auth=adc new -s fm-socrates --gpu T4
2026-09-05 09:23:50 [colab] Creating session 'fm-socrates'...
[colab] Session READY.

2026-09-05 09:23:50 + colab --auth=adc status -s fm-socrates
2026-09-05 09:23:51 + colab --auth=adc upload -s fm-socrates /Users/shreyaspatel/Desktop/Code/UserSim/results/fm_baselines/_fs_probe.txt /content/_fs_probe.txt
2026-09-05 09:23:52 + colab --auth=adc download -s fm-socrates /content/_fs_probe.txt /Users/shreyaspatel/Desktop/Code/UserSim/results/fm_baselines/_fs_probe.fm-socrates.remote.txt
2026-09-05 09:24:15 fm-socrates got GPU=T4
2026-09-05 09:24:15 + colab --auth=adc exec -s fm-socrates --timeout 45
2026-09-05 09:24:18 ANY_ALIVE False

2026-09-05 09:24:18 socrates: worker dead — booting on T4
2026-09-05 09:24:18 + colab --auth=adc exec -s fm-socrates --timeout 600
2026-09-05 09:24:35 WROTE /content/fm_baselines/scripts/boot_socrates_l4.py 2515
WROTE /content/fm_baselines/scripts/colab_socrates_wass.py 8534
0

2026-09-05 09:24:35 + colab --auth=adc download -s fm-minitaur /content/fm_baselines/results/minitaur/SUMMARY.json /Users/shreyaspatel/Desktop/Code/UserSim/results/fm_baselines/minitaur/SUMMARY.json
2026-09-05 09:24:35 + colab --auth=adc download -s fm-minitaur /content/fm_baselines/results/minitaur/SUMMARY.json /Users/shreyaspatel/Desktop/Code/UserSim/results/fm_baselines/minitaur/SUMMARY.json
2026-09-05 09:24:36 + colab --auth=adc status -s fm-minitaur
2026-09-05 09:24:37 + colab --auth=adc sessions
2026-09-05 09:24:37 fm-minitaur unhealthy — respawning
2026-09-05 09:24:37 + colab --auth=adc stop -s fm-minitaur
2026-09-05 09:24:42 + colab --auth=adc new -s fm-minitaur --gpu T4
2026-09-05 09:24:44 se Body: {response.text}")           │
│   195 │   │   if not response.ok:                                            │
│ ❱ 196 │   │   │   raise ColabRequestError(                                   │
│   197 │   │   │   │   f"Failed to issue request {method} {endpoint}:         │
│       {response.reason}",                                                    │
│   198 │   │   │   │   request=response.request,                              │
│   199 │   │   │   │   response=response,                                     │
╰──────────────────────────────────────────────────────────────────────────────╯
ColabRequestError: Failed to issue request POST 
https://colab.research.google.com/tun/m/assign?nbh=73f833ee_66cf_4b4e_84ae_1ecea
e3cc914........&variant=GPU&accelerator=T4: Service Unavailable

2026-09-05 09:25:14 + colab --auth=adc new -s fm-minitaur --gpu L4
2026-09-05 09:25:16 [colab] Creating session 'fm-minitaur'...
[colab] Backend rejected accelerator 'L4'. You may not have quota or entitlement for this accelerator on your account. Try a different one (e.g. --gpu T4) or omit --gpu/--tpu for a CPU runtime.

2026-09-05 09:25:16 fm-minitaur: L4 unavailable — trying next
2026-09-05 09:25:18 + colab --auth=adc new -s fm-minitaur --gpu T4
2026-09-05 09:25:19 se Body: {response.text}")           │
│   195 │   │   if not response.ok:                                            │
│ ❱ 196 │   │   │   raise ColabRequestError(                                   │
│   197 │   │   │   │   f"Failed to issue request {method} {endpoint}:         │
│       {response.reason}",                                                    │
│   198 │   │   │   │   request=response.request,                              │
│   199 │   │   │   │   response=response,                                     │
╰──────────────────────────────────────────────────────────────────────────────╯
ColabRequestError: Failed to issue request POST 
https://colab.research.google.com/tun/m/assign?nbh=91bee5d8_3d2e_4b13_ab5a_8a776
e8344d6........&variant=GPU&accelerator=T4: Service Unavailable

2026-09-05 09:26:49 + colab --auth=adc new -s fm-minitaur --gpu L4
2026-09-05 12:12:44 + colab --auth=adc new -s fm-minitaur --gpu L4
2026-09-05 12:12:52 [colab] Creating session 'fm-minitaur'...
[colab] Backend rejected accelerator 'L4'. You may not have quota or entitlement for this accelerator on your account. Try a different one (e.g. --gpu T4) or omit --gpu/--tpu for a CPU runtime.

2026-09-05 12:12:52 fm-minitaur: L4 unavailable — trying next
2026-09-05 12:12:54 + colab --auth=adc new -s fm-minitaur --gpu T4
2026-09-05 12:13:03 se Body: {response.text}")           │
│   195 │   │   if not response.ok:                                            │
│ ❱ 196 │   │   │   raise ColabRequestError(                                   │
│   197 │   │   │   │   f"Failed to issue request {method} {endpoint}:         │
│       {response.reason}",                                                    │
│   198 │   │   │   │   request=response.request,                              │
│   199 │   │   │   │   response=response,                                     │
╰──────────────────────────────────────────────────────────────────────────────╯
ColabRequestError: Failed to issue request POST 
https://colab.research.google.com/tun/m/assign?nbh=7a64996e_ec42_4261_bb69_0adc0
e357925........&variant=GPU&accelerator=T4: Service Unavailable

2026-09-05 12:13:03 fm-minitaur: assign T4 flaky — backoff 60s
2026-09-05 12:14:03 + colab --auth=adc new -s fm-minitaur --gpu L4
2026-09-05 12:14:15 [colab] Creating session 'fm-minitaur'...
[colab] Backend rejected accelerator 'L4'. You may not have quota or entitlement for this accelerator on your account. Try a different one (e.g. --gpu T4) or omit --gpu/--tpu for a CPU runtime.

2026-09-05 12:14:15 fm-minitaur: L4 unavailable — trying next
2026-09-05 12:14:18 fm-minitaur: give up this poll after 6 attempts
2026-09-05 12:14:18 minitaur: no session this poll — skip
2026-09-05 12:14:18 + colab --auth=adc download -s fm-socrates /content/fm_baselines/results/socrates/SUMMARY.json /Users/shreyaspatel/Desktop/Code/UserSim/results/fm_baselines/socrates/SUMMARY.json
2026-09-05 12:15:56 + colab --auth=adc download -s fm-socrates /content/fm_baselines/results/socrates/SUMMARY.json /Users/shreyaspatel/Desktop/Code/UserSim/results/fm_baselines/socrates/SUMMARY.json
2026-09-05 12:15:57 + colab --auth=adc download -s fm-socrates /content/fm_baselines/results/socrates/SUMMARY.json /Users/shreyaspatel/Desktop/Code/UserSim/results/fm_baselines/socrates/SUMMARY.json
2026-09-05 12:15:57 + colab --auth=adc status -s fm-socrates
2026-09-05 12:15:58 + colab --auth=adc sessions
2026-09-05 12:15:59 fm-socrates unhealthy — respawning
2026-09-05 12:15:59 + colab --auth=adc stop -s fm-socrates
2026-09-05 12:16:03 + colab --auth=adc new -s fm-socrates --gpu T4
2026-09-05 12:16:07 se Body: {response.text}")           │
│   195 │   │   if not response.ok:                                            │
│ ❱ 196 │   │   │   raise ColabRequestError(                                   │
│   197 │   │   │   │   f"Failed to issue request {method} {endpoint}:         │
│       {response.reason}",                                                    │
│   198 │   │   │   │   request=response.request,                              │
│   199 │   │   │   │   response=response,                                     │
╰──────────────────────────────────────────────────────────────────────────────╯
ColabRequestError: Failed to issue request POST 
https://colab.research.google.com/tun/m/assign?nbh=2e743c41_d92b_4d35_9c11_7ba91
c7ef0de........&variant=GPU&accelerator=T4: Service Unavailable

2026-09-05 12:16:07 fm-socrates: assign T4 flaky — backoff 15s
2026-09-05 12:16:22 + colab --auth=adc new -s fm-socrates --gpu L4
2026-09-05 12:16:23 [colab] Creating session 'fm-socrates'...
[colab] Backend rejected accelerator 'L4'. You may not have quota or entitlement for this accelerator on your account. Try a different one (e.g. --gpu T4) or omit --gpu/--tpu for a CPU runtime.

2026-09-05 12:16:23 fm-socrates: L4 unavailable — trying next
2026-09-05 12:16:25 + colab --auth=adc new -s fm-socrates --gpu T4
2026-09-05 12:16:27 se Body: {response.text}")           │
│   195 │   │   if not response.ok:                                            │
│ ❱ 196 │   │   │   raise ColabRequestError(                                   │
│   197 │   │   │   │   f"Failed to issue request {method} {endpoint}:         │
│       {response.reason}",                                                    │
│   198 │   │   │   │   request=response.request,                              │
│   199 │   │   │   │   response=response,                                     │
╰──────────────────────────────────────────────────────────────────────────────╯
ColabRequestError: Failed to issue request POST 
https://colab.research.google.com/tun/m/assign?nbh=6bfbb777_ec23_44f1_bb6e_a4509
69fe57a........&variant=GPU&accelerator=T4: Service Unavailable

2026-09-05 12:16:27 fm-socrates: assign T4 flaky — backoff 45s
2026-09-05 12:17:12 + colab --auth=adc new -s fm-socrates --gpu L4
2026-09-05 12:17:14 [colab] Creating session 'fm-socrates'...
[colab] Backend rejected accelerator 'L4'. You may not have quota or entitlement for this accelerator on your account. Try a different one (e.g. --gpu T4) or omit --gpu/--tpu for a CPU runtime.

2026-09-05 12:17:14 fm-socrates: L4 unavailable — trying next
2026-09-05 12:17:16 + colab --auth=adc new -s fm-socrates --gpu T4
2026-09-05 12:17:18 se Body: {response.text}")           │
│   195 │   │   if not response.ok:                                            │
│ ❱ 196 │   │   │   raise ColabRequestError(                                   │
│   197 │   │   │   │   f"Failed to issue request {method} {endpoint}:         │
│       {response.reason}",                                                    │
│   198 │   │   │   │   request=response.request,                              │
│   199 │   │   │   │   response=response,                                     │
╰──────────────────────────────────────────────────────────────────────────────╯
ColabRequestError: Failed to issue request POST 
https://colab.research.google.com/tun/m/assign?nbh=54d0f16c_eb69_4381_a9f9_f6713
9eaed63........&variant=GPU&accelerator=T4: Service Unavailable

2026-09-05 12:17:18 fm-socrates: assign T4 flaky — backoff 60s
2026-09-05 12:18:18 + colab --auth=adc new -s fm-socrates --gpu L4
2026-09-05 12:18:19 [colab] Creating session 'fm-socrates'...
[colab] Backend rejected accelerator 'L4'. You may not have quota or entitlement for this accelerator on your account. Try a different one (e.g. --gpu T4) or omit --gpu/--tpu for a CPU runtime.

2026-09-05 12:18:19 fm-socrates: L4 unavailable — trying next
2026-09-05 12:18:21 fm-socrates: give up this poll after 6 attempts
2026-09-05 12:18:21 socrates: no session this poll — skip
2026-09-05 12:18:21 + colab --auth=adc download -s fm-minitaur /content/fm_baselines/results/minitaur/SUMMARY.json /Users/shreyaspatel/Desktop/Code/UserSim/results/fm_baselines/minitaur/SUMMARY.json
2026-09-05 12:18:22 + colab --auth=adc download -s fm-minitaur /content/fm_baselines/results/minitaur/SUMMARY.json /Users/shreyaspatel/Desktop/Code/UserSim/results/fm_baselines/minitaur/SUMMARY.json
2026-09-05 12:18:23 + colab --auth=adc status -s fm-minitaur
2026-09-05 12:18:24 + colab --auth=adc sessions
2026-09-05 12:18:25 fm-minitaur unhealthy — respawning
2026-09-05 12:18:25 + colab --auth=adc stop -s fm-minitaur
2026-09-05 12:18:30 + colab --auth=adc new -s fm-minitaur --gpu T4
2026-09-05 12:18:31 se Body: {response.text}")           │
│   195 │   │   if not response.ok:                                            │
│ ❱ 196 │   │   │   raise ColabRequestError(                                   │
│   197 │   │   │   │   f"Failed to issue request {method} {endpoint}:         │
│       {response.reason}",                                                    │
│   198 │   │   │   │   request=response.request,                              │
│   199 │   │   │   │   response=response,                                     │
╰──────────────────────────────────────────────────────────────────────────────╯
ColabRequestError: Failed to issue request POST 
https://colab.research.google.com/tun/m/assign?nbh=610d50dd_bff2_4d23_8fcb_dca5b
fa58a80........&variant=GPU&accelerator=T4: Service Unavailable

2026-09-05 12:18:31 fm-minitaur: assign T4 flaky — backoff 15s
2026-09-05 12:18:46 + colab --auth=adc new -s fm-minitaur --gpu L4
2026-09-05 12:18:47 [colab] Creating session 'fm-minitaur'...
[colab] Backend rejected accelerator 'L4'. You may not have quota or entitlement for this accelerator on your account. Try a different one (e.g. --gpu T4) or omit --gpu/--tpu for a CPU runtime.

2026-09-05 12:18:47 fm-minitaur: L4 unavailable — trying next
2026-09-05 12:18:49 + colab --auth=adc new -s fm-minitaur --gpu T4
2026-09-05 12:18:51 se Body: {response.text}")           │
│   195 │   │   if not response.ok:                                            │
│ ❱ 196 │   │   │   raise ColabRequestError(                                   │
│   197 │   │   │   │   f"Failed to issue request {method} {endpoint}:         │
│       {response.reason}",                                                    │
│   198 │   │   │   │   request=response.request,                              │
│   199 │   │   │   │   response=response,                                     │
╰──────────────────────────────────────────────────────────────────────────────╯
ColabRequestError: Failed to issue request POST 
https://colab.research.google.com/tun/m/assign?nbh=d17279ad_1854_457a_a646_ac785
a774be6........&variant=GPU&accelerator=T4: Service Unavailable

2026-09-05 12:18:51 fm-minitaur: assign T4 flaky — backoff 45s
2026-09-05 12:19:36 + colab --auth=adc new -s fm-minitaur --gpu L4
2026-09-05 12:19:37 [colab] Creating session 'fm-minitaur'...
[colab] Backend rejected accelerator 'L4'. You may not have quota or entitlement for this accelerator on your account. Try a different one (e.g. --gpu T4) or omit --gpu/--tpu for a CPU runtime.

2026-09-05 12:19:37 fm-minitaur: L4 unavailable — trying next
2026-09-05 12:19:39 + colab --auth=adc new -s fm-minitaur --gpu T4
2026-09-05 12:19:41 se Body: {response.text}")           │
│   195 │   │   if not response.ok:                                            │
│ ❱ 196 │   │   │   raise ColabRequestError(                                   │
│   197 │   │   │   │   f"Failed to issue request {method} {endpoint}:         │
│       {response.reason}",                                                    │
│   198 │   │   │   │   request=response.request,                              │
│   199 │   │   │   │   response=response,                                     │
╰──────────────────────────────────────────────────────────────────────────────╯
ColabRequestError: Failed to issue request POST 
https://colab.research.google.com/tun/m/assign?nbh=f76e6002_ccb7_4e19_aebf_b86af
8ac92b5........&variant=GPU&accelerator=T4: Service Unavailable

2026-09-05 12:19:41 fm-minitaur: assign T4 flaky — backoff 60s
2026-09-05 12:20:41 + colab --auth=adc new -s fm-minitaur --gpu L4
2026-09-05 12:20:43 [colab] Creating session 'fm-minitaur'...
[colab] Backend rejected accelerator 'L4'. You may not have quota or entitlement for this accelerator on your account. Try a different one (e.g. --gpu T4) or omit --gpu/--tpu for a CPU runtime.

2026-09-05 12:20:43 fm-minitaur: L4 unavailable — trying next
2026-09-05 12:20:45 fm-minitaur: give up this poll after 6 attempts
2026-09-05 12:20:45 minitaur: no session this poll — skip
2026-09-05 12:20:45 + colab --auth=adc download -s fm-socrates /content/fm_baselines/results/socrates/SUMMARY.json /Users/shreyaspatel/Desktop/Code/UserSim/results/fm_baselines/socrates/SUMMARY.json
2026-09-05 12:22:15 + colab --auth=adc download -s fm-socrates /content/fm_baselines/results/socrates/SUMMARY.json /Users/shreyaspatel/Desktop/Code/UserSim/results/fm_baselines/socrates/SUMMARY.json
2026-09-05 12:22:16 + colab --auth=adc download -s fm-socrates /content/fm_baselines/results/socrates/SUMMARY.json /Users/shreyaspatel/Desktop/Code/UserSim/results/fm_baselines/socrates/SUMMARY.json
2026-09-05 12:22:16 + colab --auth=adc status -s fm-socrates
2026-09-05 12:22:17 + colab --auth=adc sessions
2026-09-05 12:22:18 fm-socrates unhealthy — respawning
2026-09-05 12:22:18 + colab --auth=adc stop -s fm-socrates
2026-09-05 12:22:22 + colab --auth=adc new -s fm-socrates --gpu T4
2026-09-05 12:22:23 se Body: {response.text}")           │
│   195 │   │   if not response.ok:                                            │
│ ❱ 196 │   │   │   raise ColabRequestError(                                   │
│   197 │   │   │   │   f"Failed to issue request {method} {endpoint}:         │
│       {response.reason}",                                                    │
│   198 │   │   │   │   request=response.request,                              │
│   199 │   │   │   │   response=response,                                     │
╰──────────────────────────────────────────────────────────────────────────────╯
ColabRequestError: Failed to issue request POST 
https://colab.research.google.com/tun/m/assign?nbh=b579e13a_9ffb_42c5_88bb_35686
27bdca1........&variant=GPU&accelerator=T4: Service Unavailable

2026-09-05 12:22:23 fm-socrates: assign T4 flaky — backoff 15s
2026-09-05 12:22:38 + colab --auth=adc new -s fm-socrates --gpu L4
2026-09-05 12:22:41 [colab] Creating session 'fm-socrates'...
[colab] Backend rejected accelerator 'L4'. You may not have quota or entitlement for this accelerator on your account. Try a different one (e.g. --gpu T4) or omit --gpu/--tpu for a CPU runtime.

2026-09-05 12:22:41 fm-socrates: L4 unavailable — trying next
2026-09-05 12:22:43 + colab --auth=adc new -s fm-socrates --gpu T4
2026-09-05 12:22:44 se Body: {response.text}")           │
│   195 │   │   if not response.ok:                                            │
│ ❱ 196 │   │   │   raise ColabRequestError(                                   │
│   197 │   │   │   │   f"Failed to issue request {method} {endpoint}:         │
│       {response.reason}",                                                    │
│   198 │   │   │   │   request=response.request,                              │
│   199 │   │   │   │   response=response,                                     │
╰──────────────────────────────────────────────────────────────────────────────╯
ColabRequestError: Failed to issue request POST 
https://colab.research.google.com/tun/m/assign?nbh=776b1ab4_0ac8_4a11_b842_1d10d
2781ec1........&variant=GPU&accelerator=T4: Service Unavailable

2026-09-05 12:22:44 fm-socrates: assign T4 flaky — backoff 45s
2026-09-05 12:23:29 + colab --auth=adc new -s fm-socrates --gpu L4
2026-09-05 12:23:31 [colab] Creating session 'fm-socrates'...
[colab] Backend rejected accelerator 'L4'. You may not have quota or entitlement for this accelerator on your account. Try a different one (e.g. --gpu T4) or omit --gpu/--tpu for a CPU runtime.

2026-09-05 12:23:31 fm-socrates: L4 unavailable — trying next
2026-09-05 12:23:33 + colab --auth=adc new -s fm-socrates --gpu T4
2026-09-05 12:23:34 se Body: {response.text}")           │
│   195 │   │   if not response.ok:                                            │
│ ❱ 196 │   │   │   raise ColabRequestError(                                   │
│   197 │   │   │   │   f"Failed to issue request {method} {endpoint}:         │
│       {response.reason}",                                                    │
│   198 │   │   │   │   request=response.request,                              │
│   199 │   │   │   │   response=response,                                     │
╰──────────────────────────────────────────────────────────────────────────────╯
ColabRequestError: Failed to issue request POST 
https://colab.research.google.com/tun/m/assign?nbh=c070ba55_e023_4f95_8894_0b259
07360d3........&variant=GPU&accelerator=T4: Service Unavailable

2026-09-05 12:23:34 fm-socrates: assign T4 flaky — backoff 60s
2026-09-05 12:24:34 + colab --auth=adc new -s fm-socrates --gpu L4
2026-09-05 12:24:35 [colab] Creating session 'fm-socrates'...
[colab] Backend rejected accelerator 'L4'. You may not have quota or entitlement for this accelerator on your account. Try a different one (e.g. --gpu T4) or omit --gpu/--tpu for a CPU runtime.

2026-09-05 12:24:35 fm-socrates: L4 unavailable — trying next
2026-09-05 12:24:37 fm-socrates: give up this poll after 6 attempts
2026-09-05 12:24:37 socrates: no session this poll — skip
2026-09-05 12:24:37 + colab --auth=adc download -s fm-minitaur /content/fm_baselines/results/minitaur/SUMMARY.json /Users/shreyaspatel/Desktop/Code/UserSim/results/fm_baselines/minitaur/SUMMARY.json
2026-09-05 12:24:37 + colab --auth=adc download -s fm-minitaur /content/fm_baselines/results/minitaur/SUMMARY.json /Users/shreyaspatel/Desktop/Code/UserSim/results/fm_baselines/minitaur/SUMMARY.json
2026-09-05 12:24:38 + colab --auth=adc status -s fm-minitaur
2026-09-05 12:24:38 + colab --auth=adc sessions
2026-09-05 12:24:39 fm-minitaur unhealthy — respawning
2026-09-05 12:24:39 + colab --auth=adc stop -s fm-minitaur
2026-09-05 12:24:44 + colab --auth=adc new -s fm-minitaur --gpu T4
2026-09-05 12:24:45 se Body: {response.text}")           │
│   195 │   │   if not response.ok:                                            │
│ ❱ 196 │   │   │   raise ColabRequestError(                                   │
│   197 │   │   │   │   f"Failed to issue request {method} {endpoint}:         │
│       {response.reason}",                                                    │
│   198 │   │   │   │   request=response.request,                              │
│   199 │   │   │   │   response=response,                                     │
╰──────────────────────────────────────────────────────────────────────────────╯
ColabRequestError: Failed to issue request POST 
https://colab.research.google.com/tun/m/assign?nbh=30858689_d2c4_428b_91fa_7bc94
401d685........&variant=GPU&accelerator=T4: Service Unavailable

2026-09-05 12:24:45 fm-minitaur: assign T4 flaky — backoff 15s
2026-09-05 12:25:00 + colab --auth=adc new -s fm-minitaur --gpu L4
2026-09-05 12:25:02 [colab] Creating session 'fm-minitaur'...
[colab] Backend rejected accelerator 'L4'. You may not have quota or entitlement for this accelerator on your account. Try a different one (e.g. --gpu T4) or omit --gpu/--tpu for a CPU runtime.

2026-09-05 12:25:02 fm-minitaur: L4 unavailable — trying next
2026-09-05 12:25:04 + colab --auth=adc new -s fm-minitaur --gpu T4
2026-09-05 12:25:05 se Body: {response.text}")           │
│   195 │   │   if not response.ok:                                            │
│ ❱ 196 │   │   │   raise ColabRequestError(                                   │
│   197 │   │   │   │   f"Failed to issue request {method} {endpoint}:         │
│       {response.reason}",                                                    │
│   198 │   │   │   │   request=response.request,                              │
│   199 │   │   │   │   response=response,                                     │
╰──────────────────────────────────────────────────────────────────────────────╯
ColabRequestError: Failed to issue request POST 
https://colab.research.google.com/tun/m/assign?nbh=0bd886c0_b472_42f0_9220_dce21
d7dfa70........&variant=GPU&accelerator=T4: Service Unavailable

2026-09-05 12:25:05 fm-minitaur: assign T4 flaky — backoff 45s
2026-09-05 12:25:50 + colab --auth=adc new -s fm-minitaur --gpu L4
2026-09-05 12:25:52 [colab] Creating session 'fm-minitaur'...
[colab] Backend rejected accelerator 'L4'. You may not have quota or entitlement for this accelerator on your account. Try a different one (e.g. --gpu T4) or omit --gpu/--tpu for a CPU runtime.

2026-09-05 12:25:52 fm-minitaur: L4 unavailable — trying next
2026-09-05 12:25:54 + colab --auth=adc new -s fm-minitaur --gpu T4
2026-09-05 12:25:55 se Body: {response.text}")           │
│   195 │   │   if not response.ok:                                            │
│ ❱ 196 │   │   │   raise ColabRequestError(                                   │
│   197 │   │   │   │   f"Failed to issue request {method} {endpoint}:         │
│       {response.reason}",                                                    │
│   198 │   │   │   │   request=response.request,                              │
│   199 │   │   │   │   response=response,                                     │
╰──────────────────────────────────────────────────────────────────────────────╯
ColabRequestError: Failed to issue request POST 
https://colab.research.google.com/tun/m/assign?nbh=cdf4c684_5cf6_4135_8b3a_7ba20
476527c........&variant=GPU&accelerator=T4: Service Unavailable

2026-09-05 12:25:55 fm-minitaur: assign T4 flaky — backoff 60s
2026-09-05 12:26:55 + colab --auth=adc new -s fm-minitaur --gpu L4
2026-09-05 12:26:56 [colab] Creating session 'fm-minitaur'...
[colab] Backend rejected accelerator 'L4'. You may not have quota or entitlement for this accelerator on your account. Try a different one (e.g. --gpu T4) or omit --gpu/--tpu for a CPU runtime.

2026-09-05 12:26:56 fm-minitaur: L4 unavailable — trying next
2026-09-05 12:26:58 fm-minitaur: give up this poll after 6 attempts
2026-09-05 12:26:58 minitaur: no session this poll — skip
2026-09-05 12:26:58 + colab --auth=adc download -s fm-socrates /content/fm_baselines/results/socrates/SUMMARY.json /Users/shreyaspatel/Desktop/Code/UserSim/results/fm_baselines/socrates/SUMMARY.json
2026-09-05 12:28:29 + colab --auth=adc download -s fm-socrates /content/fm_baselines/results/socrates/SUMMARY.json /Users/shreyaspatel/Desktop/Code/UserSim/results/fm_baselines/socrates/SUMMARY.json
2026-09-05 12:28:30 + colab --auth=adc download -s fm-socrates /content/fm_baselines/results/socrates/SUMMARY.json /Users/shreyaspatel/Desktop/Code/UserSim/results/fm_baselines/socrates/SUMMARY.json
2026-09-05 12:28:30 + colab --auth=adc status -s fm-socrates
2026-09-05 12:28:31 + colab --auth=adc sessions
2026-09-05 12:28:32 fm-socrates unhealthy — respawning
2026-09-05 12:28:32 + colab --auth=adc stop -s fm-socrates
2026-09-05 12:28:36 + colab --auth=adc new -s fm-socrates --gpu T4
2026-09-05 12:28:38 se Body: {response.text}")           │
│   195 │   │   if not response.ok:                                            │
│ ❱ 196 │   │   │   raise ColabRequestError(                                   │
│   197 │   │   │   │   f"Failed to issue request {method} {endpoint}:         │
│       {response.reason}",                                                    │
│   198 │   │   │   │   request=response.request,                              │
│   199 │   │   │   │   response=response,                                     │
╰──────────────────────────────────────────────────────────────────────────────╯
ColabRequestError: Failed to issue request POST 
https://colab.research.google.com/tun/m/assign?nbh=9a095a3a_8e50_47cf_a256_64abc
db0d9e7........&variant=GPU&accelerator=T4: Service Unavailable

2026-09-05 12:28:38 fm-socrates: assign T4 flaky — backoff 15s
2026-09-05 12:28:53 + colab --auth=adc new -s fm-socrates --gpu L4
2026-09-05 12:28:54 [colab] Creating session 'fm-socrates'...
[colab] Backend rejected accelerator 'L4'. You may not have quota or entitlement for this accelerator on your account. Try a different one (e.g. --gpu T4) or omit --gpu/--tpu for a CPU runtime.

2026-09-05 12:28:54 fm-socrates: L4 unavailable — trying next
2026-09-05 12:28:56 + colab --auth=adc new -s fm-socrates --gpu T4
2026-09-05 12:28:57 se Body: {response.text}")           │
│   195 │   │   if not response.ok:                                            │
│ ❱ 196 │   │   │   raise ColabRequestError(                                   │
│   197 │   │   │   │   f"Failed to issue request {method} {endpoint}:         │
│       {response.reason}",                                                    │
│   198 │   │   │   │   request=response.request,                              │
│   199 │   │   │   │   response=response,                                     │
╰──────────────────────────────────────────────────────────────────────────────╯
ColabRequestError: Failed to issue request POST 
https://colab.research.google.com/tun/m/assign?nbh=92f05c16_9f22_4713_8571_7dcc4
e9a6a2a........&variant=GPU&accelerator=T4: Service Unavailable

2026-09-05 12:28:57 fm-socrates: assign T4 flaky — backoff 45s
2026-09-05 12:29:42 + colab --auth=adc new -s fm-socrates --gpu L4
2026-09-05 12:29:44 [colab] Creating session 'fm-socrates'...
[colab] Backend rejected accelerator 'L4'. You may not have quota or entitlement for this accelerator on your account. Try a different one (e.g. --gpu T4) or omit --gpu/--tpu for a CPU runtime.

2026-09-05 12:29:44 fm-socrates: L4 unavailable — trying next
2026-09-05 12:29:46 + colab --auth=adc new -s fm-socrates --gpu T4
2026-09-05 12:29:48 se Body: {response.text}")           │
│   195 │   │   if not response.ok:                                            │
│ ❱ 196 │   │   │   raise ColabRequestError(                                   │
│   197 │   │   │   │   f"Failed to issue request {method} {endpoint}:         │
│       {response.reason}",                                                    │
│   198 │   │   │   │   request=response.request,                              │
│   199 │   │   │   │   response=response,                                     │
╰──────────────────────────────────────────────────────────────────────────────╯
ColabRequestError: Failed to issue request POST 
https://colab.research.google.com/tun/m/assign?nbh=04439ffc_5585_4b59_8d90_f206a
f6ce1a7........&variant=GPU&accelerator=T4: Service Unavailable

2026-09-05 12:29:48 fm-socrates: assign T4 flaky — backoff 60s
2026-09-05 12:30:48 + colab --auth=adc new -s fm-socrates --gpu L4
2026-09-05 12:30:51 [colab] Creating session 'fm-socrates'...
[colab] Backend rejected accelerator 'L4'. You may not have quota or entitlement for this accelerator on your account. Try a different one (e.g. --gpu T4) or omit --gpu/--tpu for a CPU runtime.

2026-09-05 12:30:51 fm-socrates: L4 unavailable — trying next
2026-09-05 12:30:53 fm-socrates: give up this poll after 6 attempts
2026-09-05 12:30:53 socrates: no session this poll — skip
2026-09-05 12:30:53 + colab --auth=adc download -s fm-minitaur /content/fm_baselines/results/minitaur/SUMMARY.json /Users/shreyaspatel/Desktop/Code/UserSim/results/fm_baselines/minitaur/SUMMARY.json
2026-09-05 12:30:53 + colab --auth=adc download -s fm-minitaur /content/fm_baselines/results/minitaur/SUMMARY.json /Users/shreyaspatel/Desktop/Code/UserSim/results/fm_baselines/minitaur/SUMMARY.json
2026-09-05 12:30:54 + colab --auth=adc status -s fm-minitaur
2026-09-05 12:30:55 + colab --auth=adc sessions
2026-09-05 12:30:56 fm-minitaur unhealthy — respawning
2026-09-05 12:30:56 + colab --auth=adc stop -s fm-minitaur
2026-09-05 12:31:00 + colab --auth=adc new -s fm-minitaur --gpu T4
2026-09-05 12:31:01 se Body: {response.text}")           │
│   195 │   │   if not response.ok:                                            │
│ ❱ 196 │   │   │   raise ColabRequestError(                                   │
│   197 │   │   │   │   f"Failed to issue request {method} {endpoint}:         │
│       {response.reason}",                                                    │
│   198 │   │   │   │   request=response.request,                              │
│   199 │   │   │   │   response=response,                                     │
╰──────────────────────────────────────────────────────────────────────────────╯
ColabRequestError: Failed to issue request POST 
https://colab.research.google.com/tun/m/assign?nbh=21a98904_9524_4f12_94e4_05a16
461894c........&variant=GPU&accelerator=T4: Service Unavailable

2026-09-05 12:31:01 fm-minitaur: assign T4 flaky — backoff 15s
2026-09-05 12:31:16 + colab --auth=adc new -s fm-minitaur --gpu L4
2026-09-05 12:31:18 [colab] Creating session 'fm-minitaur'...
[colab] Backend rejected accelerator 'L4'. You may not have quota or entitlement for this accelerator on your account. Try a different one (e.g. --gpu T4) or omit --gpu/--tpu for a CPU runtime.

2026-09-05 12:31:18 fm-minitaur: L4 unavailable — trying next
2026-09-05 12:31:20 + colab --auth=adc new -s fm-minitaur --gpu T4
2026-09-05 12:31:21 se Body: {response.text}")           │
│   195 │   │   if not response.ok:                                            │
│ ❱ 196 │   │   │   raise ColabRequestError(                                   │
│   197 │   │   │   │   f"Failed to issue request {method} {endpoint}:         │
│       {response.reason}",                                                    │
│   198 │   │   │   │   request=response.request,                              │
│   199 │   │   │   │   response=response,                                     │
╰──────────────────────────────────────────────────────────────────────────────╯
ColabRequestError: Failed to issue request POST 
https://colab.research.google.com/tun/m/assign?nbh=b1987917_3658_4e24_a3f5_43dbf
b542841........&variant=GPU&accelerator=T4: Service Unavailable

2026-09-05 12:31:21 fm-minitaur: assign T4 flaky — backoff 45s
2026-09-05 12:32:06 + colab --auth=adc new -s fm-minitaur --gpu L4
2026-09-05 12:32:08 [colab] Creating session 'fm-minitaur'...
[colab] Backend rejected accelerator 'L4'. You may not have quota or entitlement for this accelerator on your account. Try a different one (e.g. --gpu T4) or omit --gpu/--tpu for a CPU runtime.

2026-09-05 12:32:08 fm-minitaur: L4 unavailable — trying next
2026-09-05 12:32:10 + colab --auth=adc new -s fm-minitaur --gpu T4
2026-09-05 12:32:11 se Body: {response.text}")           │
│   195 │   │   if not response.ok:                                            │
│ ❱ 196 │   │   │   raise ColabRequestError(                                   │
│   197 │   │   │   │   f"Failed to issue request {method} {endpoint}:         │
│       {response.reason}",                                                    │
│   198 │   │   │   │   request=response.request,                              │
│   199 │   │   │   │   response=response,                                     │
╰──────────────────────────────────────────────────────────────────────────────╯
ColabRequestError: Failed to issue request POST 
https://colab.research.google.com/tun/m/assign?nbh=db189fca_22ac_42a9_8674_75b9e
a364ea4........&variant=GPU&accelerator=T4: Service Unavailable

2026-09-05 12:32:11 fm-minitaur: assign T4 flaky — backoff 60s
2026-09-05 12:33:11 + colab --auth=adc new -s fm-minitaur --gpu L4
2026-09-05 12:33:12 [colab] Creating session 'fm-minitaur'...
[colab] Backend rejected accelerator 'L4'. You may not have quota or entitlement for this accelerator on your account. Try a different one (e.g. --gpu T4) or omit --gpu/--tpu for a CPU runtime.

2026-09-05 12:33:12 fm-minitaur: L4 unavailable — trying next
2026-09-05 12:33:14 fm-minitaur: give up this poll after 6 attempts
2026-09-05 12:33:14 minitaur: no session this poll — skip
2026-09-05 12:33:14 + colab --auth=adc download -s fm-socrates /content/fm_baselines/results/socrates/SUMMARY.json /Users/shreyaspatel/Desktop/Code/UserSim/results/fm_baselines/socrates/SUMMARY.json
2026-09-05 12:34:45 + colab --auth=adc download -s fm-socrates /content/fm_baselines/results/socrates/SUMMARY.json /Users/shreyaspatel/Desktop/Code/UserSim/results/fm_baselines/socrates/SUMMARY.json
2026-09-05 12:34:45 + colab --auth=adc download -s fm-socrates /content/fm_baselines/results/socrates/SUMMARY.json /Users/shreyaspatel/Desktop/Code/UserSim/results/fm_baselines/socrates/SUMMARY.json
2026-09-05 12:34:46 + colab --auth=adc status -s fm-socrates
2026-09-05 12:34:47 + colab --auth=adc sessions
2026-09-05 12:34:48 fm-socrates unhealthy — respawning
2026-09-05 12:34:48 + colab --auth=adc stop -s fm-socrates
2026-09-05 12:34:52 + colab --auth=adc new -s fm-socrates --gpu T4
2026-09-05 12:34:53 se Body: {response.text}")           │
│   195 │   │   if not response.ok:                                            │
│ ❱ 196 │   │   │   raise ColabRequestError(                                   │
│   197 │   │   │   │   f"Failed to issue request {method} {endpoint}:         │
│       {response.reason}",                                                    │
│   198 │   │   │   │   request=response.request,                              │
│   199 │   │   │   │   response=response,                                     │
╰──────────────────────────────────────────────────────────────────────────────╯
ColabRequestError: Failed to issue request POST 
https://colab.research.google.com/tun/m/assign?nbh=eb24b9f6_11d6_4426_8a29_b6bba
55e7629........&variant=GPU&accelerator=T4: Service Unavailable

2026-09-05 12:34:53 fm-socrates: assign T4 flaky — backoff 15s
2026-09-05 12:35:08 + colab --auth=adc new -s fm-socrates --gpu L4
2026-09-05 12:35:10 [colab] Creating session 'fm-socrates'...
[colab] Backend rejected accelerator 'L4'. You may not have quota or entitlement for this accelerator on your account. Try a different one (e.g. --gpu T4) or omit --gpu/--tpu for a CPU runtime.

2026-09-05 12:35:10 fm-socrates: L4 unavailable — trying next
2026-09-05 12:35:12 + colab --auth=adc new -s fm-socrates --gpu T4
2026-09-05 12:35:13 se Body: {response.text}")           │
│   195 │   │   if not response.ok:                                            │
│ ❱ 196 │   │   │   raise ColabRequestError(                                   │
│   197 │   │   │   │   f"Failed to issue request {method} {endpoint}:         │
│       {response.reason}",                                                    │
│   198 │   │   │   │   request=response.request,                              │
│   199 │   │   │   │   response=response,                                     │
╰──────────────────────────────────────────────────────────────────────────────╯
ColabRequestError: Failed to issue request POST 
https://colab.research.google.com/tun/m/assign?nbh=d0955883_7c14_4894_9aa0_4b515
aee842e........&variant=GPU&accelerator=T4: Service Unavailable

2026-09-05 12:35:13 fm-socrates: assign T4 flaky — backoff 45s
2026-09-05 12:35:58 + colab --auth=adc new -s fm-socrates --gpu L4
2026-09-05 12:35:59 [colab] Creating session 'fm-socrates'...
[colab] Backend rejected accelerator 'L4'. You may not have quota or entitlement for this accelerator on your account. Try a different one (e.g. --gpu T4) or omit --gpu/--tpu for a CPU runtime.

2026-09-05 12:35:59 fm-socrates: L4 unavailable — trying next
2026-09-05 12:36:01 + colab --auth=adc new -s fm-socrates --gpu T4
2026-09-05 12:36:02 se Body: {response.text}")           │
│   195 │   │   if not response.ok:                                            │
│ ❱ 196 │   │   │   raise ColabRequestError(                                   │
│   197 │   │   │   │   f"Failed to issue request {method} {endpoint}:         │
│       {response.reason}",                                                    │
│   198 │   │   │   │   request=response.request,                              │
│   199 │   │   │   │   response=response,                                     │
╰──────────────────────────────────────────────────────────────────────────────╯
ColabRequestError: Failed to issue request POST 
https://colab.research.google.com/tun/m/assign?nbh=64c09c84_3c7b_4375_bf9d_33313
b2dc2fa........&variant=GPU&accelerator=T4: Service Unavailable

2026-09-05 12:36:02 fm-socrates: assign T4 flaky — backoff 60s
2026-09-05 12:37:02 + colab --auth=adc new -s fm-socrates --gpu L4
2026-09-05 12:37:03 [colab] Creating session 'fm-socrates'...
[colab] Backend rejected accelerator 'L4'. You may not have quota or entitlement for this accelerator on your account. Try a different one (e.g. --gpu T4) or omit --gpu/--tpu for a CPU runtime.

2026-09-05 12:37:03 fm-socrates: L4 unavailable — trying next
2026-09-05 12:37:05 fm-socrates: give up this poll after 6 attempts
2026-09-05 12:37:05 socrates: no session this poll — skip
2026-09-05 12:37:05 + colab --auth=adc download -s fm-minitaur /content/fm_baselines/results/minitaur/SUMMARY.json /Users/shreyaspatel/Desktop/Code/UserSim/results/fm_baselines/minitaur/SUMMARY.json
2026-09-05 12:37:06 + colab --auth=adc download -s fm-minitaur /content/fm_baselines/results/minitaur/SUMMARY.json /Users/shreyaspatel/Desktop/Code/UserSim/results/fm_baselines/minitaur/SUMMARY.json
2026-09-05 12:37:06 + colab --auth=adc status -s fm-minitaur
2026-09-05 12:37:07 + colab --auth=adc sessions
2026-09-05 12:37:07 fm-minitaur unhealthy — respawning
2026-09-05 12:37:07 + colab --auth=adc stop -s fm-minitaur
2026-09-05 12:37:12 + colab --auth=adc new -s fm-minitaur --gpu T4
2026-09-05 12:37:13 se Body: {response.text}")           │
│   195 │   │   if not response.ok:                                            │
│ ❱ 196 │   │   │   raise ColabRequestError(                                   │
│   197 │   │   │   │   f"Failed to issue request {method} {endpoint}:         │
│       {response.reason}",                                                    │
│   198 │   │   │   │   request=response.request,                              │
│   199 │   │   │   │   response=response,                                     │
╰──────────────────────────────────────────────────────────────────────────────╯
ColabRequestError: Failed to issue request POST 
https://colab.research.google.com/tun/m/assign?nbh=06b525fc_d37f_47fe_b8be_b4033
a7c1796........&variant=GPU&accelerator=T4: Service Unavailable

2026-09-05 12:37:13 fm-minitaur: assign T4 flaky — backoff 15s
2026-09-05 12:37:28 + colab --auth=adc new -s fm-minitaur --gpu L4
2026-09-05 12:37:29 [colab] Creating session 'fm-minitaur'...
[colab] Backend rejected accelerator 'L4'. You may not have quota or entitlement for this accelerator on your account. Try a different one (e.g. --gpu T4) or omit --gpu/--tpu for a CPU runtime.

2026-09-05 12:37:29 fm-minitaur: L4 unavailable — trying next
2026-09-05 12:37:31 + colab --auth=adc new -s fm-minitaur --gpu T4
2026-09-05 12:37:32 se Body: {response.text}")           │
│   195 │   │   if not response.ok:                                            │
│ ❱ 196 │   │   │   raise ColabRequestError(                                   │
│   197 │   │   │   │   f"Failed to issue request {method} {endpoint}:         │
│       {response.reason}",                                                    │
│   198 │   │   │   │   request=response.request,                              │
│   199 │   │   │   │   response=response,                                     │
╰──────────────────────────────────────────────────────────────────────────────╯
ColabRequestError: Failed to issue request POST 
https://colab.research.google.com/tun/m/assign?nbh=c36b0572_1278_43af_9915_d9561
f333883........&variant=GPU&accelerator=T4: Service Unavailable

2026-09-05 12:37:32 fm-minitaur: assign T4 flaky — backoff 45s
2026-09-05 12:38:17 + colab --auth=adc new -s fm-minitaur --gpu L4
2026-09-05 12:38:18 [colab] Creating session 'fm-minitaur'...
[colab] Backend rejected accelerator 'L4'. You may not have quota or entitlement for this accelerator on your account. Try a different one (e.g. --gpu T4) or omit --gpu/--tpu for a CPU runtime.

2026-09-05 12:38:18 fm-minitaur: L4 unavailable — trying next
2026-09-05 12:38:20 + colab --auth=adc new -s fm-minitaur --gpu T4
2026-09-05 12:38:22 se Body: {response.text}")           │
│   195 │   │   if not response.ok:                                            │
│ ❱ 196 │   │   │   raise ColabRequestError(                                   │
│   197 │   │   │   │   f"Failed to issue request {method} {endpoint}:         │
│       {response.reason}",                                                    │
│   198 │   │   │   │   request=response.request,                              │
│   199 │   │   │   │   response=response,                                     │
╰──────────────────────────────────────────────────────────────────────────────╯
ColabRequestError: Failed to issue request POST 
https://colab.research.google.com/tun/m/assign?nbh=3339a470_d090_4f1f_861a_f5a0d
b44ad99........&variant=GPU&accelerator=T4: Service Unavailable

2026-09-05 12:38:22 fm-minitaur: assign T4 flaky — backoff 60s
2026-09-05 12:39:22 + colab --auth=adc new -s fm-minitaur --gpu L4
2026-09-05 12:39:23 [colab] Creating session 'fm-minitaur'...
[colab] Backend rejected accelerator 'L4'. You may not have quota or entitlement for this accelerator on your account. Try a different one (e.g. --gpu T4) or omit --gpu/--tpu for a CPU runtime.

2026-09-05 12:39:23 fm-minitaur: L4 unavailable — trying next
2026-09-05 12:39:25 fm-minitaur: give up this poll after 6 attempts
2026-09-05 12:39:25 minitaur: no session this poll — skip
2026-09-05 12:39:25 + colab --auth=adc download -s fm-socrates /content/fm_baselines/results/socrates/SUMMARY.json /Users/shreyaspatel/Desktop/Code/UserSim/results/fm_baselines/socrates/SUMMARY.json
2026-09-05 12:40:55 + colab --auth=adc download -s fm-socrates /content/fm_baselines/results/socrates/SUMMARY.json /Users/shreyaspatel/Desktop/Code/UserSim/results/fm_baselines/socrates/SUMMARY.json
2026-09-05 12:40:56 + colab --auth=adc download -s fm-socrates /content/fm_baselines/results/socrates/SUMMARY.json /Users/shreyaspatel/Desktop/Code/UserSim/results/fm_baselines/socrates/SUMMARY.json
2026-09-05 12:40:56 + colab --auth=adc status -s fm-socrates
2026-09-05 12:40:57 + colab --auth=adc sessions
2026-09-05 12:40:58 fm-socrates unhealthy — respawning
2026-09-05 12:40:58 + colab --auth=adc stop -s fm-socrates
2026-09-05 12:41:03 + colab --auth=adc new -s fm-socrates --gpu T4
2026-09-05 12:41:04 se Body: {response.text}")           │
│   195 │   │   if not response.ok:                                            │
│ ❱ 196 │   │   │   raise ColabRequestError(                                   │
│   197 │   │   │   │   f"Failed to issue request {method} {endpoint}:         │
│       {response.reason}",                                                    │
│   198 │   │   │   │   request=response.request,                              │
│   199 │   │   │   │   response=response,                                     │
╰──────────────────────────────────────────────────────────────────────────────╯
ColabRequestError: Failed to issue request POST 
https://colab.research.google.com/tun/m/assign?nbh=d23f11a7_9ee6_4100_86f8_5dba4
0e91d86........&variant=GPU&accelerator=T4: Service Unavailable

2026-09-05 12:41:04 fm-socrates: assign T4 flaky — backoff 15s
2026-09-05 12:41:19 + colab --auth=adc new -s fm-socrates --gpu L4
2026-09-05 12:41:21 [colab] Creating session 'fm-socrates'...
[colab] Backend rejected accelerator 'L4'. You may not have quota or entitlement for this accelerator on your account. Try a different one (e.g. --gpu T4) or omit --gpu/--tpu for a CPU runtime.

2026-09-05 12:41:21 fm-socrates: L4 unavailable — trying next
2026-09-05 12:41:23 + colab --auth=adc new -s fm-socrates --gpu T4
2026-09-05 12:41:25 se Body: {response.text}")           │
│   195 │   │   if not response.ok:                                            │
│ ❱ 196 │   │   │   raise ColabRequestError(                                   │
│   197 │   │   │   │   f"Failed to issue request {method} {endpoint}:         │
│       {response.reason}",                                                    │
│   198 │   │   │   │   request=response.request,                              │
│   199 │   │   │   │   response=response,                                     │
╰──────────────────────────────────────────────────────────────────────────────╯
ColabRequestError: Failed to issue request POST 
https://colab.research.google.com/tun/m/assign?nbh=bb81a388_e615_4ed5_991a_5f5a8
df59b31........&variant=GPU&accelerator=T4: Service Unavailable

2026-09-05 12:41:25 fm-socrates: assign T4 flaky — backoff 45s
2026-09-05 12:42:10 + colab --auth=adc new -s fm-socrates --gpu L4
2026-09-05 12:42:11 [colab] Creating session 'fm-socrates'...
[colab] Backend rejected accelerator 'L4'. You may not have quota or entitlement for this accelerator on your account. Try a different one (e.g. --gpu T4) or omit --gpu/--tpu for a CPU runtime.

2026-09-05 12:42:11 fm-socrates: L4 unavailable — trying next
2026-09-05 12:42:13 + colab --auth=adc new -s fm-socrates --gpu T4
2026-09-05 12:42:14 se Body: {response.text}")           │
│   195 │   │   if not response.ok:                                            │
│ ❱ 196 │   │   │   raise ColabRequestError(                                   │
│   197 │   │   │   │   f"Failed to issue request {method} {endpoint}:         │
│       {response.reason}",                                                    │
│   198 │   │   │   │   request=response.request,                              │
│   199 │   │   │   │   response=response,                                     │
╰──────────────────────────────────────────────────────────────────────────────╯
ColabRequestError: Failed to issue request POST 
https://colab.research.google.com/tun/m/assign?nbh=a4c6884d_3ef4_40af_8911_97150
44eff01........&variant=GPU&accelerator=T4: Service Unavailable

2026-09-05 12:42:14 fm-socrates: assign T4 flaky — backoff 60s
2026-09-05 12:43:15 + colab --auth=adc new -s fm-socrates --gpu L4
2026-09-05 12:43:17 [colab] Creating session 'fm-socrates'...
[colab] Backend rejected accelerator 'L4'. You may not have quota or entitlement for this accelerator on your account. Try a different one (e.g. --gpu T4) or omit --gpu/--tpu for a CPU runtime.

2026-09-05 12:43:17 fm-socrates: L4 unavailable — trying next
2026-09-05 12:43:19 fm-socrates: give up this poll after 6 attempts
2026-09-05 12:43:19 socrates: no session this poll — skip
2026-09-05 12:43:19 + colab --auth=adc download -s fm-minitaur /content/fm_baselines/results/minitaur/SUMMARY.json /Users/shreyaspatel/Desktop/Code/UserSim/results/fm_baselines/minitaur/SUMMARY.json
2026-09-05 12:43:20 + colab --auth=adc download -s fm-minitaur /content/fm_baselines/results/minitaur/SUMMARY.json /Users/shreyaspatel/Desktop/Code/UserSim/results/fm_baselines/minitaur/SUMMARY.json
2026-09-05 12:43:20 + colab --auth=adc status -s fm-minitaur
2026-09-05 12:43:21 + colab --auth=adc sessions
2026-09-05 12:43:22 fm-minitaur unhealthy — respawning
2026-09-05 12:43:22 + colab --auth=adc stop -s fm-minitaur
2026-09-05 12:43:26 + colab --auth=adc new -s fm-minitaur --gpu T4
2026-09-05 12:43:27 se Body: {response.text}")           │
│   195 │   │   if not response.ok:                                            │
│ ❱ 196 │   │   │   raise ColabRequestError(                                   │
│   197 │   │   │   │   f"Failed to issue request {method} {endpoint}:         │
│       {response.reason}",                                                    │
│   198 │   │   │   │   request=response.request,                              │
│   199 │   │   │   │   response=response,                                     │
╰──────────────────────────────────────────────────────────────────────────────╯
ColabRequestError: Failed to issue request POST 
https://colab.research.google.com/tun/m/assign?nbh=7259768d_c2e6_4079_825f_f22c3
1946a7f........&variant=GPU&accelerator=T4: Service Unavailable

2026-09-05 12:43:27 fm-minitaur: assign T4 flaky — backoff 15s
2026-09-05 12:43:42 + colab --auth=adc new -s fm-minitaur --gpu L4
2026-09-05 12:44:06 [colab] Creating session 'fm-minitaur'...
[colab] Backend rejected accelerator 'L4'. You may not have quota or entitlement for this accelerator on your account. Try a different one (e.g. --gpu T4) or omit --gpu/--tpu for a CPU runtime.

2026-09-05 12:44:06 fm-minitaur: L4 unavailable — trying next
2026-09-05 12:44:08 + colab --auth=adc new -s fm-minitaur --gpu T4
2026-09-05 12:44:12 se Body: {response.text}")           │
│   195 │   │   if not response.ok:                                            │
│ ❱ 196 │   │   │   raise ColabRequestError(                                   │
│   197 │   │   │   │   f"Failed to issue request {method} {endpoint}:         │
│       {response.reason}",                                                    │
│   198 │   │   │   │   request=response.request,                              │
│   199 │   │   │   │   response=response,                                     │
╰──────────────────────────────────────────────────────────────────────────────╯
ColabRequestError: Failed to issue request POST 
https://colab.research.google.com/tun/m/assign?nbh=512b512e_1740_4336_8b00_79b20
9d647ee........&variant=GPU&accelerator=T4: Service Unavailable

2026-09-05 12:44:12 fm-minitaur: assign T4 flaky — backoff 45s
2026-09-05 12:44:57 + colab --auth=adc new -s fm-minitaur --gpu L4
2026-09-05 12:45:01 [colab] Creating session 'fm-minitaur'...
[colab] Backend rejected accelerator 'L4'. You may not have quota or entitlement for this accelerator on your account. Try a different one (e.g. --gpu T4) or omit --gpu/--tpu for a CPU runtime.

2026-09-05 12:45:01 fm-minitaur: L4 unavailable — trying next
2026-09-05 12:45:03 + colab --auth=adc new -s fm-minitaur --gpu T4
2026-09-05 12:45:04 se Body: {response.text}")           │
│   195 │   │   if not response.ok:                                            │
│ ❱ 196 │   │   │   raise ColabRequestError(                                   │
│   197 │   │   │   │   f"Failed to issue request {method} {endpoint}:         │
│       {response.reason}",                                                    │
│   198 │   │   │   │   request=response.request,                              │
│   199 │   │   │   │   response=response,                                     │
╰──────────────────────────────────────────────────────────────────────────────╯
ColabRequestError: Failed to issue request POST 
https://colab.research.google.com/tun/m/assign?nbh=0da42ee4_2ae6_4d90_af7c_25e58
8777131........&variant=GPU&accelerator=T4: Service Unavailable

2026-09-05 12:45:04 fm-minitaur: assign T4 flaky — backoff 60s
2026-09-05 12:46:04 + colab --auth=adc new -s fm-minitaur --gpu L4
2026-09-05 12:46:05 [colab] Creating session 'fm-minitaur'...
[colab] Backend rejected accelerator 'L4'. You may not have quota or entitlement for this accelerator on your account. Try a different one (e.g. --gpu T4) or omit --gpu/--tpu for a CPU runtime.

2026-09-05 12:46:05 fm-minitaur: L4 unavailable — trying next
2026-09-05 12:46:07 fm-minitaur: give up this poll after 6 attempts
2026-09-05 12:46:07 minitaur: no session this poll — skip
2026-09-05 12:46:07 + colab --auth=adc download -s fm-socrates /content/fm_baselines/results/socrates/SUMMARY.json /Users/shreyaspatel/Desktop/Code/UserSim/results/fm_baselines/socrates/SUMMARY.json
2026-09-05 12:47:38 + colab --auth=adc download -s fm-socrates /content/fm_baselines/results/socrates/SUMMARY.json /Users/shreyaspatel/Desktop/Code/UserSim/results/fm_baselines/socrates/SUMMARY.json
2026-09-05 12:47:39 + colab --auth=adc download -s fm-socrates /content/fm_baselines/results/socrates/SUMMARY.json /Users/shreyaspatel/Desktop/Code/UserSim/results/fm_baselines/socrates/SUMMARY.json
2026-09-05 12:47:39 + colab --auth=adc status -s fm-socrates
2026-09-05 12:47:40 + colab --auth=adc sessions
2026-09-05 12:47:41 fm-socrates unhealthy — respawning
2026-09-05 12:47:41 + colab --auth=adc stop -s fm-socrates
2026-09-05 12:47:45 + colab --auth=adc new -s fm-socrates --gpu T4
2026-09-05 12:47:47 se Body: {response.text}")           │
│   195 │   │   if not response.ok:                                            │
│ ❱ 196 │   │   │   raise ColabRequestError(                                   │
│   197 │   │   │   │   f"Failed to issue request {method} {endpoint}:         │
│       {response.reason}",                                                    │
│   198 │   │   │   │   request=response.request,                              │
│   199 │   │   │   │   response=response,                                     │
╰──────────────────────────────────────────────────────────────────────────────╯
ColabRequestError: Failed to issue request POST 
https://colab.research.google.com/tun/m/assign?nbh=db44edb5_8e95_47ac_bf4d_306e2
8adac32........&variant=GPU&accelerator=T4: Service Unavailable

2026-09-05 12:47:47 fm-socrates: assign T4 flaky — backoff 15s
2026-09-05 12:48:02 + colab --auth=adc new -s fm-socrates --gpu L4
2026-09-05 12:48:03 [colab] Creating session 'fm-socrates'...
[colab] Backend rejected accelerator 'L4'. You may not have quota or entitlement for this accelerator on your account. Try a different one (e.g. --gpu T4) or omit --gpu/--tpu for a CPU runtime.

2026-09-05 12:48:03 fm-socrates: L4 unavailable — trying next
2026-09-05 12:48:05 + colab --auth=adc new -s fm-socrates --gpu T4
2026-09-05 12:48:06 se Body: {response.text}")           │
│   195 │   │   if not response.ok:                                            │
│ ❱ 196 │   │   │   raise ColabRequestError(                                   │
│   197 │   │   │   │   f"Failed to issue request {method} {endpoint}:         │
│       {response.reason}",                                                    │
│   198 │   │   │   │   request=response.request,                              │
│   199 │   │   │   │   response=response,                                     │
╰──────────────────────────────────────────────────────────────────────────────╯
ColabRequestError: Failed to issue request POST 
https://colab.research.google.com/tun/m/assign?nbh=404acb46_bcee_4b52_be2b_3dea7
4d88e6a........&variant=GPU&accelerator=T4: Service Unavailable

2026-09-05 12:48:06 fm-socrates: assign T4 flaky — backoff 45s
2026-09-05 12:48:52 + colab --auth=adc new -s fm-socrates --gpu L4
2026-09-05 12:48:53 [colab] Creating session 'fm-socrates'...
[colab] Backend rejected accelerator 'L4'. You may not have quota or entitlement for this accelerator on your account. Try a different one (e.g. --gpu T4) or omit --gpu/--tpu for a CPU runtime.

2026-09-05 12:48:53 fm-socrates: L4 unavailable — trying next
2026-09-05 12:48:55 + colab --auth=adc new -s fm-socrates --gpu T4
2026-09-05 12:48:56 se Body: {response.text}")           │
│   195 │   │   if not response.ok:                                            │
│ ❱ 196 │   │   │   raise ColabRequestError(                                   │
│   197 │   │   │   │   f"Failed to issue request {method} {endpoint}:         │
│       {response.reason}",                                                    │
│   198 │   │   │   │   request=response.request,                              │
│   199 │   │   │   │   response=response,                                     │
╰──────────────────────────────────────────────────────────────────────────────╯
ColabRequestError: Failed to issue request POST 
https://colab.research.google.com/tun/m/assign?nbh=bc485dd6_1c90_411b_a361_d3513
6a3722b........&variant=GPU&accelerator=T4: Service Unavailable

2026-09-05 12:48:56 fm-socrates: assign T4 flaky — backoff 60s
2026-09-05 12:49:56 + colab --auth=adc new -s fm-socrates --gpu L4
2026-09-05 12:49:58 [colab] Creating session 'fm-socrates'...
[colab] Backend rejected accelerator 'L4'. You may not have quota or entitlement for this accelerator on your account. Try a different one (e.g. --gpu T4) or omit --gpu/--tpu for a CPU runtime.

2026-09-05 12:49:58 fm-socrates: L4 unavailable — trying next
2026-09-05 12:50:00 fm-socrates: give up this poll after 6 attempts
2026-09-05 12:50:00 socrates: no session this poll — skip
2026-09-05 12:50:00 + colab --auth=adc download -s fm-minitaur /content/fm_baselines/results/minitaur/SUMMARY.json /Users/shreyaspatel/Desktop/Code/UserSim/results/fm_baselines/minitaur/SUMMARY.json
2026-09-05 12:50:01 + colab --auth=adc download -s fm-minitaur /content/fm_baselines/results/minitaur/SUMMARY.json /Users/shreyaspatel/Desktop/Code/UserSim/results/fm_baselines/minitaur/SUMMARY.json
2026-09-05 12:50:01 + colab --auth=adc status -s fm-minitaur
2026-09-05 12:50:02 + colab --auth=adc sessions
2026-09-05 12:50:02 fm-minitaur unhealthy — respawning
2026-09-05 12:50:02 + colab --auth=adc stop -s fm-minitaur
2026-09-05 12:50:07 + colab --auth=adc new -s fm-minitaur --gpu T4
2026-09-05 12:50:08 se Body: {response.text}")           │
│   195 │   │   if not response.ok:                                            │
│ ❱ 196 │   │   │   raise ColabRequestError(                                   │
│   197 │   │   │   │   f"Failed to issue request {method} {endpoint}:         │
│       {response.reason}",                                                    │
│   198 │   │   │   │   request=response.request,                              │
│   199 │   │   │   │   response=response,                                     │
╰──────────────────────────────────────────────────────────────────────────────╯
ColabRequestError: Failed to issue request POST 
https://colab.research.google.com/tun/m/assign?nbh=62ee044f_40bc_4c9a_9f92_61d14
b85cbf5........&variant=GPU&accelerator=T4: Service Unavailable

2026-09-05 12:50:08 fm-minitaur: assign T4 flaky — backoff 15s
2026-09-05 12:50:23 + colab --auth=adc new -s fm-minitaur --gpu L4
2026-09-05 12:50:24 [colab] Creating session 'fm-minitaur'...
[colab] Backend rejected accelerator 'L4'. You may not have quota or entitlement for this accelerator on your account. Try a different one (e.g. --gpu T4) or omit --gpu/--tpu for a CPU runtime.

2026-09-05 12:50:24 fm-minitaur: L4 unavailable — trying next
2026-09-05 12:50:26 + colab --auth=adc new -s fm-minitaur --gpu T4
2026-09-05 12:50:28 se Body: {response.text}")           │
│   195 │   │   if not response.ok:                                            │
│ ❱ 196 │   │   │   raise ColabRequestError(                                   │
│   197 │   │   │   │   f"Failed to issue request {method} {endpoint}:         │
│       {response.reason}",                                                    │
│   198 │   │   │   │   request=response.request,                              │
│   199 │   │   │   │   response=response,                                     │
╰──────────────────────────────────────────────────────────────────────────────╯
ColabRequestError: Failed to issue request POST 
https://colab.research.google.com/tun/m/assign?nbh=2db087ae_e5b8_46e6_bc8c_dafd4
c5abae3........&variant=GPU&accelerator=T4: Service Unavailable

2026-09-05 12:50:28 fm-minitaur: assign T4 flaky — backoff 45s
2026-09-05 12:50:58 SUPERVISOR_START jobs=['socrates', 'minitaur']
2026-09-05 12:50:58 + colab --auth=adc download -s fm-socrates /content/fm_baselines/results/socrates/SUMMARY.json /Users/shreyaspatel/Desktop/Code/UserSim/results/fm_baselines/socrates/SUMMARY.json
2026-09-05 12:50:58 + colab --auth=adc download -s fm-socrates /content/fm_baselines/results/socrates/SUMMARY.json /Users/shreyaspatel/Desktop/Code/UserSim/results/fm_baselines/socrates/SUMMARY.json
2026-09-05 12:50:59 + colab --auth=adc status -s fm-socrates
2026-09-05 12:50:59 + colab --auth=adc sessions
2026-09-05 12:51:00 fm-socrates unhealthy — respawning
2026-09-05 12:51:00 + colab --auth=adc stop -s fm-socrates
2026-09-05 12:51:04 + colab --auth=adc new -s fm-socrates --gpu T4
2026-09-05 12:51:06 se Body: {response.text}")           │
│   195 │   │   if not response.ok:                                            │
│ ❱ 196 │   │   │   raise ColabRequestError(                                   │
│   197 │   │   │   │   f"Failed to issue request {method} {endpoint}:         │
│       {response.reason}",                                                    │
│   198 │   │   │   │   request=response.request,                              │
│   199 │   │   │   │   response=response,                                     │
╰──────────────────────────────────────────────────────────────────────────────╯
ColabRequestError: Failed to issue request POST 
https://colab.research.google.com/tun/m/assign?nbh=ed4c3dff_6544_44bf_8c53_86887
5f82a71........&variant=GPU&accelerator=T4: Service Unavailable

2026-09-05 12:51:06 fm-socrates: assign T4 flaky — retry in 30s
2026-09-05 12:51:36 + colab --auth=adc new -s fm-socrates --gpu L4
2026-09-05 12:51:42 [colab] Creating session 'fm-socrates'...
[colab] Backend rejected accelerator 'L4'. You may not have quota or entitlement for this accelerator on your account. Try a different one (e.g. --gpu T4) or omit --gpu/--tpu for a CPU runtime.

2026-09-05 12:51:42 fm-socrates: L4 unavailable — trying next
2026-09-05 12:51:44 + colab --auth=adc new -s fm-socrates --gpu T4
2026-09-05 12:51:52 se Body: {response.text}")           │
│   195 │   │   if not response.ok:                                            │
│ ❱ 196 │   │   │   raise ColabRequestError(                                   │
│   197 │   │   │   │   f"Failed to issue request {method} {endpoint}:         │
│       {response.reason}",                                                    │
│   198 │   │   │   │   request=response.request,                              │
│   199 │   │   │   │   response=response,                                     │
╰──────────────────────────────────────────────────────────────────────────────╯
ColabRequestError: Failed to issue request POST 
https://colab.research.google.com/tun/m/assign?nbh=89d6e344_9eb8_4d2f_82a4_b46e1
cccaef4........&variant=GPU&accelerator=T4: Service Unavailable

2026-09-05 12:51:52 fm-socrates: assign T4 flaky — retry in 30s
2026-09-05 12:52:23 + colab --auth=adc new -s fm-socrates --gpu L4
2026-09-05 12:52:25 [colab] Creating session 'fm-socrates'...
[colab] Backend rejected accelerator 'L4'. You may not have quota or entitlement for this accelerator on your account. Try a different one (e.g. --gpu T4) or omit --gpu/--tpu for a CPU runtime.

2026-09-05 12:52:25 fm-socrates: L4 unavailable — trying next
2026-09-05 12:52:27 + colab --auth=adc new -s fm-socrates --gpu T4
2026-09-05 12:52:35 se Body: {response.text}")           │
│   195 │   │   if not response.ok:                                            │
│ ❱ 196 │   │   │   raise ColabRequestError(                                   │
│   197 │   │   │   │   f"Failed to issue request {method} {endpoint}:         │
│       {response.reason}",                                                    │
│   198 │   │   │   │   request=response.request,                              │
│   199 │   │   │   │   response=response,                                     │
╰──────────────────────────────────────────────────────────────────────────────╯
ColabRequestError: Failed to issue request POST 
https://colab.research.google.com/tun/m/assign?nbh=c3671160_c81c_4817_9f7a_b1835
3e83a8a........&variant=GPU&accelerator=T4: Service Unavailable

2026-09-05 12:52:35 fm-socrates: assign T4 flaky — retry in 30s
2026-09-05 12:53:05 + colab --auth=adc new -s fm-socrates --gpu L4
2026-09-05 12:53:06 [colab] Creating session 'fm-socrates'...
[colab] Backend rejected accelerator 'L4'. You may not have quota or entitlement for this accelerator on your account. Try a different one (e.g. --gpu T4) or omit --gpu/--tpu for a CPU runtime.

2026-09-05 12:53:06 fm-socrates: L4 unavailable — trying next
2026-09-05 12:53:08 + colab --auth=adc new -s fm-socrates --gpu T4
2026-09-05 12:53:10 se Body: {response.text}")           │
│   195 │   │   if not response.ok:                                            │
│ ❱ 196 │   │   │   raise ColabRequestError(                                   │
│   197 │   │   │   │   f"Failed to issue request {method} {endpoint}:         │
│       {response.reason}",                                                    │
│   198 │   │   │   │   request=response.request,                              │
│   199 │   │   │   │   response=response,                                     │
╰──────────────────────────────────────────────────────────────────────────────╯
ColabRequestError: Failed to issue request POST 
https://colab.research.google.com/tun/m/assign?nbh=ed397051_9e3e_41bc_801c_8b0f5
66e76d8........&variant=GPU&accelerator=T4: Service Unavailable

2026-09-05 12:53:10 fm-socrates: assign T4 flaky — retry in 30s
2026-09-05 12:53:40 + colab --auth=adc new -s fm-socrates --gpu L4
2026-09-05 12:53:42 [colab] Creating session 'fm-socrates'...
[colab] Backend rejected accelerator 'L4'. You may not have quota or entitlement for this accelerator on your account. Try a different one (e.g. --gpu T4) or omit --gpu/--tpu for a CPU runtime.

2026-09-05 12:53:42 fm-socrates: L4 unavailable — trying next
2026-09-05 12:53:44 + colab --auth=adc new -s fm-socrates --gpu T4
2026-09-05 12:53:47 se Body: {response.text}")           │
│   195 │   │   if not response.ok:                                            │
│ ❱ 196 │   │   │   raise ColabRequestError(                                   │
│   197 │   │   │   │   f"Failed to issue request {method} {endpoint}:         │
│       {response.reason}",                                                    │
│   198 │   │   │   │   request=response.request,                              │
│   199 │   │   │   │   response=response,                                     │
╰──────────────────────────────────────────────────────────────────────────────╯
ColabRequestError: Failed to issue request POST 
https://colab.research.google.com/tun/m/assign?nbh=98df559a_d032_4597_8ecd_3f4df
a6b4448........&variant=GPU&accelerator=T4: Service Unavailable

2026-09-05 12:53:47 fm-socrates: assign T4 flaky — retry in 30s
2026-09-05 12:54:17 + colab --auth=adc new -s fm-socrates --gpu L4
2026-09-05 12:54:19 [colab] Creating session 'fm-socrates'...
[colab] Backend rejected accelerator 'L4'. You may not have quota or entitlement for this accelerator on your account. Try a different one (e.g. --gpu T4) or omit --gpu/--tpu for a CPU runtime.

2026-09-05 12:54:19 fm-socrates: L4 unavailable — trying next
2026-09-05 12:54:21 + colab --auth=adc new -s fm-socrates --gpu T4
2026-09-05 12:54:22 se Body: {response.text}")           │
│   195 │   │   if not response.ok:                                            │
│ ❱ 196 │   │   │   raise ColabRequestError(                                   │
│   197 │   │   │   │   f"Failed to issue request {method} {endpoint}:         │
│       {response.reason}",                                                    │
│   198 │   │   │   │   request=response.request,                              │
│   199 │   │   │   │   response=response,                                     │
╰──────────────────────────────────────────────────────────────────────────────╯
ColabRequestError: Failed to issue request POST 
https://colab.research.google.com/tun/m/assign?nbh=3804d836_b6a8_4a1f_b32d_7b33e
4e444ae........&variant=GPU&accelerator=T4: Service Unavailable

2026-09-05 12:54:22 fm-socrates: assign T4 flaky — retry in 30s
2026-09-05 12:54:52 + colab --auth=adc new -s fm-socrates --gpu L4
2026-09-05 12:54:53 [colab] Creating session 'fm-socrates'...
[colab] Backend rejected accelerator 'L4'. You may not have quota or entitlement for this accelerator on your account. Try a different one (e.g. --gpu T4) or omit --gpu/--tpu for a CPU runtime.

2026-09-05 12:54:53 fm-socrates: L4 unavailable — trying next
2026-09-05 12:54:55 + colab --auth=adc new -s fm-socrates --gpu T4
2026-09-05 12:54:57 se Body: {response.text}")           │
│   195 │   │   if not response.ok:                                            │
│ ❱ 196 │   │   │   raise ColabRequestError(                                   │
│   197 │   │   │   │   f"Failed to issue request {method} {endpoint}:         │
│       {response.reason}",                                                    │
│   198 │   │   │   │   request=response.request,                              │
│   199 │   │   │   │   response=response,                                     │
╰──────────────────────────────────────────────────────────────────────────────╯
ColabRequestError: Failed to issue request POST 
https://colab.research.google.com/tun/m/assign?nbh=83f8d015_eb8b_4592_a1ec_a682c
3cc520a........&variant=GPU&accelerator=T4: Service Unavailable

2026-09-05 12:54:57 fm-socrates: assign T4 flaky — retry in 30s
2026-09-05 12:55:27 + colab --auth=adc new -s fm-socrates --gpu L4
2026-09-05 12:55:28 [colab] Creating session 'fm-socrates'...
[colab] Backend rejected accelerator 'L4'. You may not have quota or entitlement for this accelerator on your account. Try a different one (e.g. --gpu T4) or omit --gpu/--tpu for a CPU runtime.

2026-09-05 12:55:28 fm-socrates: L4 unavailable — trying next
2026-09-05 12:55:30 + colab --auth=adc new -s fm-socrates --gpu T4
2026-09-05 12:55:31 se Body: {response.text}")           │
│   195 │   │   if not response.ok:                                            │
│ ❱ 196 │   │   │   raise ColabRequestError(                                   │
│   197 │   │   │   │   f"Failed to issue request {method} {endpoint}:         │
│       {response.reason}",                                                    │
│   198 │   │   │   │   request=response.request,                              │
│   199 │   │   │   │   response=response,                                     │
╰──────────────────────────────────────────────────────────────────────────────╯
ColabRequestError: Failed to issue request POST 
https://colab.research.google.com/tun/m/assign?nbh=d544567d_2648_46c4_a8c2_ec27f
84cf20c........&variant=GPU&accelerator=T4: Service Unavailable

2026-09-05 12:55:31 fm-socrates: assign T4 flaky — retry in 30s
2026-09-05 12:56:02 + colab --auth=adc new -s fm-socrates --gpu L4
2026-09-05 12:56:03 [colab] Creating session 'fm-socrates'...
[colab] Backend rejected accelerator 'L4'. You may not have quota or entitlement for this accelerator on your account. Try a different one (e.g. --gpu T4) or omit --gpu/--tpu for a CPU runtime.

2026-09-05 12:56:03 fm-socrates: L4 unavailable — trying next
2026-09-05 12:56:05 + colab --auth=adc new -s fm-socrates --gpu T4
2026-09-05 12:56:06 se Body: {response.text}")           │
│   195 │   │   if not response.ok:                                            │
│ ❱ 196 │   │   │   raise ColabRequestError(                                   │
│   197 │   │   │   │   f"Failed to issue request {method} {endpoint}:         │
│       {response.reason}",                                                    │
│   198 │   │   │   │   request=response.request,                              │
│   199 │   │   │   │   response=response,                                     │
╰──────────────────────────────────────────────────────────────────────────────╯
ColabRequestError: Failed to issue request POST 
https://colab.research.google.com/tun/m/assign?nbh=805793e5_7b3e_40cb_9823_b142d
7691af3........&variant=GPU&accelerator=T4: Service Unavailable

2026-09-05 12:56:06 fm-socrates: assign T4 flaky — retry in 30s
2026-09-05 12:56:36 + colab --auth=adc new -s fm-socrates --gpu L4
2026-09-05 12:56:40 [colab] Creating session 'fm-socrates'...
[colab] Backend rejected accelerator 'L4'. You may not have quota or entitlement for this accelerator on your account. Try a different one (e.g. --gpu T4) or omit --gpu/--tpu for a CPU runtime.

2026-09-05 12:56:40 fm-socrates: L4 unavailable — trying next
2026-09-05 12:56:42 + colab --auth=adc new -s fm-socrates --gpu T4
2026-09-05 12:56:44 se Body: {response.text}")           │
│   195 │   │   if not response.ok:                                            │
│ ❱ 196 │   │   │   raise ColabRequestError(                                   │
│   197 │   │   │   │   f"Failed to issue request {method} {endpoint}:         │
│       {response.reason}",                                                    │
│   198 │   │   │   │   request=response.request,                              │
│   199 │   │   │   │   response=response,                                     │
╰──────────────────────────────────────────────────────────────────────────────╯
ColabRequestError: Failed to issue request POST 
https://colab.research.google.com/tun/m/assign?nbh=2c0b4435_1e4b_48fa_8ea7_5b78e
482a7d7........&variant=GPU&accelerator=T4: Service Unavailable

2026-09-05 12:56:44 fm-socrates: assign T4 flaky — retry in 30s
2026-09-05 12:57:14 + colab --auth=adc new -s fm-socrates --gpu L4
2026-09-05 12:57:25 [colab] Creating session 'fm-socrates'...
[colab] Backend rejected accelerator 'L4'. You may not have quota or entitlement for this accelerator on your account. Try a different one (e.g. --gpu T4) or omit --gpu/--tpu for a CPU runtime.

2026-09-05 12:57:25 fm-socrates: L4 unavailable — trying next
2026-09-05 12:57:27 + colab --auth=adc new -s fm-socrates --gpu T4
2026-09-05 12:57:42 se Body: {response.text}")           │
│   195 │   │   if not response.ok:                                            │
│ ❱ 196 │   │   │   raise ColabRequestError(                                   │
│   197 │   │   │   │   f"Failed to issue request {method} {endpoint}:         │
│       {response.reason}",                                                    │
│   198 │   │   │   │   request=response.request,                              │
│   199 │   │   │   │   response=response,                                     │
╰──────────────────────────────────────────────────────────────────────────────╯
ColabRequestError: Failed to issue request POST 
https://colab.research.google.com/tun/m/assign?nbh=b99d7e34_32b9_4ed7_86a0_76d6b
489c52d........&variant=GPU&accelerator=T4: Service Unavailable

2026-09-05 12:57:42 fm-socrates: assign T4 flaky — retry in 30s
2026-09-05 12:58:12 + colab --auth=adc new -s fm-socrates --gpu L4
2026-09-05 12:58:19 [colab] Creating session 'fm-socrates'...
[colab] Backend rejected accelerator 'L4'. You may not have quota or entitlement for this accelerator on your account. Try a different one (e.g. --gpu T4) or omit --gpu/--tpu for a CPU runtime.

2026-09-05 12:58:19 fm-socrates: L4 unavailable — trying next
2026-09-05 12:58:21 + colab --auth=adc new -s fm-socrates --gpu T4
2026-09-05 12:58:23 se Body: {response.text}")           │
│   195 │   │   if not response.ok:                                            │
│ ❱ 196 │   │   │   raise ColabRequestError(                                   │
│   197 │   │   │   │   f"Failed to issue request {method} {endpoint}:         │
│       {response.reason}",                                                    │
│   198 │   │   │   │   request=response.request,                              │
│   199 │   │   │   │   response=response,                                     │
╰──────────────────────────────────────────────────────────────────────────────╯
ColabRequestError: Failed to issue request POST 
https://colab.research.google.com/tun/m/assign?nbh=ebfce5b6_fa4c_41a2_a5a0_2de08
347b6a0........&variant=GPU&accelerator=T4: Service Unavailable

2026-09-05 12:58:23 fm-socrates: assign T4 flaky — retry in 30s
2026-09-05 12:58:53 + colab --auth=adc new -s fm-socrates --gpu L4
2026-09-05 12:58:56 [colab] Creating session 'fm-socrates'...
[colab] Backend rejected accelerator 'L4'. You may not have quota or entitlement for this accelerator on your account. Try a different one (e.g. --gpu T4) or omit --gpu/--tpu for a CPU runtime.

2026-09-05 12:58:56 fm-socrates: L4 unavailable — trying next
2026-09-05 12:58:58 + colab --auth=adc new -s fm-socrates --gpu T4
2026-09-05 12:59:09 se Body: {response.text}")           │
│   195 │   │   if not response.ok:                                            │
│ ❱ 196 │   │   │   raise ColabRequestError(                                   │
│   197 │   │   │   │   f"Failed to issue request {method} {endpoint}:         │
│       {response.reason}",                                                    │
│   198 │   │   │   │   request=response.request,                              │
│   199 │   │   │   │   response=response,                                     │
╰──────────────────────────────────────────────────────────────────────────────╯
ColabRequestError: Failed to issue request POST 
https://colab.research.google.com/tun/m/assign?nbh=fb8dad75_1848_4d41_9489_e7d50
b05df63........&variant=GPU&accelerator=T4: Service Unavailable

2026-09-05 12:59:09 fm-socrates: assign T4 flaky — retry in 30s
2026-09-05 12:59:39 + colab --auth=adc new -s fm-socrates --gpu L4
2026-09-05 12:59:43 [colab] Creating session 'fm-socrates'...
[colab] Backend rejected accelerator 'L4'. You may not have quota or entitlement for this accelerator on your account. Try a different one (e.g. --gpu T4) or omit --gpu/--tpu for a CPU runtime.

2026-09-05 12:59:43 fm-socrates: L4 unavailable — trying next
2026-09-05 12:59:45 + colab --auth=adc new -s fm-socrates --gpu T4
2026-09-05 12:59:50 se Body: {response.text}")           │
│   195 │   │   if not response.ok:                                            │
│ ❱ 196 │   │   │   raise ColabRequestError(                                   │
│   197 │   │   │   │   f"Failed to issue request {method} {endpoint}:         │
│       {response.reason}",                                                    │
│   198 │   │   │   │   request=response.request,                              │
│   199 │   │   │   │   response=response,                                     │
╰──────────────────────────────────────────────────────────────────────────────╯
ColabRequestError: Failed to issue request POST 
https://colab.research.google.com/tun/m/assign?nbh=c0255246_bd21_4665_b8c7_67bb9
fb16b6b........&variant=GPU&accelerator=T4: Service Unavailable

2026-09-05 12:59:50 fm-socrates: assign T4 flaky — retry in 30s
2026-09-05 13:00:20 + colab --auth=adc new -s fm-socrates --gpu L4
2026-09-05 13:00:25 [colab] Creating session 'fm-socrates'...
[colab] Backend rejected accelerator 'L4'. You may not have quota or entitlement for this accelerator on your account. Try a different one (e.g. --gpu T4) or omit --gpu/--tpu for a CPU runtime.

2026-09-05 13:00:25 fm-socrates: L4 unavailable — trying next
2026-09-05 13:00:27 + colab --auth=adc new -s fm-socrates --gpu T4
2026-09-05 13:00:33 se Body: {response.text}")           │
│   195 │   │   if not response.ok:                                            │
│ ❱ 196 │   │   │   raise ColabRequestError(                                   │
│   197 │   │   │   │   f"Failed to issue request {method} {endpoint}:         │
│       {response.reason}",                                                    │
│   198 │   │   │   │   request=response.request,                              │
│   199 │   │   │   │   response=response,                                     │
╰──────────────────────────────────────────────────────────────────────────────╯
ColabRequestError: Failed to issue request POST 
https://colab.research.google.com/tun/m/assign?nbh=9b64a453_b74a_4f32_81ae_0bd33
921ce89........&variant=GPU&accelerator=T4: Service Unavailable

2026-09-05 13:00:33 fm-socrates: assign T4 flaky — retry in 30s
2026-09-05 13:01:03 + colab --auth=adc new -s fm-socrates --gpu L4
2026-09-05 13:01:08 [colab] Creating session 'fm-socrates'...
[colab] Backend rejected accelerator 'L4'. You may not have quota or entitlement for this accelerator on your account. Try a different one (e.g. --gpu T4) or omit --gpu/--tpu for a CPU runtime.

2026-09-05 13:01:08 fm-socrates: L4 unavailable — trying next
2026-09-05 13:01:10 + colab --auth=adc new -s fm-socrates --gpu T4
2026-09-05 13:01:12 se Body: {response.text}")           │
│   195 │   │   if not response.ok:                                            │
│ ❱ 196 │   │   │   raise ColabRequestError(                                   │
│   197 │   │   │   │   f"Failed to issue request {method} {endpoint}:         │
│       {response.reason}",                                                    │
│   198 │   │   │   │   request=response.request,                              │
│   199 │   │   │   │   response=response,                                     │
╰──────────────────────────────────────────────────────────────────────────────╯
ColabRequestError: Failed to issue request POST 
https://colab.research.google.com/tun/m/assign?nbh=6ba37df3_fd5d_4ca1_95a9_f81dd
1c4f1b7........&variant=GPU&accelerator=T4: Service Unavailable

2026-09-05 13:01:12 fm-socrates: assign T4 flaky — retry in 30s
2026-09-05 13:01:42 + colab --auth=adc new -s fm-socrates --gpu L4
2026-09-05 13:01:44 [colab] Creating session 'fm-socrates'...
[colab] Backend rejected accelerator 'L4'. You may not have quota or entitlement for this accelerator on your account. Try a different one (e.g. --gpu T4) or omit --gpu/--tpu for a CPU runtime.

2026-09-05 13:01:44 fm-socrates: L4 unavailable — trying next
2026-09-05 13:01:46 + colab --auth=adc new -s fm-socrates --gpu T4
2026-09-05 13:01:47 se Body: {response.text}")           │
│   195 │   │   if not response.ok:                                            │
│ ❱ 196 │   │   │   raise ColabRequestError(                                   │
│   197 │   │   │   │   f"Failed to issue request {method} {endpoint}:         │
│       {response.reason}",                                                    │
│   198 │   │   │   │   request=response.request,                              │
│   199 │   │   │   │   response=response,                                     │
╰──────────────────────────────────────────────────────────────────────────────╯
ColabRequestError: Failed to issue request POST 
https://colab.research.google.com/tun/m/assign?nbh=c655d043_f418_4487_8764_4a0d3
d387b0a........&variant=GPU&accelerator=T4: Service Unavailable

2026-09-05 13:01:47 fm-socrates: assign T4 flaky — retry in 30s
2026-09-05 13:02:17 + colab --auth=adc new -s fm-socrates --gpu L4
2026-09-05 13:02:19 [colab] Creating session 'fm-socrates'...
[colab] Backend rejected accelerator 'L4'. You may not have quota or entitlement for this accelerator on your account. Try a different one (e.g. --gpu T4) or omit --gpu/--tpu for a CPU runtime.

2026-09-05 13:02:19 fm-socrates: L4 unavailable — trying next
2026-09-05 13:02:21 + colab --auth=adc new -s fm-socrates --gpu T4
2026-09-05 13:02:22 se Body: {response.text}")           │
│   195 │   │   if not response.ok:                                            │
│ ❱ 196 │   │   │   raise ColabRequestError(                                   │
│   197 │   │   │   │   f"Failed to issue request {method} {endpoint}:         │
│       {response.reason}",                                                    │
│   198 │   │   │   │   request=response.request,                              │
│   199 │   │   │   │   response=response,                                     │
╰──────────────────────────────────────────────────────────────────────────────╯
ColabRequestError: Failed to issue request POST 
https://colab.research.google.com/tun/m/assign?nbh=52d856c5_59bb_47c4_a4c3_07aed
a66653a........&variant=GPU&accelerator=T4: Service Unavailable

2026-09-05 13:02:22 fm-socrates: assign T4 flaky — retry in 30s
2026-09-05 13:02:52 + colab --auth=adc new -s fm-socrates --gpu L4
2026-09-05 13:02:53 [colab] Creating session 'fm-socrates'...
[colab] Backend rejected accelerator 'L4'. You may not have quota or entitlement for this accelerator on your account. Try a different one (e.g. --gpu T4) or omit --gpu/--tpu for a CPU runtime.

2026-09-05 13:02:53 fm-socrates: L4 unavailable — trying next
2026-09-05 13:02:55 + colab --auth=adc new -s fm-socrates --gpu T4
2026-09-05 13:02:57 se Body: {response.text}")           │
│   195 │   │   if not response.ok:                                            │
│ ❱ 196 │   │   │   raise ColabRequestError(                                   │
│   197 │   │   │   │   f"Failed to issue request {method} {endpoint}:         │
│       {response.reason}",                                                    │
│   198 │   │   │   │   request=response.request,                              │
│   199 │   │   │   │   response=response,                                     │
╰──────────────────────────────────────────────────────────────────────────────╯
ColabRequestError: Failed to issue request POST 
https://colab.research.google.com/tun/m/assign?nbh=ddcec12a_0d9b_413a_81d7_3d712
8c14c30........&variant=GPU&accelerator=T4: Service Unavailable

2026-09-05 13:02:57 fm-socrates: assign T4 flaky — retry in 30s
2026-09-05 13:03:27 + colab --auth=adc new -s fm-socrates --gpu L4
2026-09-05 13:03:29 [colab] Creating session 'fm-socrates'...
[colab] Backend rejected accelerator 'L4'. You may not have quota or entitlement for this accelerator on your account. Try a different one (e.g. --gpu T4) or omit --gpu/--tpu for a CPU runtime.

2026-09-05 13:03:29 fm-socrates: L4 unavailable — trying next
2026-09-05 13:03:31 + colab --auth=adc new -s fm-socrates --gpu T4
2026-09-05 13:03:32 se Body: {response.text}")           │
│   195 │   │   if not response.ok:                                            │
│ ❱ 196 │   │   │   raise ColabRequestError(                                   │
│   197 │   │   │   │   f"Failed to issue request {method} {endpoint}:         │
│       {response.reason}",                                                    │
│   198 │   │   │   │   request=response.request,                              │
│   199 │   │   │   │   response=response,                                     │
╰──────────────────────────────────────────────────────────────────────────────╯
ColabRequestError: Failed to issue request POST 
https://colab.research.google.com/tun/m/assign?nbh=b87f9400_bb93_4d71_a800_5440d
d23786a........&variant=GPU&accelerator=T4: Service Unavailable

2026-09-05 13:03:32 fm-socrates: assign T4 flaky — retry in 30s
2026-09-05 13:04:02 + colab --auth=adc new -s fm-socrates --gpu L4
2026-09-05 13:04:07 [colab] Creating session 'fm-socrates'...
[colab] Backend rejected accelerator 'L4'. You may not have quota or entitlement for this accelerator on your account. Try a different one (e.g. --gpu T4) or omit --gpu/--tpu for a CPU runtime.

2026-09-05 13:04:07 fm-socrates: L4 unavailable — trying next
2026-09-05 13:04:09 + colab --auth=adc new -s fm-socrates --gpu T4
2026-09-05 13:04:23 se Body: {response.text}")           │
│   195 │   │   if not response.ok:                                            │
│ ❱ 196 │   │   │   raise ColabRequestError(                                   │
│   197 │   │   │   │   f"Failed to issue request {method} {endpoint}:         │
│       {response.reason}",                                                    │
│   198 │   │   │   │   request=response.request,                              │
│   199 │   │   │   │   response=response,                                     │
╰──────────────────────────────────────────────────────────────────────────────╯
ColabRequestError: Failed to issue request POST 
https://colab.research.google.com/tun/m/assign?nbh=23bd8a23_803e_46ce_a728_24be1
bd85814........&variant=GPU&accelerator=T4: Service Unavailable

2026-09-05 13:04:23 fm-socrates: assign T4 flaky — retry in 30s
2026-09-05 13:04:53 + colab --auth=adc new -s fm-socrates --gpu L4
2026-09-05 13:04:54 [colab] Creating session 'fm-socrates'...
[colab] Backend rejected accelerator 'L4'. You may not have quota or entitlement for this accelerator on your account. Try a different one (e.g. --gpu T4) or omit --gpu/--tpu for a CPU runtime.

2026-09-05 13:04:54 fm-socrates: L4 unavailable — trying next
2026-09-05 13:04:56 + colab --auth=adc new -s fm-socrates --gpu T4
2026-09-05 13:04:58 se Body: {response.text}")           │
│   195 │   │   if not response.ok:                                            │
│ ❱ 196 │   │   │   raise ColabRequestError(                                   │
│   197 │   │   │   │   f"Failed to issue request {method} {endpoint}:         │
│       {response.reason}",                                                    │
│   198 │   │   │   │   request=response.request,                              │
│   199 │   │   │   │   response=response,                                     │
╰──────────────────────────────────────────────────────────────────────────────╯
ColabRequestError: Failed to issue request POST 
https://colab.research.google.com/tun/m/assign?nbh=c4fa46b4_30e0_42a1_a202_5a157
750577f........&variant=GPU&accelerator=T4: Service Unavailable

2026-09-05 13:04:58 fm-socrates: assign T4 flaky — retry in 30s
2026-09-05 13:05:28 + colab --auth=adc new -s fm-socrates --gpu L4
2026-09-05 13:05:29 [colab] Creating session 'fm-socrates'...
[colab] Backend rejected accelerator 'L4'. You may not have quota or entitlement for this accelerator on your account. Try a different one (e.g. --gpu T4) or omit --gpu/--tpu for a CPU runtime.

2026-09-05 13:05:29 fm-socrates: L4 unavailable — trying next
2026-09-05 13:05:31 + colab --auth=adc new -s fm-socrates --gpu T4
2026-09-05 13:05:35 se Body: {response.text}")           │
│   195 │   │   if not response.ok:                                            │
│ ❱ 196 │   │   │   raise ColabRequestError(                                   │
│   197 │   │   │   │   f"Failed to issue request {method} {endpoint}:         │
│       {response.reason}",                                                    │
│   198 │   │   │   │   request=response.request,                              │
│   199 │   │   │   │   response=response,                                     │
╰──────────────────────────────────────────────────────────────────────────────╯
ColabRequestError: Failed to issue request POST 
https://colab.research.google.com/tun/m/assign?nbh=506cac9b_e5c8_416b_830c_d189b
8574fce........&variant=GPU&accelerator=T4: Service Unavailable

2026-09-05 13:05:36 fm-socrates: assign T4 flaky — retry in 30s
2026-09-05 13:06:06 + colab --auth=adc new -s fm-socrates --gpu L4
2026-09-05 13:06:38 [colab] Creating session 'fm-socrates'...
[colab] Backend rejected accelerator 'L4'. You may not have quota or entitlement for this accelerator on your account. Try a different one (e.g. --gpu T4) or omit --gpu/--tpu for a CPU runtime.

2026-09-05 13:06:38 fm-socrates: L4 unavailable — trying next
2026-09-05 13:06:40 + colab --auth=adc new -s fm-socrates --gpu T4
2026-09-05 13:06:45 se Body: {response.text}")           │
│   195 │   │   if not response.ok:                                            │
│ ❱ 196 │   │   │   raise ColabRequestError(                                   │
│   197 │   │   │   │   f"Failed to issue request {method} {endpoint}:         │
│       {response.reason}",                                                    │
│   198 │   │   │   │   request=response.request,                              │
│   199 │   │   │   │   response=response,                                     │
╰──────────────────────────────────────────────────────────────────────────────╯
ColabRequestError: Failed to issue request POST 
https://colab.research.google.com/tun/m/assign?nbh=fbe786ab_e6b3_4875_a389_1ccf4
e144953........&variant=GPU&accelerator=T4: Service Unavailable

2026-09-05 13:06:45 fm-socrates: assign T4 flaky — retry in 30s
2026-09-05 13:07:15 + colab --auth=adc new -s fm-socrates --gpu L4
2026-09-05 13:07:16 [colab] Creating session 'fm-socrates'...
[colab] Backend rejected accelerator 'L4'. You may not have quota or entitlement for this accelerator on your account. Try a different one (e.g. --gpu T4) or omit --gpu/--tpu for a CPU runtime.

2026-09-05 13:07:16 fm-socrates: L4 unavailable — trying next
2026-09-05 13:07:18 + colab --auth=adc new -s fm-socrates --gpu T4
2026-09-05 13:07:19 se Body: {response.text}")           │
│   195 │   │   if not response.ok:                                            │
│ ❱ 196 │   │   │   raise ColabRequestError(                                   │
│   197 │   │   │   │   f"Failed to issue request {method} {endpoint}:         │
│       {response.reason}",                                                    │
│   198 │   │   │   │   request=response.request,                              │
│   199 │   │   │   │   response=response,                                     │
╰──────────────────────────────────────────────────────────────────────────────╯
ColabRequestError: Failed to issue request POST 
https://colab.research.google.com/tun/m/assign?nbh=e8ccde6c_65bd_443a_8c03_87afd
1126777........&variant=GPU&accelerator=T4: Service Unavailable

2026-09-05 13:07:19 fm-socrates: assign T4 flaky — retry in 30s
2026-09-05 13:07:49 + colab --auth=adc new -s fm-socrates --gpu L4
2026-09-05 13:08:05 [colab] Creating session 'fm-socrates'...
[colab] Backend rejected accelerator 'L4'. You may not have quota or entitlement for this accelerator on your account. Try a different one (e.g. --gpu T4) or omit --gpu/--tpu for a CPU runtime.

2026-09-05 13:08:05 fm-socrates: L4 unavailable — trying next
2026-09-05 13:08:07 + colab --auth=adc new -s fm-socrates --gpu T4
2026-09-05 13:08:13 se Body: {response.text}")           │
│   195 │   │   if not response.ok:                                            │
│ ❱ 196 │   │   │   raise ColabRequestError(                                   │
│   197 │   │   │   │   f"Failed to issue request {method} {endpoint}:         │
│       {response.reason}",                                                    │
│   198 │   │   │   │   request=response.request,                              │
│   199 │   │   │   │   response=response,                                     │
╰──────────────────────────────────────────────────────────────────────────────╯
ColabRequestError: Failed to issue request POST 
https://colab.research.google.com/tun/m/assign?nbh=87d25d8d_26cd_49f7_b027_e58a6
2ee1942........&variant=GPU&accelerator=T4: Service Unavailable

2026-09-05 13:08:13 fm-socrates: assign T4 flaky — retry in 30s
2026-09-05 13:08:43 + colab --auth=adc new -s fm-socrates --gpu L4
2026-09-05 13:09:17 [colab] Creating session 'fm-socrates'...
[colab] Backend rejected accelerator 'L4'. You may not have quota or entitlement for this accelerator on your account. Try a different one (e.g. --gpu T4) or omit --gpu/--tpu for a CPU runtime.

2026-09-05 13:09:17 fm-socrates: L4 unavailable — trying next
2026-09-05 13:09:19 + colab --auth=adc new -s fm-socrates --gpu T4
2026-09-05 13:09:43 se Body: {response.text}")           │
│   195 │   │   if not response.ok:                                            │
│ ❱ 196 │   │   │   raise ColabRequestError(                                   │
│   197 │   │   │   │   f"Failed to issue request {method} {endpoint}:         │
│       {response.reason}",                                                    │
│   198 │   │   │   │   request=response.request,                              │
│   199 │   │   │   │   response=response,                                     │
╰──────────────────────────────────────────────────────────────────────────────╯
ColabRequestError: Failed to issue request POST 
https://colab.research.google.com/tun/m/assign?nbh=abc89bbf_c424_4d2f_9e9b_06dd2
2f4f96b........&variant=GPU&accelerator=T4: Service Unavailable

2026-09-05 13:09:43 fm-socrates: assign T4 flaky — retry in 30s
2026-09-05 13:10:14 + colab --auth=adc new -s fm-socrates --gpu L4
2026-09-05 13:10:30 [colab] Creating session 'fm-socrates'...
[colab] Backend rejected accelerator 'L4'. You may not have quota or entitlement for this accelerator on your account. Try a different one (e.g. --gpu T4) or omit --gpu/--tpu for a CPU runtime.

2026-09-05 13:10:30 fm-socrates: L4 unavailable — trying next
2026-09-05 13:10:32 + colab --auth=adc new -s fm-socrates --gpu T4
2026-09-05 13:10:43 se Body: {response.text}")           │
│   195 │   │   if not response.ok:                                            │
│ ❱ 196 │   │   │   raise ColabRequestError(                                   │
│   197 │   │   │   │   f"Failed to issue request {method} {endpoint}:         │
│       {response.reason}",                                                    │
│   198 │   │   │   │   request=response.request,                              │
│   199 │   │   │   │   response=response,                                     │
╰──────────────────────────────────────────────────────────────────────────────╯
ColabRequestError: Failed to issue request POST 
https://colab.research.google.com/tun/m/assign?nbh=69735476_dbf2_4760_badf_a64aa
bba8287........&variant=GPU&accelerator=T4: Service Unavailable

2026-09-05 13:10:43 fm-socrates: assign T4 flaky — retry in 30s
2026-09-05 13:11:14 + colab --auth=adc new -s fm-socrates --gpu L4
2026-09-05 13:11:16 [colab] Creating session 'fm-socrates'...
[colab] Backend rejected accelerator 'L4'. You may not have quota or entitlement for this accelerator on your account. Try a different one (e.g. --gpu T4) or omit --gpu/--tpu for a CPU runtime.

2026-09-05 13:11:16 fm-socrates: L4 unavailable — trying next
2026-09-05 13:11:18 + colab --auth=adc new -s fm-socrates --gpu T4
2026-09-05 13:11:19 se Body: {response.text}")           │
│   195 │   │   if not response.ok:                                            │
│ ❱ 196 │   │   │   raise ColabRequestError(                                   │
│   197 │   │   │   │   f"Failed to issue request {method} {endpoint}:         │
│       {response.reason}",                                                    │
│   198 │   │   │   │   request=response.request,                              │
│   199 │   │   │   │   response=response,                                     │
╰──────────────────────────────────────────────────────────────────────────────╯
ColabRequestError: Failed to issue request POST 
https://colab.research.google.com/tun/m/assign?nbh=89a40250_13bb_4103_81a1_da5ab
41a4b1a........&variant=GPU&accelerator=T4: Service Unavailable

2026-09-05 13:11:19 fm-socrates: assign T4 flaky — retry in 30s
2026-09-05 13:11:49 + colab --auth=adc new -s fm-socrates --gpu L4
2026-09-05 13:11:51 [colab] Creating session 'fm-socrates'...
[colab] Backend rejected accelerator 'L4'. You may not have quota or entitlement for this accelerator on your account. Try a different one (e.g. --gpu T4) or omit --gpu/--tpu for a CPU runtime.

2026-09-05 13:11:51 fm-socrates: L4 unavailable — trying next
2026-09-05 13:11:53 + colab --auth=adc new -s fm-socrates --gpu T4
2026-09-05 13:11:54 se Body: {response.text}")           │
│   195 │   │   if not response.ok:                                            │
│ ❱ 196 │   │   │   raise ColabRequestError(                                   │
│   197 │   │   │   │   f"Failed to issue request {method} {endpoint}:         │
│       {response.reason}",                                                    │
│   198 │   │   │   │   request=response.request,                              │
│   199 │   │   │   │   response=response,                                     │
╰──────────────────────────────────────────────────────────────────────────────╯
ColabRequestError: Failed to issue request POST 
https://colab.research.google.com/tun/m/assign?nbh=7d426cac_ca0c_41ee_ace9_6958a
10cc697........&variant=GPU&accelerator=T4: Service Unavailable

2026-09-05 13:11:54 fm-socrates: assign T4 flaky — retry in 30s
2026-09-05 13:12:24 + colab --auth=adc new -s fm-socrates --gpu L4
2026-09-05 13:12:26 [colab] Creating session 'fm-socrates'...
[colab] Backend rejected accelerator 'L4'. You may not have quota or entitlement for this accelerator on your account. Try a different one (e.g. --gpu T4) or omit --gpu/--tpu for a CPU runtime.

2026-09-05 13:12:26 fm-socrates: L4 unavailable — trying next
2026-09-05 13:12:28 + colab --auth=adc new -s fm-socrates --gpu T4
2026-09-05 13:12:30 se Body: {response.text}")           │
│   195 │   │   if not response.ok:                                            │
│ ❱ 196 │   │   │   raise ColabRequestError(                                   │
│   197 │   │   │   │   f"Failed to issue request {method} {endpoint}:         │
│       {response.reason}",                                                    │
│   198 │   │   │   │   request=response.request,                              │
│   199 │   │   │   │   response=response,                                     │
╰──────────────────────────────────────────────────────────────────────────────╯
ColabRequestError: Failed to issue request POST 
https://colab.research.google.com/tun/m/assign?nbh=94588d9f_467d_467a_8c99_d877a
e0d8983........&variant=GPU&accelerator=T4: Service Unavailable

2026-09-05 13:12:30 fm-socrates: assign T4 flaky — retry in 30s
2026-09-05 13:13:00 + colab --auth=adc new -s fm-socrates --gpu L4
2026-09-05 13:13:01 [colab] Creating session 'fm-socrates'...
[colab] Backend rejected accelerator 'L4'. You may not have quota or entitlement for this accelerator on your account. Try a different one (e.g. --gpu T4) or omit --gpu/--tpu for a CPU runtime.

2026-09-05 13:13:01 fm-socrates: L4 unavailable — trying next
2026-09-05 13:13:03 + colab --auth=adc new -s fm-socrates --gpu T4
2026-09-05 13:13:05 se Body: {response.text}")           │
│   195 │   │   if not response.ok:                                            │
│ ❱ 196 │   │   │   raise ColabRequestError(                                   │
│   197 │   │   │   │   f"Failed to issue request {method} {endpoint}:         │
│       {response.reason}",                                                    │
│   198 │   │   │   │   request=response.request,                              │
│   199 │   │   │   │   response=response,                                     │
╰──────────────────────────────────────────────────────────────────────────────╯
ColabRequestError: Failed to issue request POST 
https://colab.research.google.com/tun/m/assign?nbh=17ad26a4_3bc6_4176_8db4_49f75
95b644b........&variant=GPU&accelerator=T4: Service Unavailable

2026-09-05 13:13:05 fm-socrates: assign T4 flaky — retry in 30s
2026-09-05 13:13:35 + colab --auth=adc new -s fm-socrates --gpu L4
2026-09-05 13:13:36 [colab] Creating session 'fm-socrates'...
[colab] Backend rejected accelerator 'L4'. You may not have quota or entitlement for this accelerator on your account. Try a different one (e.g. --gpu T4) or omit --gpu/--tpu for a CPU runtime.

2026-09-05 13:13:36 fm-socrates: L4 unavailable — trying next
2026-09-05 13:13:38 + colab --auth=adc new -s fm-socrates --gpu T4
2026-09-05 13:13:40 se Body: {response.text}")           │
│   195 │   │   if not response.ok:                                            │
│ ❱ 196 │   │   │   raise ColabRequestError(                                   │
│   197 │   │   │   │   f"Failed to issue request {method} {endpoint}:         │
│       {response.reason}",                                                    │
│   198 │   │   │   │   request=response.request,                              │
│   199 │   │   │   │   response=response,                                     │
╰──────────────────────────────────────────────────────────────────────────────╯
ColabRequestError: Failed to issue request POST 
https://colab.research.google.com/tun/m/assign?nbh=14b2e288_59b8_4b4c_bad5_144e9
2c119ac........&variant=GPU&accelerator=T4: Service Unavailable

2026-09-05 13:13:40 fm-socrates: assign T4 flaky — retry in 30s
2026-09-05 13:14:10 + colab --auth=adc new -s fm-socrates --gpu L4
2026-09-05 13:14:28 [colab] Creating session 'fm-socrates'...
[colab] Backend rejected accelerator 'L4'. You may not have quota or entitlement for this accelerator on your account. Try a different one (e.g. --gpu T4) or omit --gpu/--tpu for a CPU runtime.

2026-09-05 13:14:28 fm-socrates: L4 unavailable — trying next
2026-09-05 13:14:30 + colab --auth=adc new -s fm-socrates --gpu T4
2026-09-05 13:14:37 se Body: {response.text}")           │
│   195 │   │   if not response.ok:                                            │
│ ❱ 196 │   │   │   raise ColabRequestError(                                   │
│   197 │   │   │   │   f"Failed to issue request {method} {endpoint}:         │
│       {response.reason}",                                                    │
│   198 │   │   │   │   request=response.request,                              │
│   199 │   │   │   │   response=response,                                     │
╰──────────────────────────────────────────────────────────────────────────────╯
ColabRequestError: Failed to issue request POST 
https://colab.research.google.com/tun/m/assign?nbh=ba736181_7688_43de_a98a_e4dd2
ba99b01........&variant=GPU&accelerator=T4: Service Unavailable

2026-09-05 13:14:37 fm-socrates: assign T4 flaky — retry in 30s
2026-09-05 13:15:07 + colab --auth=adc new -s fm-socrates --gpu L4
2026-09-05 13:15:14 [colab] Creating session 'fm-socrates'...
[colab] Backend rejected accelerator 'L4'. You may not have quota or entitlement for this accelerator on your account. Try a different one (e.g. --gpu T4) or omit --gpu/--tpu for a CPU runtime.

2026-09-05 13:15:14 fm-socrates: L4 unavailable — trying next
2026-09-05 13:15:16 + colab --auth=adc new -s fm-socrates --gpu T4
2026-09-05 13:15:23 se Body: {response.text}")           │
│   195 │   │   if not response.ok:                                            │
│ ❱ 196 │   │   │   raise ColabRequestError(                                   │
│   197 │   │   │   │   f"Failed to issue request {method} {endpoint}:         │
│       {response.reason}",                                                    │
│   198 │   │   │   │   request=response.request,                              │
│   199 │   │   │   │   response=response,                                     │
╰──────────────────────────────────────────────────────────────────────────────╯
ColabRequestError: Failed to issue request POST 
https://colab.research.google.com/tun/m/assign?nbh=682642ab_55d6_4207_949b_51b1a
f57ff20........&variant=GPU&accelerator=T4: Service Unavailable

2026-09-05 13:15:23 fm-socrates: assign T4 flaky — retry in 30s
2026-09-05 13:15:53 + colab --auth=adc new -s fm-socrates --gpu L4
2026-09-05 13:15:55 [colab] Creating session 'fm-socrates'...
[colab] Backend rejected accelerator 'L4'. You may not have quota or entitlement for this accelerator on your account. Try a different one (e.g. --gpu T4) or omit --gpu/--tpu for a CPU runtime.

2026-09-05 13:15:55 fm-socrates: L4 unavailable — trying next
2026-09-05 13:15:57 + colab --auth=adc new -s fm-socrates --gpu T4
2026-09-05 13:15:59 se Body: {response.text}")           │
│   195 │   │   if not response.ok:                                            │
│ ❱ 196 │   │   │   raise ColabRequestError(                                   │
│   197 │   │   │   │   f"Failed to issue request {method} {endpoint}:         │
│       {response.reason}",                                                    │
│   198 │   │   │   │   request=response.request,                              │
│   199 │   │   │   │   response=response,                                     │
╰──────────────────────────────────────────────────────────────────────────────╯
ColabRequestError: Failed to issue request POST 
https://colab.research.google.com/tun/m/assign?nbh=71b9cc13_d7be_4663_8f54_37f90
3aee7eb........&variant=GPU&accelerator=T4: Service Unavailable

2026-09-05 13:15:59 fm-socrates: assign T4 flaky — retry in 30s
2026-09-05 13:16:29 + colab --auth=adc new -s fm-socrates --gpu L4
2026-09-05 13:16:37 [colab] Creating session 'fm-socrates'...
[colab] Backend rejected accelerator 'L4'. You may not have quota or entitlement for this accelerator on your account. Try a different one (e.g. --gpu T4) or omit --gpu/--tpu for a CPU runtime.

2026-09-05 13:16:37 fm-socrates: L4 unavailable — trying next
2026-09-05 13:16:39 + colab --auth=adc new -s fm-socrates --gpu T4
2026-09-05 13:16:41 se Body: {response.text}")           │
│   195 │   │   if not response.ok:                                            │
│ ❱ 196 │   │   │   raise ColabRequestError(                                   │
│   197 │   │   │   │   f"Failed to issue request {method} {endpoint}:         │
│       {response.reason}",                                                    │
│   198 │   │   │   │   request=response.request,                              │
│   199 │   │   │   │   response=response,                                     │
╰──────────────────────────────────────────────────────────────────────────────╯
ColabRequestError: Failed to issue request POST 
https://colab.research.google.com/tun/m/assign?nbh=65ee32e3_ba7e_404c_b829_0b155
afbfa47........&variant=GPU&accelerator=T4: Service Unavailable

2026-09-05 13:16:41 fm-socrates: assign T4 flaky — retry in 30s
2026-09-05 13:17:11 + colab --auth=adc new -s fm-socrates --gpu L4
2026-09-05 13:17:17 [colab] Creating session 'fm-socrates'...
[colab] Backend rejected accelerator 'L4'. You may not have quota or entitlement for this accelerator on your account. Try a different one (e.g. --gpu T4) or omit --gpu/--tpu for a CPU runtime.

2026-09-05 13:17:17 fm-socrates: L4 unavailable — trying next
2026-09-05 13:17:19 + colab --auth=adc new -s fm-socrates --gpu T4
2026-09-05 13:17:21 se Body: {response.text}")           │
│   195 │   │   if not response.ok:                                            │
│ ❱ 196 │   │   │   raise ColabRequestError(                                   │
│   197 │   │   │   │   f"Failed to issue request {method} {endpoint}:         │
│       {response.reason}",                                                    │
│   198 │   │   │   │   request=response.request,                              │
│   199 │   │   │   │   response=response,                                     │
╰──────────────────────────────────────────────────────────────────────────────╯
ColabRequestError: Failed to issue request POST 
https://colab.research.google.com/tun/m/assign?nbh=59860e9c_a2e8_43c8_8d86_470c6
fdf9441........&variant=GPU&accelerator=T4: Service Unavailable

2026-09-05 13:17:21 fm-socrates: assign T4 flaky — retry in 30s
2026-09-05 13:17:51 + colab --auth=adc new -s fm-socrates --gpu L4
2026-09-05 13:17:59 [colab] Creating session 'fm-socrates'...
[colab] Backend rejected accelerator 'L4'. You may not have quota or entitlement for this accelerator on your account. Try a different one (e.g. --gpu T4) or omit --gpu/--tpu for a CPU runtime.

2026-09-05 13:17:59 fm-socrates: L4 unavailable — trying next
2026-09-05 13:18:01 + colab --auth=adc new -s fm-socrates --gpu T4
2026-09-05 13:18:05 se Body: {response.text}")           │
│   195 │   │   if not response.ok:                                            │
│ ❱ 196 │   │   │   raise ColabRequestError(                                   │
│   197 │   │   │   │   f"Failed to issue request {method} {endpoint}:         │
│       {response.reason}",                                                    │
│   198 │   │   │   │   request=response.request,                              │
│   199 │   │   │   │   response=response,                                     │
╰──────────────────────────────────────────────────────────────────────────────╯
ColabRequestError: Failed to issue request POST 
https://colab.research.google.com/tun/m/assign?nbh=b8fdcbf3_820e_4d9b_ac28_aceb2
0f73659........&variant=GPU&accelerator=T4: Service Unavailable

2026-09-05 13:18:05 fm-socrates: assign T4 flaky — retry in 30s
2026-09-05 13:18:35 + colab --auth=adc new -s fm-socrates --gpu L4
2026-09-05 13:18:41 [colab] Creating session 'fm-socrates'...
[colab] Backend rejected accelerator 'L4'. You may not have quota or entitlement for this accelerator on your account. Try a different one (e.g. --gpu T4) or omit --gpu/--tpu for a CPU runtime.

2026-09-05 13:18:41 fm-socrates: L4 unavailable — trying next
2026-09-05 13:18:43 + colab --auth=adc new -s fm-socrates --gpu T4
2026-09-05 13:18:47 se Body: {response.text}")           │
│   195 │   │   if not response.ok:                                            │
│ ❱ 196 │   │   │   raise ColabRequestError(                                   │
│   197 │   │   │   │   f"Failed to issue request {method} {endpoint}:         │
│       {response.reason}",                                                    │
│   198 │   │   │   │   request=response.request,                              │
│   199 │   │   │   │   response=response,                                     │
╰──────────────────────────────────────────────────────────────────────────────╯
ColabRequestError: Failed to issue request POST 
https://colab.research.google.com/tun/m/assign?nbh=58282df3_7f67_4375_945f_b6412
a93912f........&variant=GPU&accelerator=T4: Service Unavailable

2026-09-05 13:18:47 fm-socrates: assign T4 flaky — retry in 30s
2026-09-05 13:19:17 + colab --auth=adc new -s fm-socrates --gpu L4
2026-09-05 13:19:19 [colab] Creating session 'fm-socrates'...
[colab] Backend rejected accelerator 'L4'. You may not have quota or entitlement for this accelerator on your account. Try a different one (e.g. --gpu T4) or omit --gpu/--tpu for a CPU runtime.

2026-09-05 13:19:19 fm-socrates: L4 unavailable — trying next
2026-09-05 13:19:21 + colab --auth=adc new -s fm-socrates --gpu T4
2026-09-05 13:19:22 se Body: {response.text}")           │
│   195 │   │   if not response.ok:                                            │
│ ❱ 196 │   │   │   raise ColabRequestError(                                   │
│   197 │   │   │   │   f"Failed to issue request {method} {endpoint}:         │
│       {response.reason}",                                                    │
│   198 │   │   │   │   request=response.request,                              │
│   199 │   │   │   │   response=response,                                     │
╰──────────────────────────────────────────────────────────────────────────────╯
ColabRequestError: Failed to issue request POST 
https://colab.research.google.com/tun/m/assign?nbh=bd13720f_31f4_448c_82b4_0ebde
0a978e5........&variant=GPU&accelerator=T4: Service Unavailable

2026-09-05 13:19:22 fm-socrates: assign T4 flaky — retry in 30s
2026-09-05 13:19:52 + colab --auth=adc new -s fm-socrates --gpu L4
2026-09-05 13:19:54 [colab] Creating session 'fm-socrates'...
[colab] Backend rejected accelerator 'L4'. You may not have quota or entitlement for this accelerator on your account. Try a different one (e.g. --gpu T4) or omit --gpu/--tpu for a CPU runtime.

2026-09-05 13:19:54 fm-socrates: L4 unavailable — trying next
2026-09-05 13:19:56 + colab --auth=adc new -s fm-socrates --gpu T4
2026-09-05 13:19:57 se Body: {response.text}")           │
│   195 │   │   if not response.ok:                                            │
│ ❱ 196 │   │   │   raise ColabRequestError(                                   │
│   197 │   │   │   │   f"Failed to issue request {method} {endpoint}:         │
│       {response.reason}",                                                    │
│   198 │   │   │   │   request=response.request,                              │
│   199 │   │   │   │   response=response,                                     │
╰──────────────────────────────────────────────────────────────────────────────╯
ColabRequestError: Failed to issue request POST 
https://colab.research.google.com/tun/m/assign?nbh=ecffb442_e177_495d_9d44_687ec
e2b9998........&variant=GPU&accelerator=T4: Service Unavailable

2026-09-05 13:19:57 fm-socrates: assign T4 flaky — retry in 30s
2026-09-05 13:20:27 + colab --auth=adc new -s fm-socrates --gpu L4
2026-09-05 13:20:30 [colab] Creating session 'fm-socrates'...
[colab] Backend rejected accelerator 'L4'. You may not have quota or entitlement for this accelerator on your account. Try a different one (e.g. --gpu T4) or omit --gpu/--tpu for a CPU runtime.

2026-09-05 13:20:30 fm-socrates: L4 unavailable — trying next
2026-09-05 13:20:32 + colab --auth=adc new -s fm-socrates --gpu T4
2026-09-05 13:20:36 se Body: {response.text}")           │
│   195 │   │   if not response.ok:                                            │
│ ❱ 196 │   │   │   raise ColabRequestError(                                   │
│   197 │   │   │   │   f"Failed to issue request {method} {endpoint}:         │
│       {response.reason}",                                                    │
│   198 │   │   │   │   request=response.request,                              │
│   199 │   │   │   │   response=response,                                     │
╰──────────────────────────────────────────────────────────────────────────────╯
ColabRequestError: Failed to issue request POST 
https://colab.research.google.com/tun/m/assign?nbh=2a02f2f4_2e98_4530_aaa1_f161c
b348d47........&variant=GPU&accelerator=T4: Service Unavailable

2026-09-05 13:20:36 fm-socrates: assign T4 flaky — retry in 30s
2026-09-05 13:21:06 + colab --auth=adc new -s fm-socrates --gpu L4
2026-09-05 13:21:07 [colab] Creating session 'fm-socrates'...
[colab] Backend rejected accelerator 'L4'. You may not have quota or entitlement for this accelerator on your account. Try a different one (e.g. --gpu T4) or omit --gpu/--tpu for a CPU runtime.

2026-09-05 13:21:07 fm-socrates: L4 unavailable — trying next
2026-09-05 13:21:09 + colab --auth=adc new -s fm-socrates --gpu T4
2026-09-05 13:21:11 se Body: {response.text}")           │
│   195 │   │   if not response.ok:                                            │
│ ❱ 196 │   │   │   raise ColabRequestError(                                   │
│   197 │   │   │   │   f"Failed to issue request {method} {endpoint}:         │
│       {response.reason}",                                                    │
│   198 │   │   │   │   request=response.request,                              │
│   199 │   │   │   │   response=response,                                     │
╰──────────────────────────────────────────────────────────────────────────────╯
ColabRequestError: Failed to issue request POST 
https://colab.research.google.com/tun/m/assign?nbh=43b59927_e7c7_48b3_9290_6474a
b151a4e........&variant=GPU&accelerator=T4: Service Unavailable

2026-09-05 13:21:11 fm-socrates: assign T4 flaky — retry in 30s
2026-09-05 13:21:41 + colab --auth=adc new -s fm-socrates --gpu L4
2026-09-05 13:21:42 [colab] Creating session 'fm-socrates'...
[colab] Backend rejected accelerator 'L4'. You may not have quota or entitlement for this accelerator on your account. Try a different one (e.g. --gpu T4) or omit --gpu/--tpu for a CPU runtime.

2026-09-05 13:21:42 fm-socrates: L4 unavailable — trying next
2026-09-05 13:21:44 + colab --auth=adc new -s fm-socrates --gpu T4
2026-09-05 13:21:45 se Body: {response.text}")           │
│   195 │   │   if not response.ok:                                            │
│ ❱ 196 │   │   │   raise ColabRequestError(                                   │
│   197 │   │   │   │   f"Failed to issue request {method} {endpoint}:         │
│       {response.reason}",                                                    │
│   198 │   │   │   │   request=response.request,                              │
│   199 │   │   │   │   response=response,                                     │
╰──────────────────────────────────────────────────────────────────────────────╯
ColabRequestError: Failed to issue request POST 
https://colab.research.google.com/tun/m/assign?nbh=d4d8563f_6d0e_4ac1_8921_fcfd5
be067b0........&variant=GPU&accelerator=T4: Service Unavailable

2026-09-05 13:21:45 fm-socrates: assign T4 flaky — retry in 30s
2026-09-05 13:22:15 + colab --auth=adc new -s fm-socrates --gpu L4
2026-09-05 13:22:33 [colab] Creating session 'fm-socrates'...
[colab] Backend rejected accelerator 'L4'. You may not have quota or entitlement for this accelerator on your account. Try a different one (e.g. --gpu T4) or omit --gpu/--tpu for a CPU runtime.

2026-09-05 13:22:33 fm-socrates: L4 unavailable — trying next
2026-09-05 13:22:35 + colab --auth=adc new -s fm-socrates --gpu T4
2026-09-05 13:22:38 se Body: {response.text}")           │
│   195 │   │   if not response.ok:                                            │
│ ❱ 196 │   │   │   raise ColabRequestError(                                   │
│   197 │   │   │   │   f"Failed to issue request {method} {endpoint}:         │
│       {response.reason}",                                                    │
│   198 │   │   │   │   request=response.request,                              │
│   199 │   │   │   │   response=response,                                     │
╰──────────────────────────────────────────────────────────────────────────────╯
ColabRequestError: Failed to issue request POST 
https://colab.research.google.com/tun/m/assign?nbh=e4d64fec_408f_4d5b_830e_17950
19bca8d........&variant=GPU&accelerator=T4: Service Unavailable

2026-09-05 13:22:38 fm-socrates: assign T4 flaky — retry in 30s
2026-09-05 13:23:08 + colab --auth=adc new -s fm-socrates --gpu L4
2026-09-05 13:23:10 [colab] Creating session 'fm-socrates'...
[colab] Backend rejected accelerator 'L4'. You may not have quota or entitlement for this accelerator on your account. Try a different one (e.g. --gpu T4) or omit --gpu/--tpu for a CPU runtime.

2026-09-05 13:23:10 fm-socrates: L4 unavailable — trying next
2026-09-05 13:23:12 + colab --auth=adc new -s fm-socrates --gpu T4
2026-09-05 13:23:13 se Body: {response.text}")           │
│   195 │   │   if not response.ok:                                            │
│ ❱ 196 │   │   │   raise ColabRequestError(                                   │
│   197 │   │   │   │   f"Failed to issue request {method} {endpoint}:         │
│       {response.reason}",                                                    │
│   198 │   │   │   │   request=response.request,                              │
│   199 │   │   │   │   response=response,                                     │
╰──────────────────────────────────────────────────────────────────────────────╯
ColabRequestError: Failed to issue request POST 
https://colab.research.google.com/tun/m/assign?nbh=bba5b88d_d167_40c3_868a_064ea
8f40450........&variant=GPU&accelerator=T4: Service Unavailable

2026-09-05 13:23:13 fm-socrates: assign T4 flaky — retry in 30s
2026-09-05 13:23:43 + colab --auth=adc new -s fm-socrates --gpu L4
2026-09-05 13:23:44 [colab] Creating session 'fm-socrates'...
[colab] Backend rejected accelerator 'L4'. You may not have quota or entitlement for this accelerator on your account. Try a different one (e.g. --gpu T4) or omit --gpu/--tpu for a CPU runtime.

2026-09-05 13:23:44 fm-socrates: L4 unavailable — trying next
2026-09-05 13:23:47 + colab --auth=adc new -s fm-socrates --gpu T4
2026-09-05 13:23:48 se Body: {response.text}")           │
│   195 │   │   if not response.ok:                                            │
│ ❱ 196 │   │   │   raise ColabRequestError(                                   │
│   197 │   │   │   │   f"Failed to issue request {method} {endpoint}:         │
│       {response.reason}",                                                    │
│   198 │   │   │   │   request=response.request,                              │
│   199 │   │   │   │   response=response,                                     │
╰──────────────────────────────────────────────────────────────────────────────╯
ColabRequestError: Failed to issue request POST 
https://colab.research.google.com/tun/m/assign?nbh=d99c68ef_d1bc_41bb_aa8b_da477
c6cc42a........&variant=GPU&accelerator=T4: Service Unavailable

2026-09-05 13:23:48 fm-socrates: assign T4 flaky — retry in 30s
2026-09-05 13:24:18 + colab --auth=adc new -s fm-socrates --gpu L4
2026-09-05 13:24:22 [colab] Creating session 'fm-socrates'...
[colab] Backend rejected accelerator 'L4'. You may not have quota or entitlement for this accelerator on your account. Try a different one (e.g. --gpu T4) or omit --gpu/--tpu for a CPU runtime.

2026-09-05 13:24:22 fm-socrates: L4 unavailable — trying next
2026-09-05 13:24:24 + colab --auth=adc new -s fm-socrates --gpu T4
2026-09-05 13:24:25 se Body: {response.text}")           │
│   195 │   │   if not response.ok:                                            │
│ ❱ 196 │   │   │   raise ColabRequestError(                                   │
│   197 │   │   │   │   f"Failed to issue request {method} {endpoint}:         │
│       {response.reason}",                                                    │
│   198 │   │   │   │   request=response.request,                              │
│   199 │   │   │   │   response=response,                                     │
╰──────────────────────────────────────────────────────────────────────────────╯
ColabRequestError: Failed to issue request POST 
https://colab.research.google.com/tun/m/assign?nbh=caa89c35_01f0_4051_a153_f6212
4b9d7d0........&variant=GPU&accelerator=T4: Service Unavailable

2026-09-05 13:24:25 fm-socrates: assign T4 flaky — retry in 30s
2026-09-05 13:24:55 + colab --auth=adc new -s fm-socrates --gpu L4
2026-09-05 13:24:57 [colab] Creating session 'fm-socrates'...
[colab] Backend rejected accelerator 'L4'. You may not have quota or entitlement for this accelerator on your account. Try a different one (e.g. --gpu T4) or omit --gpu/--tpu for a CPU runtime.

2026-09-05 13:24:57 fm-socrates: L4 unavailable — trying next
2026-09-05 13:24:59 + colab --auth=adc new -s fm-socrates --gpu T4
2026-09-05 13:25:00 se Body: {response.text}")           │
│   195 │   │   if not response.ok:                                            │
│ ❱ 196 │   │   │   raise ColabRequestError(                                   │
│   197 │   │   │   │   f"Failed to issue request {method} {endpoint}:         │
│       {response.reason}",                                                    │
│   198 │   │   │   │   request=response.request,                              │
│   199 │   │   │   │   response=response,                                     │
╰──────────────────────────────────────────────────────────────────────────────╯
ColabRequestError: Failed to issue request POST 
https://colab.research.google.com/tun/m/assign?nbh=b2d69949_c849_4a45_a869_d0c20
4039b7e........&variant=GPU&accelerator=T4: Service Unavailable

2026-09-05 13:25:00 fm-socrates: assign T4 flaky — retry in 30s
2026-09-05 13:25:30 + colab --auth=adc new -s fm-socrates --gpu L4
2026-09-05 13:25:33 [colab] Creating session 'fm-socrates'...
[colab] Backend rejected accelerator 'L4'. You may not have quota or entitlement for this accelerator on your account. Try a different one (e.g. --gpu T4) or omit --gpu/--tpu for a CPU runtime.

2026-09-05 13:25:33 fm-socrates: L4 unavailable — trying next
2026-09-05 13:25:35 + colab --auth=adc new -s fm-socrates --gpu T4
2026-09-05 13:25:36 se Body: {response.text}")           │
│   195 │   │   if not response.ok:                                            │
│ ❱ 196 │   │   │   raise ColabRequestError(                                   │
│   197 │   │   │   │   f"Failed to issue request {method} {endpoint}:         │
│       {response.reason}",                                                    │
│   198 │   │   │   │   request=response.request,                              │
│   199 │   │   │   │   response=response,                                     │
╰──────────────────────────────────────────────────────────────────────────────╯
ColabRequestError: Failed to issue request POST 
https://colab.research.google.com/tun/m/assign?nbh=86011674_a563_45ca_95fb_066b3
d2c263b........&variant=GPU&accelerator=T4: Service Unavailable

2026-09-05 13:25:36 fm-socrates: assign T4 flaky — retry in 30s
2026-09-05 13:26:06 + colab --auth=adc new -s fm-socrates --gpu L4
2026-09-05 13:26:07 [colab] Creating session 'fm-socrates'...
[colab] Backend rejected accelerator 'L4'. You may not have quota or entitlement for this accelerator on your account. Try a different one (e.g. --gpu T4) or omit --gpu/--tpu for a CPU runtime.

2026-09-05 13:26:07 fm-socrates: L4 unavailable — trying next
2026-09-05 13:26:09 + colab --auth=adc new -s fm-socrates --gpu T4
2026-09-05 13:26:10 se Body: {response.text}")           │
│   195 │   │   if not response.ok:                                            │
│ ❱ 196 │   │   │   raise ColabRequestError(                                   │
│   197 │   │   │   │   f"Failed to issue request {method} {endpoint}:         │
│       {response.reason}",                                                    │
│   198 │   │   │   │   request=response.request,                              │
│   199 │   │   │   │   response=response,                                     │
╰──────────────────────────────────────────────────────────────────────────────╯
ColabRequestError: Failed to issue request POST 
https://colab.research.google.com/tun/m/assign?nbh=32e18ca3_efd6_4276_86ab_93245
db77445........&variant=GPU&accelerator=T4: Service Unavailable

2026-09-05 13:26:10 fm-socrates: assign T4 flaky — retry in 30s
2026-09-05 13:26:40 + colab --auth=adc new -s fm-socrates --gpu L4
2026-09-05 13:26:42 [colab] Creating session 'fm-socrates'...
[colab] Backend rejected accelerator 'L4'. You may not have quota or entitlement for this accelerator on your account. Try a different one (e.g. --gpu T4) or omit --gpu/--tpu for a CPU runtime.

2026-09-05 13:26:42 fm-socrates: L4 unavailable — trying next
2026-09-05 13:26:44 + colab --auth=adc new -s fm-socrates --gpu T4
2026-09-05 13:26:45 se Body: {response.text}")           │
│   195 │   │   if not response.ok:                                            │
│ ❱ 196 │   │   │   raise ColabRequestError(                                   │
│   197 │   │   │   │   f"Failed to issue request {method} {endpoint}:         │
│       {response.reason}",                                                    │
│   198 │   │   │   │   request=response.request,                              │
│   199 │   │   │   │   response=response,                                     │
╰──────────────────────────────────────────────────────────────────────────────╯
ColabRequestError: Failed to issue request POST 
https://colab.research.google.com/tun/m/assign?nbh=56b569b0_c375_47d1_ad98_fba54
7075675........&variant=GPU&accelerator=T4: Service Unavailable

2026-09-05 13:26:45 fm-socrates: assign T4 flaky — retry in 30s
2026-09-05 13:27:15 + colab --auth=adc new -s fm-socrates --gpu L4
2026-09-05 13:27:17 [colab] Creating session 'fm-socrates'...
[colab] Backend rejected accelerator 'L4'. You may not have quota or entitlement for this accelerator on your account. Try a different one (e.g. --gpu T4) or omit --gpu/--tpu for a CPU runtime.

2026-09-05 13:27:17 fm-socrates: L4 unavailable — trying next
2026-09-05 13:27:19 + colab --auth=adc new -s fm-socrates --gpu T4
2026-09-05 13:27:21 se Body: {response.text}")           │
│   195 │   │   if not response.ok:                                            │
│ ❱ 196 │   │   │   raise ColabRequestError(                                   │
│   197 │   │   │   │   f"Failed to issue request {method} {endpoint}:         │
│       {response.reason}",                                                    │
│   198 │   │   │   │   request=response.request,                              │
│   199 │   │   │   │   response=response,                                     │
╰──────────────────────────────────────────────────────────────────────────────╯
ColabRequestError: Failed to issue request POST 
https://colab.research.google.com/tun/m/assign?nbh=de731723_09ed_4095_8282_38b42
f069859........&variant=GPU&accelerator=T4: Service Unavailable

2026-09-05 13:27:21 fm-socrates: assign T4 flaky — retry in 30s
2026-09-05 13:27:51 + colab --auth=adc new -s fm-socrates --gpu L4
2026-09-05 13:27:53 [colab] Creating session 'fm-socrates'...
[colab] Backend rejected accelerator 'L4'. You may not have quota or entitlement for this accelerator on your account. Try a different one (e.g. --gpu T4) or omit --gpu/--tpu for a CPU runtime.

2026-09-05 13:27:53 fm-socrates: L4 unavailable — trying next
2026-09-05 13:27:55 + colab --auth=adc new -s fm-socrates --gpu T4
2026-09-05 13:27:57 se Body: {response.text}")           │
│   195 │   │   if not response.ok:                                            │
│ ❱ 196 │   │   │   raise ColabRequestError(                                   │
│   197 │   │   │   │   f"Failed to issue request {method} {endpoint}:         │
│       {response.reason}",                                                    │
│   198 │   │   │   │   request=response.request,                              │
│   199 │   │   │   │   response=response,                                     │
╰──────────────────────────────────────────────────────────────────────────────╯
ColabRequestError: Failed to issue request POST 
https://colab.research.google.com/tun/m/assign?nbh=44650d4c_e95a_4971_a58c_efb50
5e4346b........&variant=GPU&accelerator=T4: Service Unavailable

2026-09-05 13:27:57 fm-socrates: assign T4 flaky — retry in 30s
2026-09-05 13:28:27 + colab --auth=adc new -s fm-socrates --gpu L4
2026-09-05 13:28:29 [colab] Creating session 'fm-socrates'...
[colab] Backend rejected accelerator 'L4'. You may not have quota or entitlement for this accelerator on your account. Try a different one (e.g. --gpu T4) or omit --gpu/--tpu for a CPU runtime.

2026-09-05 13:28:29 fm-socrates: L4 unavailable — trying next
2026-09-05 13:28:31 + colab --auth=adc new -s fm-socrates --gpu T4
2026-09-05 13:28:33 se Body: {response.text}")           │
│   195 │   │   if not response.ok:                                            │
│ ❱ 196 │   │   │   raise ColabRequestError(                                   │
│   197 │   │   │   │   f"Failed to issue request {method} {endpoint}:         │
│       {response.reason}",                                                    │
│   198 │   │   │   │   request=response.request,                              │
│   199 │   │   │   │   response=response,                                     │
╰──────────────────────────────────────────────────────────────────────────────╯
ColabRequestError: Failed to issue request POST 
https://colab.research.google.com/tun/m/assign?nbh=8f831d21_a06d_4394_b57f_fb959
f77bb80........&variant=GPU&accelerator=T4: Service Unavailable

2026-09-05 13:28:33 fm-socrates: assign T4 flaky — retry in 30s
2026-09-05 13:29:03 + colab --auth=adc new -s fm-socrates --gpu L4
2026-09-05 13:29:07 [colab] Creating session 'fm-socrates'...
[colab] Backend rejected accelerator 'L4'. You may not have quota or entitlement for this accelerator on your account. Try a different one (e.g. --gpu T4) or omit --gpu/--tpu for a CPU runtime.

2026-09-05 13:29:07 fm-socrates: L4 unavailable — trying next
2026-09-05 13:29:09 + colab --auth=adc new -s fm-socrates --gpu T4
2026-09-05 13:29:12 se Body: {response.text}")           │
│   195 │   │   if not response.ok:                                            │
│ ❱ 196 │   │   │   raise ColabRequestError(                                   │
│   197 │   │   │   │   f"Failed to issue request {method} {endpoint}:         │
│       {response.reason}",                                                    │
│   198 │   │   │   │   request=response.request,                              │
│   199 │   │   │   │   response=response,                                     │
╰──────────────────────────────────────────────────────────────────────────────╯
ColabRequestError: Failed to issue request POST 
https://colab.research.google.com/tun/m/assign?nbh=918042b6_68bd_445f_8b00_0733a
bcaa1f6........&variant=GPU&accelerator=T4: Service Unavailable

2026-09-05 13:29:12 fm-socrates: assign T4 flaky — retry in 30s
2026-09-05 13:29:42 + colab --auth=adc new -s fm-socrates --gpu L4
2026-09-05 13:29:43 [colab] Creating session 'fm-socrates'...
[colab] Backend rejected accelerator 'L4'. You may not have quota or entitlement for this accelerator on your account. Try a different one (e.g. --gpu T4) or omit --gpu/--tpu for a CPU runtime.

2026-09-05 13:29:43 fm-socrates: L4 unavailable — trying next
2026-09-05 13:29:45 + colab --auth=adc new -s fm-socrates --gpu T4
2026-09-05 13:29:47 se Body: {response.text}")           │
│   195 │   │   if not response.ok:                                            │
│ ❱ 196 │   │   │   raise ColabRequestError(                                   │
│   197 │   │   │   │   f"Failed to issue request {method} {endpoint}:         │
│       {response.reason}",                                                    │
│   198 │   │   │   │   request=response.request,                              │
│   199 │   │   │   │   response=response,                                     │
╰──────────────────────────────────────────────────────────────────────────────╯
ColabRequestError: Failed to issue request POST 
https://colab.research.google.com/tun/m/assign?nbh=1947c219_c164_4e18_8af9_09691
1746954........&variant=GPU&accelerator=T4: Service Unavailable

2026-09-05 13:29:47 fm-socrates: assign T4 flaky — retry in 30s
2026-09-05 13:30:17 + colab --auth=adc new -s fm-socrates --gpu L4
2026-09-05 13:30:18 [colab] Creating session 'fm-socrates'...
[colab] Backend rejected accelerator 'L4'. You may not have quota or entitlement for this accelerator on your account. Try a different one (e.g. --gpu T4) or omit --gpu/--tpu for a CPU runtime.

2026-09-05 13:30:18 fm-socrates: L4 unavailable — trying next
2026-09-05 13:30:20 + colab --auth=adc new -s fm-socrates --gpu T4
2026-09-05 13:30:21 se Body: {response.text}")           │
│   195 │   │   if not response.ok:                                            │
│ ❱ 196 │   │   │   raise ColabRequestError(                                   │
│   197 │   │   │   │   f"Failed to issue request {method} {endpoint}:         │
│       {response.reason}",                                                    │
│   198 │   │   │   │   request=response.request,                              │
│   199 │   │   │   │   response=response,                                     │
╰──────────────────────────────────────────────────────────────────────────────╯
ColabRequestError: Failed to issue request POST 
https://colab.research.google.com/tun/m/assign?nbh=7cac7173_b439_49e3_adf6_65302
78cafcf........&variant=GPU&accelerator=T4: Service Unavailable

2026-09-05 13:30:21 fm-socrates: assign T4 flaky — retry in 30s
2026-09-05 13:30:51 + colab --auth=adc new -s fm-socrates --gpu L4
2026-09-05 13:30:53 [colab] Creating session 'fm-socrates'...
[colab] Backend rejected accelerator 'L4'. You may not have quota or entitlement for this accelerator on your account. Try a different one (e.g. --gpu T4) or omit --gpu/--tpu for a CPU runtime.

2026-09-05 13:30:53 fm-socrates: L4 unavailable — trying next
2026-09-05 13:30:55 + colab --auth=adc new -s fm-socrates --gpu T4
2026-09-05 13:30:56 se Body: {response.text}")           │
│   195 │   │   if not response.ok:                                            │
│ ❱ 196 │   │   │   raise ColabRequestError(                                   │
│   197 │   │   │   │   f"Failed to issue request {method} {endpoint}:         │
│       {response.reason}",                                                    │
│   198 │   │   │   │   request=response.request,                              │
│   199 │   │   │   │   response=response,                                     │
╰──────────────────────────────────────────────────────────────────────────────╯
ColabRequestError: Failed to issue request POST 
https://colab.research.google.com/tun/m/assign?nbh=fc693d89_2b0b_4498_bb5d_dc089
8dd00c5........&variant=GPU&accelerator=T4: Service Unavailable

2026-09-05 13:30:56 fm-socrates: assign T4 flaky — retry in 30s
2026-09-05 13:31:26 + colab --auth=adc new -s fm-socrates --gpu L4
2026-09-05 13:31:27 [colab] Creating session 'fm-socrates'...
[colab] Backend rejected accelerator 'L4'. You may not have quota or entitlement for this accelerator on your account. Try a different one (e.g. --gpu T4) or omit --gpu/--tpu for a CPU runtime.

2026-09-05 13:31:27 fm-socrates: L4 unavailable — trying next
2026-09-05 13:31:29 + colab --auth=adc new -s fm-socrates --gpu T4
2026-09-05 13:31:30 se Body: {response.text}")           │
│   195 │   │   if not response.ok:                                            │
│ ❱ 196 │   │   │   raise ColabRequestError(                                   │
│   197 │   │   │   │   f"Failed to issue request {method} {endpoint}:         │
│       {response.reason}",                                                    │
│   198 │   │   │   │   request=response.request,                              │
│   199 │   │   │   │   response=response,                                     │
╰──────────────────────────────────────────────────────────────────────────────╯
ColabRequestError: Failed to issue request POST 
https://colab.research.google.com/tun/m/assign?nbh=3d39a7d0_38b1_4f04_9eae_ad02c
97935c9........&variant=GPU&accelerator=T4: Service Unavailable

2026-09-05 13:31:30 fm-socrates: assign T4 flaky — retry in 30s
2026-09-05 13:32:00 + colab --auth=adc new -s fm-socrates --gpu L4
2026-09-05 13:32:02 [colab] Creating session 'fm-socrates'...
[colab] Backend rejected accelerator 'L4'. You may not have quota or entitlement for this accelerator on your account. Try a different one (e.g. --gpu T4) or omit --gpu/--tpu for a CPU runtime.

2026-09-05 13:32:02 fm-socrates: L4 unavailable — trying next
2026-09-05 13:32:04 + colab --auth=adc new -s fm-socrates --gpu T4
2026-09-05 13:32:05 se Body: {response.text}")           │
│   195 │   │   if not response.ok:                                            │
│ ❱ 196 │   │   │   raise ColabRequestError(                                   │
│   197 │   │   │   │   f"Failed to issue request {method} {endpoint}:         │
│       {response.reason}",                                                    │
│   198 │   │   │   │   request=response.request,                              │
│   199 │   │   │   │   response=response,                                     │
╰──────────────────────────────────────────────────────────────────────────────╯
ColabRequestError: Failed to issue request POST 
https://colab.research.google.com/tun/m/assign?nbh=6a0b8f04_482d_4228_8c28_988aa
b028a4e........&variant=GPU&accelerator=T4: Service Unavailable

2026-09-05 13:32:05 fm-socrates: assign T4 flaky — retry in 30s
2026-09-05 13:32:35 + colab --auth=adc new -s fm-socrates --gpu L4
2026-09-05 13:32:37 [colab] Creating session 'fm-socrates'...
[colab] Backend rejected accelerator 'L4'. You may not have quota or entitlement for this accelerator on your account. Try a different one (e.g. --gpu T4) or omit --gpu/--tpu for a CPU runtime.

2026-09-05 13:32:37 fm-socrates: L4 unavailable — trying next
2026-09-05 13:32:39 + colab --auth=adc new -s fm-socrates --gpu T4
2026-09-05 13:32:40 se Body: {response.text}")           │
│   195 │   │   if not response.ok:                                            │
│ ❱ 196 │   │   │   raise ColabRequestError(                                   │
│   197 │   │   │   │   f"Failed to issue request {method} {endpoint}:         │
│       {response.reason}",                                                    │
│   198 │   │   │   │   request=response.request,                              │
│   199 │   │   │   │   response=response,                                     │
╰──────────────────────────────────────────────────────────────────────────────╯
ColabRequestError: Failed to issue request POST 
https://colab.research.google.com/tun/m/assign?nbh=1a33635f_808d_4f64_b74a_60a9c
3a3f576........&variant=GPU&accelerator=T4: Service Unavailable

2026-09-05 13:32:40 fm-socrates: assign T4 flaky — retry in 30s
2026-09-05 13:33:10 + colab --auth=adc new -s fm-socrates --gpu L4
2026-09-05 13:33:12 [colab] Creating session 'fm-socrates'...
[colab] Backend rejected accelerator 'L4'. You may not have quota or entitlement for this accelerator on your account. Try a different one (e.g. --gpu T4) or omit --gpu/--tpu for a CPU runtime.

2026-09-05 13:33:12 fm-socrates: L4 unavailable — trying next
2026-09-05 13:33:14 + colab --auth=adc new -s fm-socrates --gpu T4
2026-09-05 13:33:15 se Body: {response.text}")           │
│   195 │   │   if not response.ok:                                            │
│ ❱ 196 │   │   │   raise ColabRequestError(                                   │
│   197 │   │   │   │   f"Failed to issue request {method} {endpoint}:         │
│       {response.reason}",                                                    │
│   198 │   │   │   │   request=response.request,                              │
│   199 │   │   │   │   response=response,                                     │
╰──────────────────────────────────────────────────────────────────────────────╯
ColabRequestError: Failed to issue request POST 
https://colab.research.google.com/tun/m/assign?nbh=87a73c42_c0f1_4cf5_a8ea_6a5ce
58de5a3........&variant=GPU&accelerator=T4: Service Unavailable

2026-09-05 13:33:15 fm-socrates: assign T4 flaky — retry in 30s
2026-09-05 13:33:45 + colab --auth=adc new -s fm-socrates --gpu L4
2026-09-05 13:33:47 [colab] Creating session 'fm-socrates'...
[colab] Backend rejected accelerator 'L4'. You may not have quota or entitlement for this accelerator on your account. Try a different one (e.g. --gpu T4) or omit --gpu/--tpu for a CPU runtime.

2026-09-05 13:33:47 fm-socrates: L4 unavailable — trying next
2026-09-05 13:33:49 + colab --auth=adc new -s fm-socrates --gpu T4
2026-09-05 13:33:50 se Body: {response.text}")           │
│   195 │   │   if not response.ok:                                            │
│ ❱ 196 │   │   │   raise ColabRequestError(                                   │
│   197 │   │   │   │   f"Failed to issue request {method} {endpoint}:         │
│       {response.reason}",                                                    │
│   198 │   │   │   │   request=response.request,                              │
│   199 │   │   │   │   response=response,                                     │
╰──────────────────────────────────────────────────────────────────────────────╯
ColabRequestError: Failed to issue request POST 
https://colab.research.google.com/tun/m/assign?nbh=8d34b183_28a1_496a_911f_167f7
f187b28........&variant=GPU&accelerator=T4: Service Unavailable

2026-09-05 13:33:50 fm-socrates: assign T4 flaky — retry in 30s
2026-09-05 13:34:20 + colab --auth=adc new -s fm-socrates --gpu L4
2026-09-05 13:34:22 [colab] Creating session 'fm-socrates'...
[colab] Backend rejected accelerator 'L4'. You may not have quota or entitlement for this accelerator on your account. Try a different one (e.g. --gpu T4) or omit --gpu/--tpu for a CPU runtime.

2026-09-05 13:34:22 fm-socrates: L4 unavailable — trying next
2026-09-05 13:34:24 + colab --auth=adc new -s fm-socrates --gpu T4
2026-09-05 13:34:25 se Body: {response.text}")           │
│   195 │   │   if not response.ok:                                            │
│ ❱ 196 │   │   │   raise ColabRequestError(                                   │
│   197 │   │   │   │   f"Failed to issue request {method} {endpoint}:         │
│       {response.reason}",                                                    │
│   198 │   │   │   │   request=response.request,                              │
│   199 │   │   │   │   response=response,                                     │
╰──────────────────────────────────────────────────────────────────────────────╯
ColabRequestError: Failed to issue request POST 
https://colab.research.google.com/tun/m/assign?nbh=ea6f166c_510c_48cf_90bc_a9b74
3090546........&variant=GPU&accelerator=T4: Service Unavailable

2026-09-05 13:34:25 fm-socrates: assign T4 flaky — retry in 30s
2026-09-05 13:34:55 + colab --auth=adc new -s fm-socrates --gpu L4
2026-09-05 13:34:56 [colab] Creating session 'fm-socrates'...
[colab] Backend rejected accelerator 'L4'. You may not have quota or entitlement for this accelerator on your account. Try a different one (e.g. --gpu T4) or omit --gpu/--tpu for a CPU runtime.

2026-09-05 13:34:56 fm-socrates: L4 unavailable — trying next
2026-09-05 13:34:58 + colab --auth=adc new -s fm-socrates --gpu T4
2026-09-05 13:34:59 se Body: {response.text}")           │
│   195 │   │   if not response.ok:                                            │
│ ❱ 196 │   │   │   raise ColabRequestError(                                   │
│   197 │   │   │   │   f"Failed to issue request {method} {endpoint}:         │
│       {response.reason}",                                                    │
│   198 │   │   │   │   request=response.request,                              │
│   199 │   │   │   │   response=response,                                     │
╰──────────────────────────────────────────────────────────────────────────────╯
ColabRequestError: Failed to issue request POST 
https://colab.research.google.com/tun/m/assign?nbh=a62eb45a_6e1f_4212_b426_b9a3d
b5af838........&variant=GPU&accelerator=T4: Service Unavailable

2026-09-05 13:34:59 fm-socrates: assign T4 flaky — retry in 30s
2026-09-05 13:35:29 + colab --auth=adc new -s fm-socrates --gpu L4
2026-09-05 13:35:31 [colab] Creating session 'fm-socrates'...
[colab] Backend rejected accelerator 'L4'. You may not have quota or entitlement for this accelerator on your account. Try a different one (e.g. --gpu T4) or omit --gpu/--tpu for a CPU runtime.

2026-09-05 13:35:31 fm-socrates: L4 unavailable — trying next
2026-09-05 13:35:33 + colab --auth=adc new -s fm-socrates --gpu T4
2026-09-05 13:35:34 se Body: {response.text}")           │
│   195 │   │   if not response.ok:                                            │
│ ❱ 196 │   │   │   raise ColabRequestError(                                   │
│   197 │   │   │   │   f"Failed to issue request {method} {endpoint}:         │
│       {response.reason}",                                                    │
│   198 │   │   │   │   request=response.request,                              │
│   199 │   │   │   │   response=response,                                     │
╰──────────────────────────────────────────────────────────────────────────────╯
ColabRequestError: Failed to issue request POST 
https://colab.research.google.com/tun/m/assign?nbh=ae571ff7_4ce4_4ba6_98d1_cfb94
6e63b0b........&variant=GPU&accelerator=T4: Service Unavailable

2026-09-05 13:35:34 fm-socrates: assign T4 flaky — retry in 30s
2026-09-05 13:36:04 + colab --auth=adc new -s fm-socrates --gpu L4
2026-09-05 13:36:13 [colab] Creating session 'fm-socrates'...
[colab] Backend rejected accelerator 'L4'. You may not have quota or entitlement for this accelerator on your account. Try a different one (e.g. --gpu T4) or omit --gpu/--tpu for a CPU runtime.

2026-09-05 13:36:13 fm-socrates: L4 unavailable — trying next
2026-09-05 13:36:15 + colab --auth=adc new -s fm-socrates --gpu T4
2026-09-05 13:36:27 se Body: {response.text}")           │
│   195 │   │   if not response.ok:                                            │
│ ❱ 196 │   │   │   raise ColabRequestError(                                   │
│   197 │   │   │   │   f"Failed to issue request {method} {endpoint}:         │
│       {response.reason}",                                                    │
│   198 │   │   │   │   request=response.request,                              │
│   199 │   │   │   │   response=response,                                     │
╰──────────────────────────────────────────────────────────────────────────────╯
ColabRequestError: Failed to issue request POST 
https://colab.research.google.com/tun/m/assign?nbh=776a73af_c1fe_454f_8798_d1ec7
d5e296f........&variant=GPU&accelerator=T4: Service Unavailable

2026-09-05 13:36:27 fm-socrates: assign T4 flaky — retry in 30s
2026-09-05 13:36:58 + colab --auth=adc new -s fm-socrates --gpu L4
2026-09-05 13:37:00 [colab] Creating session 'fm-socrates'...
[colab] Backend rejected accelerator 'L4'. You may not have quota or entitlement for this accelerator on your account. Try a different one (e.g. --gpu T4) or omit --gpu/--tpu for a CPU runtime.

2026-09-05 13:37:00 fm-socrates: L4 unavailable — trying next
2026-09-05 13:37:02 + colab --auth=adc new -s fm-socrates --gpu T4
2026-09-05 13:37:04 se Body: {response.text}")           │
│   195 │   │   if not response.ok:                                            │
│ ❱ 196 │   │   │   raise ColabRequestError(                                   │
│   197 │   │   │   │   f"Failed to issue request {method} {endpoint}:         │
│       {response.reason}",                                                    │
│   198 │   │   │   │   request=response.request,                              │
│   199 │   │   │   │   response=response,                                     │
╰──────────────────────────────────────────────────────────────────────────────╯
ColabRequestError: Failed to issue request POST 
https://colab.research.google.com/tun/m/assign?nbh=a17569dd_98a0_4525_9cc2_f423b
5d74a79........&variant=GPU&accelerator=T4: Service Unavailable

2026-09-05 13:37:04 fm-socrates: assign T4 flaky — retry in 30s
2026-09-05 13:37:34 + colab --auth=adc new -s fm-socrates --gpu L4
2026-09-05 13:37:39 [colab] Creating session 'fm-socrates'...
[colab] Backend rejected accelerator 'L4'. You may not have quota or entitlement for this accelerator on your account. Try a different one (e.g. --gpu T4) or omit --gpu/--tpu for a CPU runtime.

2026-09-05 13:37:39 fm-socrates: L4 unavailable — trying next
2026-09-05 13:37:42 + colab --auth=adc new -s fm-socrates --gpu T4
2026-09-05 13:37:47 se Body: {response.text}")           │
│   195 │   │   if not response.ok:                                            │
│ ❱ 196 │   │   │   raise ColabRequestError(                                   │
│   197 │   │   │   │   f"Failed to issue request {method} {endpoint}:         │
│       {response.reason}",                                                    │
│   198 │   │   │   │   request=response.request,                              │
│   199 │   │   │   │   response=response,                                     │
╰──────────────────────────────────────────────────────────────────────────────╯
ColabRequestError: Failed to issue request POST 
https://colab.research.google.com/tun/m/assign?nbh=69b40639_cfad_4512_8e58_fe9fd
f67440d........&variant=GPU&accelerator=T4: Service Unavailable

2026-09-05 13:37:47 fm-socrates: assign T4 flaky — retry in 30s
2026-09-05 13:38:17 + colab --auth=adc new -s fm-socrates --gpu L4
2026-09-05 13:38:18 [colab] Creating session 'fm-socrates'...
[colab] Backend rejected accelerator 'L4'. You may not have quota or entitlement for this accelerator on your account. Try a different one (e.g. --gpu T4) or omit --gpu/--tpu for a CPU runtime.

2026-09-05 13:38:18 fm-socrates: L4 unavailable — trying next
2026-09-05 13:38:20 + colab --auth=adc new -s fm-socrates --gpu T4
2026-09-05 13:38:21 se Body: {response.text}")           │
│   195 │   │   if not response.ok:                                            │
│ ❱ 196 │   │   │   raise ColabRequestError(                                   │
│   197 │   │   │   │   f"Failed to issue request {method} {endpoint}:         │
│       {response.reason}",                                                    │
│   198 │   │   │   │   request=response.request,                              │
│   199 │   │   │   │   response=response,                                     │
╰──────────────────────────────────────────────────────────────────────────────╯
ColabRequestError: Failed to issue request POST 
https://colab.research.google.com/tun/m/assign?nbh=4d63c516_3998_41cc_8cc7_c26a3
386906d........&variant=GPU&accelerator=T4: Service Unavailable

2026-09-05 13:38:21 fm-socrates: assign T4 flaky — retry in 30s
2026-09-05 13:38:51 + colab --auth=adc new -s fm-socrates --gpu L4
2026-09-05 13:38:54 [colab] Creating session 'fm-socrates'...
[colab] Backend rejected accelerator 'L4'. You may not have quota or entitlement for this accelerator on your account. Try a different one (e.g. --gpu T4) or omit --gpu/--tpu for a CPU runtime.

2026-09-05 13:38:54 fm-socrates: L4 unavailable — trying next
2026-09-05 13:38:56 + colab --auth=adc new -s fm-socrates --gpu T4
2026-09-05 13:38:57 se Body: {response.text}")           │
│   195 │   │   if not response.ok:                                            │
│ ❱ 196 │   │   │   raise ColabRequestError(                                   │
│   197 │   │   │   │   f"Failed to issue request {method} {endpoint}:         │
│       {response.reason}",                                                    │
│   198 │   │   │   │   request=response.request,                              │
│   199 │   │   │   │   response=response,                                     │
╰──────────────────────────────────────────────────────────────────────────────╯
ColabRequestError: Failed to issue request POST 
https://colab.research.google.com/tun/m/assign?nbh=b169bde3_f52e_4e57_af88_fffff
de28687........&variant=GPU&accelerator=T4: Service Unavailable

2026-09-05 13:38:57 fm-socrates: assign T4 flaky — retry in 30s
2026-09-05 13:39:28 + colab --auth=adc new -s fm-socrates --gpu L4
2026-09-05 13:39:31 [colab] Creating session 'fm-socrates'...
[colab] Backend rejected accelerator 'L4'. You may not have quota or entitlement for this accelerator on your account. Try a different one (e.g. --gpu T4) or omit --gpu/--tpu for a CPU runtime.

2026-09-05 13:39:31 fm-socrates: L4 unavailable — trying next
2026-09-05 13:39:33 + colab --auth=adc new -s fm-socrates --gpu T4
2026-09-05 13:39:40 se Body: {response.text}")           │
│   195 │   │   if not response.ok:                                            │
│ ❱ 196 │   │   │   raise ColabRequestError(                                   │
│   197 │   │   │   │   f"Failed to issue request {method} {endpoint}:         │
│       {response.reason}",                                                    │
│   198 │   │   │   │   request=response.request,                              │
│   199 │   │   │   │   response=response,                                     │
╰──────────────────────────────────────────────────────────────────────────────╯
ColabRequestError: Failed to issue request POST 
https://colab.research.google.com/tun/m/assign?nbh=7490da08_8bcd_4285_84d2_f83a9
0b93dc4........&variant=GPU&accelerator=T4: Service Unavailable

2026-09-05 13:39:40 fm-socrates: assign T4 flaky — retry in 30s
2026-09-05 13:40:10 + colab --auth=adc new -s fm-socrates --gpu L4
2026-09-05 13:40:23 [colab] Creating session 'fm-socrates'...
[colab] Backend rejected accelerator 'L4'. You may not have quota or entitlement for this accelerator on your account. Try a different one (e.g. --gpu T4) or omit --gpu/--tpu for a CPU runtime.

2026-09-05 13:40:23 fm-socrates: L4 unavailable — trying next
2026-09-05 13:40:25 + colab --auth=adc new -s fm-socrates --gpu T4
2026-09-05 13:40:32 se Body: {response.text}")           │
│   195 │   │   if not response.ok:                                            │
│ ❱ 196 │   │   │   raise ColabRequestError(                                   │
│   197 │   │   │   │   f"Failed to issue request {method} {endpoint}:         │
│       {response.reason}",                                                    │
│   198 │   │   │   │   request=response.request,                              │
│   199 │   │   │   │   response=response,                                     │
╰──────────────────────────────────────────────────────────────────────────────╯
ColabRequestError: Failed to issue request POST 
https://colab.research.google.com/tun/m/assign?nbh=959c7a72_65f5_4806_a986_4bd78
a3d3f11........&variant=GPU&accelerator=T4: Service Unavailable

2026-09-05 13:40:32 fm-socrates: assign T4 flaky — retry in 30s
2026-09-05 13:41:02 + colab --auth=adc new -s fm-socrates --gpu L4
2026-09-05 13:41:03 [colab] Creating session 'fm-socrates'...
[colab] Backend rejected accelerator 'L4'. You may not have quota or entitlement for this accelerator on your account. Try a different one (e.g. --gpu T4) or omit --gpu/--tpu for a CPU runtime.

2026-09-05 13:41:03 fm-socrates: L4 unavailable — trying next
2026-09-05 13:41:05 + colab --auth=adc new -s fm-socrates --gpu T4
2026-09-05 13:41:07 se Body: {response.text}")           │
│   195 │   │   if not response.ok:                                            │
│ ❱ 196 │   │   │   raise ColabRequestError(                                   │
│   197 │   │   │   │   f"Failed to issue request {method} {endpoint}:         │
│       {response.reason}",                                                    │
│   198 │   │   │   │   request=response.request,                              │
│   199 │   │   │   │   response=response,                                     │
╰──────────────────────────────────────────────────────────────────────────────╯
ColabRequestError: Failed to issue request POST 
https://colab.research.google.com/tun/m/assign?nbh=d32fd5c4_bf13_4c56_ba36_0fbad
abad95b........&variant=GPU&accelerator=T4: Service Unavailable

2026-09-05 13:41:07 fm-socrates: assign T4 flaky — retry in 30s
2026-09-05 13:41:37 + colab --auth=adc new -s fm-socrates --gpu L4
2026-09-05 13:41:48 [colab] Creating session 'fm-socrates'...
[colab] Backend rejected accelerator 'L4'. You may not have quota or entitlement for this accelerator on your account. Try a different one (e.g. --gpu T4) or omit --gpu/--tpu for a CPU runtime.

2026-09-05 13:41:48 fm-socrates: L4 unavailable — trying next
2026-09-05 13:41:50 + colab --auth=adc new -s fm-socrates --gpu T4
2026-09-05 13:41:55 se Body: {response.text}")           │
│   195 │   │   if not response.ok:                                            │
│ ❱ 196 │   │   │   raise ColabRequestError(                                   │
│   197 │   │   │   │   f"Failed to issue request {method} {endpoint}:         │
│       {response.reason}",                                                    │
│   198 │   │   │   │   request=response.request,                              │
│   199 │   │   │   │   response=response,                                     │
╰──────────────────────────────────────────────────────────────────────────────╯
ColabRequestError: Failed to issue request POST 
https://colab.research.google.com/tun/m/assign?nbh=78e3d155_93ea_404a_8115_dc112
16cc4f8........&variant=GPU&accelerator=T4: Service Unavailable

2026-09-05 13:41:55 fm-socrates: assign T4 flaky — retry in 30s
2026-09-05 13:42:25 + colab --auth=adc new -s fm-socrates --gpu L4
2026-09-05 13:42:27 [colab] Creating session 'fm-socrates'...
[colab] Backend rejected accelerator 'L4'. You may not have quota or entitlement for this accelerator on your account. Try a different one (e.g. --gpu T4) or omit --gpu/--tpu for a CPU runtime.

2026-09-05 13:42:27 fm-socrates: L4 unavailable — trying next
2026-09-05 13:42:29 + colab --auth=adc new -s fm-socrates --gpu T4
2026-09-05 13:42:30 se Body: {response.text}")           │
│   195 │   │   if not response.ok:                                            │
│ ❱ 196 │   │   │   raise ColabRequestError(                                   │
│   197 │   │   │   │   f"Failed to issue request {method} {endpoint}:         │
│       {response.reason}",                                                    │
│   198 │   │   │   │   request=response.request,                              │
│   199 │   │   │   │   response=response,                                     │
╰──────────────────────────────────────────────────────────────────────────────╯
ColabRequestError: Failed to issue request POST 
https://colab.research.google.com/tun/m/assign?nbh=80c964b6_c846_40c8_bf94_c8f1e
88e6382........&variant=GPU&accelerator=T4: Service Unavailable

2026-09-05 13:42:30 fm-socrates: assign T4 flaky — retry in 30s
2026-09-05 13:43:00 + colab --auth=adc new -s fm-socrates --gpu L4
2026-09-05 13:43:03 [colab] Creating session 'fm-socrates'...
[colab] Backend rejected accelerator 'L4'. You may not have quota or entitlement for this accelerator on your account. Try a different one (e.g. --gpu T4) or omit --gpu/--tpu for a CPU runtime.

2026-09-05 13:43:03 fm-socrates: L4 unavailable — trying next
2026-09-05 13:43:05 + colab --auth=adc new -s fm-socrates --gpu T4
2026-09-05 13:43:08 se Body: {response.text}")           │
│   195 │   │   if not response.ok:                                            │
│ ❱ 196 │   │   │   raise ColabRequestError(                                   │
│   197 │   │   │   │   f"Failed to issue request {method} {endpoint}:         │
│       {response.reason}",                                                    │
│   198 │   │   │   │   request=response.request,                              │
│   199 │   │   │   │   response=response,                                     │
╰──────────────────────────────────────────────────────────────────────────────╯
ColabRequestError: Failed to issue request POST 
https://colab.research.google.com/tun/m/assign?nbh=daec77fe_1d13_49b5_83c3_675a9
06d4ed9........&variant=GPU&accelerator=T4: Service Unavailable

2026-09-05 13:43:08 fm-socrates: assign T4 flaky — retry in 30s
2026-09-05 13:43:38 + colab --auth=adc new -s fm-socrates --gpu L4
2026-09-05 13:43:39 [colab] Creating session 'fm-socrates'...
[colab] Backend rejected accelerator 'L4'. You may not have quota or entitlement for this accelerator on your account. Try a different one (e.g. --gpu T4) or omit --gpu/--tpu for a CPU runtime.

2026-09-05 13:43:39 fm-socrates: L4 unavailable — trying next
2026-09-05 13:43:41 + colab --auth=adc new -s fm-socrates --gpu T4
2026-09-05 13:43:43 se Body: {response.text}")           │
│   195 │   │   if not response.ok:                                            │
│ ❱ 196 │   │   │   raise ColabRequestError(                                   │
│   197 │   │   │   │   f"Failed to issue request {method} {endpoint}:         │
│       {response.reason}",                                                    │
│   198 │   │   │   │   request=response.request,                              │
│   199 │   │   │   │   response=response,                                     │
╰──────────────────────────────────────────────────────────────────────────────╯
ColabRequestError: Failed to issue request POST 
https://colab.research.google.com/tun/m/assign?nbh=cfbcc785_1b47_4055_b7ee_e5ecc
99c2031........&variant=GPU&accelerator=T4: Service Unavailable

2026-09-05 13:43:43 fm-socrates: assign T4 flaky — retry in 30s
2026-09-05 13:44:13 + colab --auth=adc new -s fm-socrates --gpu L4
2026-09-05 13:44:14 [colab] Creating session 'fm-socrates'...
[colab] Backend rejected accelerator 'L4'. You may not have quota or entitlement for this accelerator on your account. Try a different one (e.g. --gpu T4) or omit --gpu/--tpu for a CPU runtime.

2026-09-05 13:44:14 fm-socrates: L4 unavailable — trying next
2026-09-05 13:44:16 + colab --auth=adc new -s fm-socrates --gpu T4
2026-09-05 13:44:19 se Body: {response.text}")           │
│   195 │   │   if not response.ok:                                            │
│ ❱ 196 │   │   │   raise ColabRequestError(                                   │
│   197 │   │   │   │   f"Failed to issue request {method} {endpoint}:         │
│       {response.reason}",                                                    │
│   198 │   │   │   │   request=response.request,                              │
│   199 │   │   │   │   response=response,                                     │
╰──────────────────────────────────────────────────────────────────────────────╯
ColabRequestError: Failed to issue request POST 
https://colab.research.google.com/tun/m/assign?nbh=65b3dadb_2af7_4d32_8898_80c39
a83f10b........&variant=GPU&accelerator=T4: Service Unavailable

2026-09-05 13:44:19 fm-socrates: assign T4 flaky — retry in 30s
2026-09-05 13:44:49 + colab --auth=adc new -s fm-socrates --gpu L4
2026-09-05 13:44:50 [colab] Creating session 'fm-socrates'...
[colab] Backend rejected accelerator 'L4'. You may not have quota or entitlement for this accelerator on your account. Try a different one (e.g. --gpu T4) or omit --gpu/--tpu for a CPU runtime.

2026-09-05 13:44:50 fm-socrates: L4 unavailable — trying next
2026-09-05 13:44:52 + colab --auth=adc new -s fm-socrates --gpu T4
2026-09-05 13:44:54 se Body: {response.text}")           │
│   195 │   │   if not response.ok:                                            │
│ ❱ 196 │   │   │   raise ColabRequestError(                                   │
│   197 │   │   │   │   f"Failed to issue request {method} {endpoint}:         │
│       {response.reason}",                                                    │
│   198 │   │   │   │   request=response.request,                              │
│   199 │   │   │   │   response=response,                                     │
╰──────────────────────────────────────────────────────────────────────────────╯
ColabRequestError: Failed to issue request POST 
https://colab.research.google.com/tun/m/assign?nbh=2a316f7d_4a8a_4d1f_9b52_254a6
c820c1d........&variant=GPU&accelerator=T4: Service Unavailable

2026-09-05 13:44:54 fm-socrates: assign T4 flaky — retry in 30s
2026-09-05 13:45:24 + colab --auth=adc new -s fm-socrates --gpu L4
2026-09-05 13:45:25 [colab] Creating session 'fm-socrates'...
[colab] Backend rejected accelerator 'L4'. You may not have quota or entitlement for this accelerator on your account. Try a different one (e.g. --gpu T4) or omit --gpu/--tpu for a CPU runtime.

2026-09-05 13:45:25 fm-socrates: L4 unavailable — trying next
2026-09-05 13:45:27 + colab --auth=adc new -s fm-socrates --gpu T4
2026-09-05 13:45:28 se Body: {response.text}")           │
│   195 │   │   if not response.ok:                                            │
│ ❱ 196 │   │   │   raise ColabRequestError(                                   │
│   197 │   │   │   │   f"Failed to issue request {method} {endpoint}:         │
│       {response.reason}",                                                    │
│   198 │   │   │   │   request=response.request,                              │
│   199 │   │   │   │   response=response,                                     │
╰──────────────────────────────────────────────────────────────────────────────╯
ColabRequestError: Failed to issue request POST 
https://colab.research.google.com/tun/m/assign?nbh=6eaf0ee4_4f97_4627_9250_b573e
542e647........&variant=GPU&accelerator=T4: Service Unavailable

2026-09-05 13:45:28 fm-socrates: assign T4 flaky — retry in 30s
2026-09-05 13:45:58 + colab --auth=adc new -s fm-socrates --gpu L4
2026-09-05 13:46:00 [colab] Creating session 'fm-socrates'...
[colab] Backend rejected accelerator 'L4'. You may not have quota or entitlement for this accelerator on your account. Try a different one (e.g. --gpu T4) or omit --gpu/--tpu for a CPU runtime.

2026-09-05 13:46:00 fm-socrates: L4 unavailable — trying next
2026-09-05 13:46:02 + colab --auth=adc new -s fm-socrates --gpu T4
2026-09-05 13:46:03 se Body: {response.text}")           │
│   195 │   │   if not response.ok:                                            │
│ ❱ 196 │   │   │   raise ColabRequestError(                                   │
│   197 │   │   │   │   f"Failed to issue request {method} {endpoint}:         │
│       {response.reason}",                                                    │
│   198 │   │   │   │   request=response.request,                              │
│   199 │   │   │   │   response=response,                                     │
╰──────────────────────────────────────────────────────────────────────────────╯
ColabRequestError: Failed to issue request POST 
https://colab.research.google.com/tun/m/assign?nbh=1c314d95_18bb_46ff_8fee_f5d49
1cb9592........&variant=GPU&accelerator=T4: Service Unavailable

2026-09-05 13:46:03 fm-socrates: assign T4 flaky — retry in 30s
2026-09-05 13:46:33 + colab --auth=adc new -s fm-socrates --gpu L4
2026-09-05 13:46:34 [colab] Creating session 'fm-socrates'...
[colab] Backend rejected accelerator 'L4'. You may not have quota or entitlement for this accelerator on your account. Try a different one (e.g. --gpu T4) or omit --gpu/--tpu for a CPU runtime.

2026-09-05 13:46:34 fm-socrates: L4 unavailable — trying next
2026-09-05 13:46:36 + colab --auth=adc new -s fm-socrates --gpu T4
2026-09-05 13:46:37 se Body: {response.text}")           │
│   195 │   │   if not response.ok:                                            │
│ ❱ 196 │   │   │   raise ColabRequestError(                                   │
│   197 │   │   │   │   f"Failed to issue request {method} {endpoint}:         │
│       {response.reason}",                                                    │
│   198 │   │   │   │   request=response.request,                              │
│   199 │   │   │   │   response=response,                                     │
╰──────────────────────────────────────────────────────────────────────────────╯
ColabRequestError: Failed to issue request POST 
https://colab.research.google.com/tun/m/assign?nbh=1a389bb3_8687_48b0_8e82_8271b
6d71127........&variant=GPU&accelerator=T4: Service Unavailable

2026-09-05 13:46:37 fm-socrates: assign T4 flaky — retry in 30s
2026-09-05 13:47:07 + colab --auth=adc new -s fm-socrates --gpu L4
2026-09-05 13:47:09 [colab] Creating session 'fm-socrates'...
[colab] Backend rejected accelerator 'L4'. You may not have quota or entitlement for this accelerator on your account. Try a different one (e.g. --gpu T4) or omit --gpu/--tpu for a CPU runtime.

2026-09-05 13:47:09 fm-socrates: L4 unavailable — trying next
2026-09-05 13:47:11 + colab --auth=adc new -s fm-socrates --gpu T4
2026-09-05 13:47:12 se Body: {response.text}")           │
│   195 │   │   if not response.ok:                                            │
│ ❱ 196 │   │   │   raise ColabRequestError(                                   │
│   197 │   │   │   │   f"Failed to issue request {method} {endpoint}:         │
│       {response.reason}",                                                    │
│   198 │   │   │   │   request=response.request,                              │
│   199 │   │   │   │   response=response,                                     │
╰──────────────────────────────────────────────────────────────────────────────╯
ColabRequestError: Failed to issue request POST 
https://colab.research.google.com/tun/m/assign?nbh=b6c98280_2f02_4f3a_ba3a_d0b0a
290a11f........&variant=GPU&accelerator=T4: Service Unavailable

2026-09-05 13:47:12 fm-socrates: assign T4 flaky — retry in 30s
2026-09-05 13:47:42 + colab --auth=adc new -s fm-socrates --gpu L4
2026-09-05 13:47:43 [colab] Creating session 'fm-socrates'...
[colab] Backend rejected accelerator 'L4'. You may not have quota or entitlement for this accelerator on your account. Try a different one (e.g. --gpu T4) or omit --gpu/--tpu for a CPU runtime.

2026-09-05 13:47:43 fm-socrates: L4 unavailable — trying next
2026-09-05 13:47:45 + colab --auth=adc new -s fm-socrates --gpu T4
2026-09-05 13:47:47 se Body: {response.text}")           │
│   195 │   │   if not response.ok:                                            │
│ ❱ 196 │   │   │   raise ColabRequestError(                                   │
│   197 │   │   │   │   f"Failed to issue request {method} {endpoint}:         │
│       {response.reason}",                                                    │
│   198 │   │   │   │   request=response.request,                              │
│   199 │   │   │   │   response=response,                                     │
╰──────────────────────────────────────────────────────────────────────────────╯
ColabRequestError: Failed to issue request POST 
https://colab.research.google.com/tun/m/assign?nbh=3e2409f3_dfc7_4d8d_b91b_4f603
b2ec068........&variant=GPU&accelerator=T4: Service Unavailable

2026-09-05 13:47:47 fm-socrates: assign T4 flaky — retry in 30s
2026-09-05 13:48:17 + colab --auth=adc new -s fm-socrates --gpu L4
2026-09-05 13:48:18 [colab] Creating session 'fm-socrates'...
[colab] Backend rejected accelerator 'L4'. You may not have quota or entitlement for this accelerator on your account. Try a different one (e.g. --gpu T4) or omit --gpu/--tpu for a CPU runtime.

2026-09-05 13:48:18 fm-socrates: L4 unavailable — trying next
2026-09-05 13:48:21 + colab --auth=adc new -s fm-socrates --gpu T4
2026-09-05 13:48:22 se Body: {response.text}")           │
│   195 │   │   if not response.ok:                                            │
│ ❱ 196 │   │   │   raise ColabRequestError(                                   │
│   197 │   │   │   │   f"Failed to issue request {method} {endpoint}:         │
│       {response.reason}",                                                    │
│   198 │   │   │   │   request=response.request,                              │
│   199 │   │   │   │   response=response,                                     │
╰──────────────────────────────────────────────────────────────────────────────╯
ColabRequestError: Failed to issue request POST 
https://colab.research.google.com/tun/m/assign?nbh=eac130eb_3a3f_4e1e_8953_49965
0eb4143........&variant=GPU&accelerator=T4: Service Unavailable

2026-09-05 13:48:22 fm-socrates: assign T4 flaky — retry in 30s
2026-09-05 13:48:52 + colab --auth=adc new -s fm-socrates --gpu L4
2026-09-05 13:48:53 [colab] Creating session 'fm-socrates'...
[colab] Backend rejected accelerator 'L4'. You may not have quota or entitlement for this accelerator on your account. Try a different one (e.g. --gpu T4) or omit --gpu/--tpu for a CPU runtime.

2026-09-05 13:48:53 fm-socrates: L4 unavailable — trying next
2026-09-05 13:48:55 + colab --auth=adc new -s fm-socrates --gpu T4
2026-09-05 13:48:57 se Body: {response.text}")           │
│   195 │   │   if not response.ok:                                            │
│ ❱ 196 │   │   │   raise ColabRequestError(                                   │
│   197 │   │   │   │   f"Failed to issue request {method} {endpoint}:         │
│       {response.reason}",                                                    │
│   198 │   │   │   │   request=response.request,                              │
│   199 │   │   │   │   response=response,                                     │
╰──────────────────────────────────────────────────────────────────────────────╯
ColabRequestError: Failed to issue request POST 
https://colab.research.google.com/tun/m/assign?nbh=e7621415_46fc_4de3_8367_2da1d
3152f14........&variant=GPU&accelerator=T4: Service Unavailable

2026-09-05 13:48:57 fm-socrates: assign T4 flaky — retry in 30s
2026-09-05 13:49:27 + colab --auth=adc new -s fm-socrates --gpu L4
2026-09-05 13:49:35 [colab] Creating session 'fm-socrates'...
[colab] Backend rejected accelerator 'L4'. You may not have quota or entitlement for this accelerator on your account. Try a different one (e.g. --gpu T4) or omit --gpu/--tpu for a CPU runtime.

2026-09-05 13:49:35 fm-socrates: L4 unavailable — trying next
2026-09-05 13:49:37 + colab --auth=adc new -s fm-socrates --gpu T4
2026-09-05 13:49:39 se Body: {response.text}")           │
│   195 │   │   if not response.ok:                                            │
│ ❱ 196 │   │   │   raise ColabRequestError(                                   │
│   197 │   │   │   │   f"Failed to issue request {method} {endpoint}:         │
│       {response.reason}",                                                    │
│   198 │   │   │   │   request=response.request,                              │
│   199 │   │   │   │   response=response,                                     │
╰──────────────────────────────────────────────────────────────────────────────╯
ColabRequestError: Failed to issue request POST 
https://colab.research.google.com/tun/m/assign?nbh=26efd67f_3fbd_47f5_9025_9dfd4
f0806bb........&variant=GPU&accelerator=T4: Service Unavailable

2026-09-05 13:49:39 fm-socrates: assign T4 flaky — retry in 30s
2026-09-05 13:50:09 + colab --auth=adc new -s fm-socrates --gpu L4
2026-09-05 13:50:11 [colab] Creating session 'fm-socrates'...
[colab] Backend rejected accelerator 'L4'. You may not have quota or entitlement for this accelerator on your account. Try a different one (e.g. --gpu T4) or omit --gpu/--tpu for a CPU runtime.

2026-09-05 13:50:11 fm-socrates: L4 unavailable — trying next
2026-09-05 13:50:13 + colab --auth=adc new -s fm-socrates --gpu T4
2026-09-05 13:50:15 se Body: {response.text}")           │
│   195 │   │   if not response.ok:                                            │
│ ❱ 196 │   │   │   raise ColabRequestError(                                   │
│   197 │   │   │   │   f"Failed to issue request {method} {endpoint}:         │
│       {response.reason}",                                                    │
│   198 │   │   │   │   request=response.request,                              │
│   199 │   │   │   │   response=response,                                     │
╰──────────────────────────────────────────────────────────────────────────────╯
ColabRequestError: Failed to issue request POST 
https://colab.research.google.com/tun/m/assign?nbh=4f90832a_64ed_491d_8ba9_750c7
0132059........&variant=GPU&accelerator=T4: Service Unavailable

2026-09-05 13:50:15 fm-socrates: assign T4 flaky — retry in 30s
2026-09-05 13:50:45 + colab --auth=adc new -s fm-socrates --gpu L4
2026-09-05 13:50:46 [colab] Creating session 'fm-socrates'...
[colab] Backend rejected accelerator 'L4'. You may not have quota or entitlement for this accelerator on your account. Try a different one (e.g. --gpu T4) or omit --gpu/--tpu for a CPU runtime.

2026-09-05 13:50:46 fm-socrates: L4 unavailable — trying next
2026-09-05 13:50:48 + colab --auth=adc new -s fm-socrates --gpu T4
2026-09-05 13:50:49 se Body: {response.text}")           │
│   195 │   │   if not response.ok:                                            │
│ ❱ 196 │   │   │   raise ColabRequestError(                                   │
│   197 │   │   │   │   f"Failed to issue request {method} {endpoint}:         │
│       {response.reason}",                                                    │
│   198 │   │   │   │   request=response.request,                              │
│   199 │   │   │   │   response=response,                                     │
╰──────────────────────────────────────────────────────────────────────────────╯
ColabRequestError: Failed to issue request POST 
https://colab.research.google.com/tun/m/assign?nbh=b26f7aff_ce3d_4cd5_bd6a_2f232
a39dfb0........&variant=GPU&accelerator=T4: Service Unavailable

2026-09-05 13:50:49 fm-socrates: assign T4 flaky — retry in 30s
2026-09-05 13:51:19 + colab --auth=adc new -s fm-socrates --gpu L4
2026-09-05 13:51:21 [colab] Creating session 'fm-socrates'...
[colab] Backend rejected accelerator 'L4'. You may not have quota or entitlement for this accelerator on your account. Try a different one (e.g. --gpu T4) or omit --gpu/--tpu for a CPU runtime.

2026-09-05 13:51:21 fm-socrates: L4 unavailable — trying next
2026-09-05 13:51:23 + colab --auth=adc new -s fm-socrates --gpu T4
2026-09-05 13:51:25 se Body: {response.text}")           │
│   195 │   │   if not response.ok:                                            │
│ ❱ 196 │   │   │   raise ColabRequestError(                                   │
│   197 │   │   │   │   f"Failed to issue request {method} {endpoint}:         │
│       {response.reason}",                                                    │
│   198 │   │   │   │   request=response.request,                              │
│   199 │   │   │   │   response=response,                                     │
╰──────────────────────────────────────────────────────────────────────────────╯
ColabRequestError: Failed to issue request POST 
https://colab.research.google.com/tun/m/assign?nbh=4a8063ac_cecd_4559_b890_27667
6b6fdb5........&variant=GPU&accelerator=T4: Service Unavailable

2026-09-05 13:51:25 fm-socrates: assign T4 flaky — retry in 30s
2026-09-05 13:51:55 + colab --auth=adc new -s fm-socrates --gpu L4
2026-09-05 13:51:58 [colab] Creating session 'fm-socrates'...
[colab] Backend rejected accelerator 'L4'. You may not have quota or entitlement for this accelerator on your account. Try a different one (e.g. --gpu T4) or omit --gpu/--tpu for a CPU runtime.

2026-09-05 13:51:58 fm-socrates: L4 unavailable — trying next
2026-09-05 13:52:00 + colab --auth=adc new -s fm-socrates --gpu T4
2026-09-05 13:52:04 se Body: {response.text}")           │
│   195 │   │   if not response.ok:                                            │
│ ❱ 196 │   │   │   raise ColabRequestError(                                   │
│   197 │   │   │   │   f"Failed to issue request {method} {endpoint}:         │
│       {response.reason}",                                                    │
│   198 │   │   │   │   request=response.request,                              │
│   199 │   │   │   │   response=response,                                     │
╰──────────────────────────────────────────────────────────────────────────────╯
ColabRequestError: Failed to issue request POST 
https://colab.research.google.com/tun/m/assign?nbh=ba47ba1a_e987_4081_8df8_8f610
3691e6a........&variant=GPU&accelerator=T4: Service Unavailable

2026-09-05 13:52:04 fm-socrates: assign T4 flaky — retry in 30s
2026-09-05 13:52:34 + colab --auth=adc new -s fm-socrates --gpu L4
2026-09-05 13:52:35 [colab] Creating session 'fm-socrates'...
[colab] Backend rejected accelerator 'L4'. You may not have quota or entitlement for this accelerator on your account. Try a different one (e.g. --gpu T4) or omit --gpu/--tpu for a CPU runtime.

2026-09-05 13:52:35 fm-socrates: L4 unavailable — trying next
2026-09-05 13:52:37 + colab --auth=adc new -s fm-socrates --gpu T4
2026-09-05 13:52:38 se Body: {response.text}")           │
│   195 │   │   if not response.ok:                                            │
│ ❱ 196 │   │   │   raise ColabRequestError(                                   │
│   197 │   │   │   │   f"Failed to issue request {method} {endpoint}:         │
│       {response.reason}",                                                    │
│   198 │   │   │   │   request=response.request,                              │
│   199 │   │   │   │   response=response,                                     │
╰──────────────────────────────────────────────────────────────────────────────╯
ColabRequestError: Failed to issue request POST 
https://colab.research.google.com/tun/m/assign?nbh=74021d1d_b81e_46ae_abf6_efd24
ae1cb3e........&variant=GPU&accelerator=T4: Service Unavailable

2026-09-05 13:52:38 fm-socrates: assign T4 flaky — retry in 30s
2026-09-05 13:53:08 + colab --auth=adc new -s fm-socrates --gpu L4
2026-09-05 13:53:09 [colab] Creating session 'fm-socrates'...
[colab] Backend rejected accelerator 'L4'. You may not have quota or entitlement for this accelerator on your account. Try a different one (e.g. --gpu T4) or omit --gpu/--tpu for a CPU runtime.

2026-09-05 13:53:09 fm-socrates: L4 unavailable — trying next
2026-09-05 13:53:12 + colab --auth=adc new -s fm-socrates --gpu T4
2026-09-05 13:53:13 se Body: {response.text}")           │
│   195 │   │   if not response.ok:                                            │
│ ❱ 196 │   │   │   raise ColabRequestError(                                   │
│   197 │   │   │   │   f"Failed to issue request {method} {endpoint}:         │
│       {response.reason}",                                                    │
│   198 │   │   │   │   request=response.request,                              │
│   199 │   │   │   │   response=response,                                     │
╰──────────────────────────────────────────────────────────────────────────────╯
ColabRequestError: Failed to issue request POST 
https://colab.research.google.com/tun/m/assign?nbh=f7051411_0ca0_4de4_93ec_1076e
d0ae88d........&variant=GPU&accelerator=T4: Service Unavailable

2026-09-05 13:53:13 fm-socrates: assign T4 flaky — retry in 30s
2026-09-05 13:53:43 + colab --auth=adc new -s fm-socrates --gpu L4
2026-09-05 13:53:45 [colab] Creating session 'fm-socrates'...
[colab] Backend rejected accelerator 'L4'. You may not have quota or entitlement for this accelerator on your account. Try a different one (e.g. --gpu T4) or omit --gpu/--tpu for a CPU runtime.

2026-09-05 13:53:45 fm-socrates: L4 unavailable — trying next
2026-09-05 13:53:48 + colab --auth=adc new -s fm-socrates --gpu T4
2026-09-05 13:53:48 se Body: {response.text}")           │
│   195 │   │   if not response.ok:                                            │
│ ❱ 196 │   │   │   raise ColabRequestError(                                   │
│   197 │   │   │   │   f"Failed to issue request {method} {endpoint}:         │
│       {response.reason}",                                                    │
│   198 │   │   │   │   request=response.request,                              │
│   199 │   │   │   │   response=response,                                     │
╰──────────────────────────────────────────────────────────────────────────────╯
ColabRequestError: Failed to issue request POST 
https://colab.research.google.com/tun/m/assign?nbh=78ccc54f_33f9_43f3_a51b_8f2b9
1cd8a5c........&variant=GPU&accelerator=T4: Service Unavailable

2026-09-05 13:53:48 fm-socrates: assign T4 flaky — retry in 30s
2026-09-05 13:54:19 + colab --auth=adc new -s fm-socrates --gpu L4
2026-09-05 13:54:20 [colab] Creating session 'fm-socrates'...
[colab] Backend rejected accelerator 'L4'. You may not have quota or entitlement for this accelerator on your account. Try a different one (e.g. --gpu T4) or omit --gpu/--tpu for a CPU runtime.

2026-09-05 13:54:20 fm-socrates: L4 unavailable — trying next
2026-09-05 13:54:22 + colab --auth=adc new -s fm-socrates --gpu T4
2026-09-05 13:54:23 se Body: {response.text}")           │
│   195 │   │   if not response.ok:                                            │
│ ❱ 196 │   │   │   raise ColabRequestError(                                   │
│   197 │   │   │   │   f"Failed to issue request {method} {endpoint}:         │
│       {response.reason}",                                                    │
│   198 │   │   │   │   request=response.request,                              │
│   199 │   │   │   │   response=response,                                     │
╰──────────────────────────────────────────────────────────────────────────────╯
ColabRequestError: Failed to issue request POST 
https://colab.research.google.com/tun/m/assign?nbh=58c9e21b_53d8_4de3_b1ab_78bc6
ddc0ebc........&variant=GPU&accelerator=T4: Service Unavailable

2026-09-05 13:54:23 fm-socrates: assign T4 flaky — retry in 30s
2026-09-05 13:54:53 + colab --auth=adc new -s fm-socrates --gpu L4
2026-09-05 13:54:59 [colab] Creating session 'fm-socrates'...
[colab] Backend rejected accelerator 'L4'. You may not have quota or entitlement for this accelerator on your account. Try a different one (e.g. --gpu T4) or omit --gpu/--tpu for a CPU runtime.

2026-09-05 13:54:59 fm-socrates: L4 unavailable — trying next
2026-09-05 13:55:01 + colab --auth=adc new -s fm-socrates --gpu T4
2026-09-05 13:55:04 se Body: {response.text}")           │
│   195 │   │   if not response.ok:                                            │
│ ❱ 196 │   │   │   raise ColabRequestError(                                   │
│   197 │   │   │   │   f"Failed to issue request {method} {endpoint}:         │
│       {response.reason}",                                                    │
│   198 │   │   │   │   request=response.request,                              │
│   199 │   │   │   │   response=response,                                     │
╰──────────────────────────────────────────────────────────────────────────────╯
ColabRequestError: Failed to issue request POST 
https://colab.research.google.com/tun/m/assign?nbh=3bbe1437_2daa_4535_840c_7737b
557ec82........&variant=GPU&accelerator=T4: Service Unavailable

2026-09-05 13:55:04 fm-socrates: assign T4 flaky — retry in 30s
2026-09-05 13:55:34 + colab --auth=adc new -s fm-socrates --gpu L4
2026-09-05 13:55:39 [colab] Creating session 'fm-socrates'...
[colab] Backend rejected accelerator 'L4'. You may not have quota or entitlement for this accelerator on your account. Try a different one (e.g. --gpu T4) or omit --gpu/--tpu for a CPU runtime.

2026-09-05 13:55:39 fm-socrates: L4 unavailable — trying next
2026-09-05 13:55:41 + colab --auth=adc new -s fm-socrates --gpu T4
2026-09-05 13:55:42 se Body: {response.text}")           │
│   195 │   │   if not response.ok:                                            │
│ ❱ 196 │   │   │   raise ColabRequestError(                                   │
│   197 │   │   │   │   f"Failed to issue request {method} {endpoint}:         │
│       {response.reason}",                                                    │
│   198 │   │   │   │   request=response.request,                              │
│   199 │   │   │   │   response=response,                                     │
╰──────────────────────────────────────────────────────────────────────────────╯
ColabRequestError: Failed to issue request POST 
https://colab.research.google.com/tun/m/assign?nbh=82b274c1_e1e4_48fc_b9ae_2b7eb
e79b287........&variant=GPU&accelerator=T4: Service Unavailable

2026-09-05 13:55:42 fm-socrates: assign T4 flaky — retry in 30s
2026-09-05 13:56:12 + colab --auth=adc new -s fm-socrates --gpu L4
2026-09-05 13:56:18 [colab] Creating session 'fm-socrates'...
[colab] Backend rejected accelerator 'L4'. You may not have quota or entitlement for this accelerator on your account. Try a different one (e.g. --gpu T4) or omit --gpu/--tpu for a CPU runtime.

2026-09-05 13:56:18 fm-socrates: L4 unavailable — trying next
2026-09-05 13:56:20 + colab --auth=adc new -s fm-socrates --gpu T4
2026-09-05 13:56:21 se Body: {response.text}")           │
│   195 │   │   if not response.ok:                                            │
│ ❱ 196 │   │   │   raise ColabRequestError(                                   │
│   197 │   │   │   │   f"Failed to issue request {method} {endpoint}:         │
│       {response.reason}",                                                    │
│   198 │   │   │   │   request=response.request,                              │
│   199 │   │   │   │   response=response,                                     │
╰──────────────────────────────────────────────────────────────────────────────╯
ColabRequestError: Failed to issue request POST 
https://colab.research.google.com/tun/m/assign?nbh=19540fa8_efca_412c_88a2_e6b24
fbb1853........&variant=GPU&accelerator=T4: Service Unavailable

2026-09-05 13:56:21 fm-socrates: assign T4 flaky — retry in 30s
2026-09-05 13:56:52 + colab --auth=adc new -s fm-socrates --gpu L4
2026-09-05 13:56:55 [colab] Creating session 'fm-socrates'...
[colab] Backend rejected accelerator 'L4'. You may not have quota or entitlement for this accelerator on your account. Try a different one (e.g. --gpu T4) or omit --gpu/--tpu for a CPU runtime.

2026-09-05 13:56:55 fm-socrates: L4 unavailable — trying next
2026-09-05 13:56:57 + colab --auth=adc new -s fm-socrates --gpu T4
2026-09-05 13:57:00 se Body: {response.text}")           │
│   195 │   │   if not response.ok:                                            │
│ ❱ 196 │   │   │   raise ColabRequestError(                                   │
│   197 │   │   │   │   f"Failed to issue request {method} {endpoint}:         │
│       {response.reason}",                                                    │
│   198 │   │   │   │   request=response.request,                              │
│   199 │   │   │   │   response=response,                                     │
╰──────────────────────────────────────────────────────────────────────────────╯
ColabRequestError: Failed to issue request POST 
https://colab.research.google.com/tun/m/assign?nbh=a4fc71ca_02c0_4e74_b899_25272
76cd05f........&variant=GPU&accelerator=T4: Service Unavailable

2026-09-05 13:57:00 fm-socrates: assign T4 flaky — retry in 30s
2026-09-05 13:57:31 + colab --auth=adc new -s fm-socrates --gpu L4
2026-09-05 13:57:32 [colab] Creating session 'fm-socrates'...
[colab] Backend rejected accelerator 'L4'. You may not have quota or entitlement for this accelerator on your account. Try a different one (e.g. --gpu T4) or omit --gpu/--tpu for a CPU runtime.

2026-09-05 13:57:32 fm-socrates: L4 unavailable — trying next
2026-09-05 13:57:34 + colab --auth=adc new -s fm-socrates --gpu T4
2026-09-05 13:57:35 se Body: {response.text}")           │
│   195 │   │   if not response.ok:                                            │
│ ❱ 196 │   │   │   raise ColabRequestError(                                   │
│   197 │   │   │   │   f"Failed to issue request {method} {endpoint}:         │
│       {response.reason}",                                                    │
│   198 │   │   │   │   request=response.request,                              │
│   199 │   │   │   │   response=response,                                     │
╰──────────────────────────────────────────────────────────────────────────────╯
ColabRequestError: Failed to issue request POST 
https://colab.research.google.com/tun/m/assign?nbh=f6786814_b65c_4215_88e8_9db31
ea56006........&variant=GPU&accelerator=T4: Service Unavailable

2026-09-05 13:57:35 fm-socrates: assign T4 flaky — retry in 30s
2026-09-05 13:58:05 + colab --auth=adc new -s fm-socrates --gpu L4
2026-09-05 13:58:06 [colab] Creating session 'fm-socrates'...
[colab] Backend rejected accelerator 'L4'. You may not have quota or entitlement for this accelerator on your account. Try a different one (e.g. --gpu T4) or omit --gpu/--tpu for a CPU runtime.

2026-09-05 13:58:06 fm-socrates: L4 unavailable — trying next
2026-09-05 13:58:08 + colab --auth=adc new -s fm-socrates --gpu T4
2026-09-05 13:58:09 se Body: {response.text}")           │
│   195 │   │   if not response.ok:                                            │
│ ❱ 196 │   │   │   raise ColabRequestError(                                   │
│   197 │   │   │   │   f"Failed to issue request {method} {endpoint}:         │
│       {response.reason}",                                                    │
│   198 │   │   │   │   request=response.request,                              │
│   199 │   │   │   │   response=response,                                     │
╰──────────────────────────────────────────────────────────────────────────────╯
ColabRequestError: Failed to issue request POST 
https://colab.research.google.com/tun/m/assign?nbh=df50c039_2b08_4033_8fba_bc985
facfbee........&variant=GPU&accelerator=T4: Service Unavailable

2026-09-05 13:58:09 fm-socrates: assign T4 flaky — retry in 30s
2026-09-05 13:58:40 + colab --auth=adc new -s fm-socrates --gpu L4
2026-09-05 13:58:41 [colab] Creating session 'fm-socrates'...
[colab] Backend rejected accelerator 'L4'. You may not have quota or entitlement for this accelerator on your account. Try a different one (e.g. --gpu T4) or omit --gpu/--tpu for a CPU runtime.

2026-09-05 13:58:41 fm-socrates: L4 unavailable — trying next
2026-09-05 13:58:43 + colab --auth=adc new -s fm-socrates --gpu T4
2026-09-05 13:58:44 se Body: {response.text}")           │
│   195 │   │   if not response.ok:                                            │
│ ❱ 196 │   │   │   raise ColabRequestError(                                   │
│   197 │   │   │   │   f"Failed to issue request {method} {endpoint}:         │
│       {response.reason}",                                                    │
│   198 │   │   │   │   request=response.request,                              │
│   199 │   │   │   │   response=response,                                     │
╰──────────────────────────────────────────────────────────────────────────────╯
ColabRequestError: Failed to issue request POST 
https://colab.research.google.com/tun/m/assign?nbh=f7d42c67_54ba_4ed2_ac54_3ff63
7366188........&variant=GPU&accelerator=T4: Service Unavailable

2026-09-05 13:58:44 fm-socrates: assign T4 flaky — retry in 30s
2026-09-05 13:59:14 + colab --auth=adc new -s fm-socrates --gpu L4
2026-09-05 13:59:16 [colab] Creating session 'fm-socrates'...
[colab] Backend rejected accelerator 'L4'. You may not have quota or entitlement for this accelerator on your account. Try a different one (e.g. --gpu T4) or omit --gpu/--tpu for a CPU runtime.

2026-09-05 13:59:16 fm-socrates: L4 unavailable — trying next
2026-09-05 13:59:18 + colab --auth=adc new -s fm-socrates --gpu T4
2026-09-05 13:59:19 se Body: {response.text}")           │
│   195 │   │   if not response.ok:                                            │
│ ❱ 196 │   │   │   raise ColabRequestError(                                   │
│   197 │   │   │   │   f"Failed to issue request {method} {endpoint}:         │
│       {response.reason}",                                                    │
│   198 │   │   │   │   request=response.request,                              │
│   199 │   │   │   │   response=response,                                     │
╰──────────────────────────────────────────────────────────────────────────────╯
ColabRequestError: Failed to issue request POST 
https://colab.research.google.com/tun/m/assign?nbh=5d3f6e22_474b_4550_8b6c_e9ed3
e71b3d3........&variant=GPU&accelerator=T4: Service Unavailable

2026-09-05 13:59:19 fm-socrates: assign T4 flaky — retry in 30s
2026-09-05 13:59:49 + colab --auth=adc new -s fm-socrates --gpu L4
2026-09-05 13:59:51 [colab] Creating session 'fm-socrates'...
[colab] Backend rejected accelerator 'L4'. You may not have quota or entitlement for this accelerator on your account. Try a different one (e.g. --gpu T4) or omit --gpu/--tpu for a CPU runtime.

2026-09-05 13:59:51 fm-socrates: L4 unavailable — trying next
2026-09-05 13:59:53 + colab --auth=adc new -s fm-socrates --gpu T4
2026-09-05 13:59:54 se Body: {response.text}")           │
│   195 │   │   if not response.ok:                                            │
│ ❱ 196 │   │   │   raise ColabRequestError(                                   │
│   197 │   │   │   │   f"Failed to issue request {method} {endpoint}:         │
│       {response.reason}",                                                    │
│   198 │   │   │   │   request=response.request,                              │
│   199 │   │   │   │   response=response,                                     │
╰──────────────────────────────────────────────────────────────────────────────╯
ColabRequestError: Failed to issue request POST 
https://colab.research.google.com/tun/m/assign?nbh=c2f53111_9c2d_4f62_9124_ea585
0d04e91........&variant=GPU&accelerator=T4: Service Unavailable

2026-09-05 13:59:54 fm-socrates: assign T4 flaky — retry in 30s
2026-09-05 14:00:24 + colab --auth=adc new -s fm-socrates --gpu L4
2026-09-05 14:00:25 [colab] Creating session 'fm-socrates'...
[colab] Backend rejected accelerator 'L4'. You may not have quota or entitlement for this accelerator on your account. Try a different one (e.g. --gpu T4) or omit --gpu/--tpu for a CPU runtime.

2026-09-05 14:00:25 fm-socrates: L4 unavailable — trying next
2026-09-05 14:00:27 + colab --auth=adc new -s fm-socrates --gpu T4
2026-09-05 14:00:29 se Body: {response.text}")           │
│   195 │   │   if not response.ok:                                            │
│ ❱ 196 │   │   │   raise ColabRequestError(                                   │
│   197 │   │   │   │   f"Failed to issue request {method} {endpoint}:         │
│       {response.reason}",                                                    │
│   198 │   │   │   │   request=response.request,                              │
│   199 │   │   │   │   response=response,                                     │
╰──────────────────────────────────────────────────────────────────────────────╯
ColabRequestError: Failed to issue request POST 
https://colab.research.google.com/tun/m/assign?nbh=83cdc8bc_8869_4448_b886_dc68a
cf3e715........&variant=GPU&accelerator=T4: Service Unavailable

2026-09-05 14:00:29 fm-socrates: assign T4 flaky — retry in 30s
2026-09-05 14:00:59 + colab --auth=adc new -s fm-socrates --gpu L4
2026-09-05 14:01:00 [colab] Creating session 'fm-socrates'...
[colab] Backend rejected accelerator 'L4'. You may not have quota or entitlement for this accelerator on your account. Try a different one (e.g. --gpu T4) or omit --gpu/--tpu for a CPU runtime.

2026-09-05 14:01:00 fm-socrates: L4 unavailable — trying next
2026-09-05 14:01:02 + colab --auth=adc new -s fm-socrates --gpu T4
2026-09-05 14:01:03 se Body: {response.text}")           │
│   195 │   │   if not response.ok:                                            │
│ ❱ 196 │   │   │   raise ColabRequestError(                                   │
│   197 │   │   │   │   f"Failed to issue request {method} {endpoint}:         │
│       {response.reason}",                                                    │
│   198 │   │   │   │   request=response.request,                              │
│   199 │   │   │   │   response=response,                                     │
╰──────────────────────────────────────────────────────────────────────────────╯
ColabRequestError: Failed to issue request POST 
https://colab.research.google.com/tun/m/assign?nbh=b8a5d8cc_d130_4905_b40c_9f4e9
21e3ec1........&variant=GPU&accelerator=T4: Service Unavailable

2026-09-05 14:01:03 fm-socrates: assign T4 flaky — retry in 30s
2026-09-05 14:01:33 + colab --auth=adc new -s fm-socrates --gpu L4
2026-09-05 14:01:35 [colab] Creating session 'fm-socrates'...
[colab] Backend rejected accelerator 'L4'. You may not have quota or entitlement for this accelerator on your account. Try a different one (e.g. --gpu T4) or omit --gpu/--tpu for a CPU runtime.

2026-09-05 14:01:35 fm-socrates: L4 unavailable — trying next
2026-09-05 14:01:37 + colab --auth=adc new -s fm-socrates --gpu T4
2026-09-05 14:01:38 se Body: {response.text}")           │
│   195 │   │   if not response.ok:                                            │
│ ❱ 196 │   │   │   raise ColabRequestError(                                   │
│   197 │   │   │   │   f"Failed to issue request {method} {endpoint}:         │
│       {response.reason}",                                                    │
│   198 │   │   │   │   request=response.request,                              │
│   199 │   │   │   │   response=response,                                     │
╰──────────────────────────────────────────────────────────────────────────────╯
ColabRequestError: Failed to issue request POST 
https://colab.research.google.com/tun/m/assign?nbh=a084b4c1_1f85_4488_88cc_8f8d9
ef76106........&variant=GPU&accelerator=T4: Service Unavailable

2026-09-05 14:01:38 fm-socrates: assign T4 flaky — retry in 30s
2026-09-05 14:02:08 + colab --auth=adc new -s fm-socrates --gpu L4
2026-09-05 14:02:09 [colab] Creating session 'fm-socrates'...
[colab] Backend rejected accelerator 'L4'. You may not have quota or entitlement for this accelerator on your account. Try a different one (e.g. --gpu T4) or omit --gpu/--tpu for a CPU runtime.

2026-09-05 14:02:09 fm-socrates: L4 unavailable — trying next
2026-09-05 14:02:11 + colab --auth=adc new -s fm-socrates --gpu T4
2026-09-05 14:02:12 se Body: {response.text}")           │
│   195 │   │   if not response.ok:                                            │
│ ❱ 196 │   │   │   raise ColabRequestError(                                   │
│   197 │   │   │   │   f"Failed to issue request {method} {endpoint}:         │
│       {response.reason}",                                                    │
│   198 │   │   │   │   request=response.request,                              │
│   199 │   │   │   │   response=response,                                     │
╰──────────────────────────────────────────────────────────────────────────────╯
ColabRequestError: Failed to issue request POST 
https://colab.research.google.com/tun/m/assign?nbh=32c78f63_691d_4246_af3d_229a4
d09bddb........&variant=GPU&accelerator=T4: Service Unavailable

2026-09-05 14:02:12 fm-socrates: assign T4 flaky — retry in 30s
2026-09-05 14:02:42 + colab --auth=adc new -s fm-socrates --gpu L4
2026-09-05 14:02:45 [colab] Creating session 'fm-socrates'...
[colab] Backend rejected accelerator 'L4'. You may not have quota or entitlement for this accelerator on your account. Try a different one (e.g. --gpu T4) or omit --gpu/--tpu for a CPU runtime.

2026-09-05 14:02:45 fm-socrates: L4 unavailable — trying next
2026-09-05 14:02:47 + colab --auth=adc new -s fm-socrates --gpu T4
2026-09-05 14:02:49 se Body: {response.text}")           │
│   195 │   │   if not response.ok:                                            │
│ ❱ 196 │   │   │   raise ColabRequestError(                                   │
│   197 │   │   │   │   f"Failed to issue request {method} {endpoint}:         │
│       {response.reason}",                                                    │
│   198 │   │   │   │   request=response.request,                              │
│   199 │   │   │   │   response=response,                                     │
╰──────────────────────────────────────────────────────────────────────────────╯
ColabRequestError: Failed to issue request POST 
https://colab.research.google.com/tun/m/assign?nbh=18321c4b_3fe6_4d74_872c_73f1f
a630d78........&variant=GPU&accelerator=T4: Service Unavailable

2026-09-05 14:02:49 fm-socrates: assign T4 flaky — retry in 30s
2026-09-05 14:03:19 + colab --auth=adc new -s fm-socrates --gpu L4
2026-09-05 14:03:20 [colab] Creating session 'fm-socrates'...
[colab] Backend rejected accelerator 'L4'. You may not have quota or entitlement for this accelerator on your account. Try a different one (e.g. --gpu T4) or omit --gpu/--tpu for a CPU runtime.

2026-09-05 14:03:20 fm-socrates: L4 unavailable — trying next
2026-09-05 14:03:22 + colab --auth=adc new -s fm-socrates --gpu T4
2026-09-05 14:03:23 se Body: {response.text}")           │
│   195 │   │   if not response.ok:                                            │
│ ❱ 196 │   │   │   raise ColabRequestError(                                   │
│   197 │   │   │   │   f"Failed to issue request {method} {endpoint}:         │
│       {response.reason}",                                                    │
│   198 │   │   │   │   request=response.request,                              │
│   199 │   │   │   │   response=response,                                     │
╰──────────────────────────────────────────────────────────────────────────────╯
ColabRequestError: Failed to issue request POST 
https://colab.research.google.com/tun/m/assign?nbh=1aed266c_d350_4b4e_8250_ffb62
52bb85a........&variant=GPU&accelerator=T4: Service Unavailable

2026-09-05 14:03:23 fm-socrates: assign T4 flaky — retry in 30s
2026-09-05 14:03:53 + colab --auth=adc new -s fm-socrates --gpu L4
2026-09-05 14:03:55 [colab] Creating session 'fm-socrates'...
[colab] Backend rejected accelerator 'L4'. You may not have quota or entitlement for this accelerator on your account. Try a different one (e.g. --gpu T4) or omit --gpu/--tpu for a CPU runtime.

2026-09-05 14:03:55 fm-socrates: L4 unavailable — trying next
2026-09-05 14:03:57 + colab --auth=adc new -s fm-socrates --gpu T4
2026-09-05 14:03:58 se Body: {response.text}")           │
│   195 │   │   if not response.ok:                                            │
│ ❱ 196 │   │   │   raise ColabRequestError(                                   │
│   197 │   │   │   │   f"Failed to issue request {method} {endpoint}:         │
│       {response.reason}",                                                    │
│   198 │   │   │   │   request=response.request,                              │
│   199 │   │   │   │   response=response,                                     │
╰──────────────────────────────────────────────────────────────────────────────╯
ColabRequestError: Failed to issue request POST 
https://colab.research.google.com/tun/m/assign?nbh=4c1ef4cb_1b1c_4cc7_9007_ecd0f
481e5ee........&variant=GPU&accelerator=T4: Service Unavailable

2026-09-05 14:03:58 fm-socrates: assign T4 flaky — retry in 30s
2026-09-05 14:04:28 + colab --auth=adc new -s fm-socrates --gpu L4
2026-09-05 14:04:29 [colab] Creating session 'fm-socrates'...
[colab] Backend rejected accelerator 'L4'. You may not have quota or entitlement for this accelerator on your account. Try a different one (e.g. --gpu T4) or omit --gpu/--tpu for a CPU runtime.

2026-09-05 14:04:29 fm-socrates: L4 unavailable — trying next
2026-09-05 14:04:31 + colab --auth=adc new -s fm-socrates --gpu T4
2026-09-05 14:04:33 se Body: {response.text}")           │
│   195 │   │   if not response.ok:                                            │
│ ❱ 196 │   │   │   raise ColabRequestError(                                   │
│   197 │   │   │   │   f"Failed to issue request {method} {endpoint}:         │
│       {response.reason}",                                                    │
│   198 │   │   │   │   request=response.request,                              │
│   199 │   │   │   │   response=response,                                     │
╰──────────────────────────────────────────────────────────────────────────────╯
ColabRequestError: Failed to issue request POST 
https://colab.research.google.com/tun/m/assign?nbh=c62dc364_287a_4403_9301_5b38b
8f3520a........&variant=GPU&accelerator=T4: Service Unavailable

2026-09-05 14:04:33 fm-socrates: assign T4 flaky — retry in 30s
2026-09-05 14:05:03 + colab --auth=adc new -s fm-socrates --gpu L4
2026-09-05 14:05:04 [colab] Creating session 'fm-socrates'...
[colab] Backend rejected accelerator 'L4'. You may not have quota or entitlement for this accelerator on your account. Try a different one (e.g. --gpu T4) or omit --gpu/--tpu for a CPU runtime.

2026-09-05 14:05:04 fm-socrates: L4 unavailable — trying next
2026-09-05 14:05:06 + colab --auth=adc new -s fm-socrates --gpu T4
2026-09-05 14:05:07 se Body: {response.text}")           │
│   195 │   │   if not response.ok:                                            │
│ ❱ 196 │   │   │   raise ColabRequestError(                                   │
│   197 │   │   │   │   f"Failed to issue request {method} {endpoint}:         │
│       {response.reason}",                                                    │
│   198 │   │   │   │   request=response.request,                              │
│   199 │   │   │   │   response=response,                                     │
╰──────────────────────────────────────────────────────────────────────────────╯
ColabRequestError: Failed to issue request POST 
https://colab.research.google.com/tun/m/assign?nbh=aee7644d_cfbc_4495_9d2c_ff7cb
f5ea02b........&variant=GPU&accelerator=T4: Service Unavailable

2026-09-05 14:05:07 fm-socrates: assign T4 flaky — retry in 30s
2026-09-05 14:05:37 + colab --auth=adc new -s fm-socrates --gpu L4
2026-09-05 14:05:39 [colab] Creating session 'fm-socrates'...
[colab] Backend rejected accelerator 'L4'. You may not have quota or entitlement for this accelerator on your account. Try a different one (e.g. --gpu T4) or omit --gpu/--tpu for a CPU runtime.

2026-09-05 14:05:39 fm-socrates: L4 unavailable — trying next
2026-09-05 14:05:41 + colab --auth=adc new -s fm-socrates --gpu T4
2026-09-05 14:05:42 se Body: {response.text}")           │
│   195 │   │   if not response.ok:                                            │
│ ❱ 196 │   │   │   raise ColabRequestError(                                   │
│   197 │   │   │   │   f"Failed to issue request {method} {endpoint}:         │
│       {response.reason}",                                                    │
│   198 │   │   │   │   request=response.request,                              │
│   199 │   │   │   │   response=response,                                     │
╰──────────────────────────────────────────────────────────────────────────────╯
ColabRequestError: Failed to issue request POST 
https://colab.research.google.com/tun/m/assign?nbh=13c74ac9_708d_43ac_8411_9af28
17943e5........&variant=GPU&accelerator=T4: Service Unavailable

2026-09-05 14:05:42 fm-socrates: assign T4 flaky — retry in 30s
2026-09-05 14:06:12 + colab --auth=adc new -s fm-socrates --gpu L4
2026-09-05 14:06:13 [colab] Creating session 'fm-socrates'...
[colab] Backend rejected accelerator 'L4'. You may not have quota or entitlement for this accelerator on your account. Try a different one (e.g. --gpu T4) or omit --gpu/--tpu for a CPU runtime.

2026-09-05 14:06:13 fm-socrates: L4 unavailable — trying next
2026-09-05 14:06:15 + colab --auth=adc new -s fm-socrates --gpu T4
2026-09-05 14:06:17 se Body: {response.text}")           │
│   195 │   │   if not response.ok:                                            │
│ ❱ 196 │   │   │   raise ColabRequestError(                                   │
│   197 │   │   │   │   f"Failed to issue request {method} {endpoint}:         │
│       {response.reason}",                                                    │
│   198 │   │   │   │   request=response.request,                              │
│   199 │   │   │   │   response=response,                                     │
╰──────────────────────────────────────────────────────────────────────────────╯
ColabRequestError: Failed to issue request POST 
https://colab.research.google.com/tun/m/assign?nbh=12d0bc8a_51c2_44cd_81ae_ab479
e366a2f........&variant=GPU&accelerator=T4: Service Unavailable

2026-09-05 14:06:17 fm-socrates: assign T4 flaky — retry in 30s
2026-09-05 14:06:47 + colab --auth=adc new -s fm-socrates --gpu L4
2026-09-05 14:06:48 [colab] Creating session 'fm-socrates'...
[colab] Backend rejected accelerator 'L4'. You may not have quota or entitlement for this accelerator on your account. Try a different one (e.g. --gpu T4) or omit --gpu/--tpu for a CPU runtime.

2026-09-05 14:06:48 fm-socrates: L4 unavailable — trying next
2026-09-05 14:06:50 + colab --auth=adc new -s fm-socrates --gpu T4
2026-09-05 14:06:51 se Body: {response.text}")           │
│   195 │   │   if not response.ok:                                            │
│ ❱ 196 │   │   │   raise ColabRequestError(                                   │
│   197 │   │   │   │   f"Failed to issue request {method} {endpoint}:         │
│       {response.reason}",                                                    │
│   198 │   │   │   │   request=response.request,                              │
│   199 │   │   │   │   response=response,                                     │
╰──────────────────────────────────────────────────────────────────────────────╯
ColabRequestError: Failed to issue request POST 
https://colab.research.google.com/tun/m/assign?nbh=959787c1_d963_416d_8e7f_ffdc1
f5775d8........&variant=GPU&accelerator=T4: Service Unavailable

2026-09-05 14:06:51 fm-socrates: assign T4 flaky — retry in 30s
2026-09-05 14:07:21 + colab --auth=adc new -s fm-socrates --gpu L4
2026-09-05 14:07:37 [colab] Creating session 'fm-socrates'...
[colab] Backend rejected accelerator 'L4'. You may not have quota or entitlement for this accelerator on your account. Try a different one (e.g. --gpu T4) or omit --gpu/--tpu for a CPU runtime.

2026-09-05 14:07:37 fm-socrates: L4 unavailable — trying next
2026-09-05 14:07:39 + colab --auth=adc new -s fm-socrates --gpu T4
2026-09-05 14:07:40 se Body: {response.text}")           │
│   195 │   │   if not response.ok:                                            │
│ ❱ 196 │   │   │   raise ColabRequestError(                                   │
│   197 │   │   │   │   f"Failed to issue request {method} {endpoint}:         │
│       {response.reason}",                                                    │
│   198 │   │   │   │   request=response.request,                              │
│   199 │   │   │   │   response=response,                                     │
╰──────────────────────────────────────────────────────────────────────────────╯
ColabRequestError: Failed to issue request POST 
https://colab.research.google.com/tun/m/assign?nbh=1dc29b1b_0c37_4b76_a9e1_bf1e4
8307837........&variant=GPU&accelerator=T4: Service Unavailable

2026-09-05 14:07:40 fm-socrates: assign T4 flaky — retry in 30s
2026-09-05 14:08:10 + colab --auth=adc new -s fm-socrates --gpu L4
2026-09-05 14:08:12 [colab] Creating session 'fm-socrates'...
[colab] Backend rejected accelerator 'L4'. You may not have quota or entitlement for this accelerator on your account. Try a different one (e.g. --gpu T4) or omit --gpu/--tpu for a CPU runtime.

2026-09-05 14:08:12 fm-socrates: L4 unavailable — trying next
2026-09-05 14:08:14 + colab --auth=adc new -s fm-socrates --gpu T4
2026-09-05 14:08:15 se Body: {response.text}")           │
│   195 │   │   if not response.ok:                                            │
│ ❱ 196 │   │   │   raise ColabRequestError(                                   │
│   197 │   │   │   │   f"Failed to issue request {method} {endpoint}:         │
│       {response.reason}",                                                    │
│   198 │   │   │   │   request=response.request,                              │
│   199 │   │   │   │   response=response,                                     │
╰──────────────────────────────────────────────────────────────────────────────╯
ColabRequestError: Failed to issue request POST 
https://colab.research.google.com/tun/m/assign?nbh=dbc988c0_a218_4c9e_b419_bcdd0
8a7c32a........&variant=GPU&accelerator=T4: Service Unavailable

2026-09-05 14:08:15 fm-socrates: assign T4 flaky — retry in 30s
2026-09-05 14:08:45 + colab --auth=adc new -s fm-socrates --gpu L4
2026-09-05 14:08:46 [colab] Creating session 'fm-socrates'...
[colab] Backend rejected accelerator 'L4'. You may not have quota or entitlement for this accelerator on your account. Try a different one (e.g. --gpu T4) or omit --gpu/--tpu for a CPU runtime.

2026-09-05 14:08:46 fm-socrates: L4 unavailable — trying next
2026-09-05 14:08:48 + colab --auth=adc new -s fm-socrates --gpu T4
2026-09-05 14:08:49 se Body: {response.text}")           │
│   195 │   │   if not response.ok:                                            │
│ ❱ 196 │   │   │   raise ColabRequestError(                                   │
│   197 │   │   │   │   f"Failed to issue request {method} {endpoint}:         │
│       {response.reason}",                                                    │
│   198 │   │   │   │   request=response.request,                              │
│   199 │   │   │   │   response=response,                                     │
╰──────────────────────────────────────────────────────────────────────────────╯
ColabRequestError: Failed to issue request POST 
https://colab.research.google.com/tun/m/assign?nbh=c8ac305a_7c4c_4079_bd16_46cac
e8cb2ab........&variant=GPU&accelerator=T4: Service Unavailable

2026-09-05 14:08:49 fm-socrates: assign T4 flaky — retry in 30s
2026-09-05 14:09:19 + colab --auth=adc new -s fm-socrates --gpu L4
2026-09-05 14:09:22 [colab] Creating session 'fm-socrates'...
[colab] Backend rejected accelerator 'L4'. You may not have quota or entitlement for this accelerator on your account. Try a different one (e.g. --gpu T4) or omit --gpu/--tpu for a CPU runtime.

2026-09-05 14:09:22 fm-socrates: L4 unavailable — trying next
2026-09-05 14:09:24 + colab --auth=adc new -s fm-socrates --gpu T4
2026-09-05 14:09:25 se Body: {response.text}")           │
│   195 │   │   if not response.ok:                                            │
│ ❱ 196 │   │   │   raise ColabRequestError(                                   │
│   197 │   │   │   │   f"Failed to issue request {method} {endpoint}:         │
│       {response.reason}",                                                    │
│   198 │   │   │   │   request=response.request,                              │
│   199 │   │   │   │   response=response,                                     │
╰──────────────────────────────────────────────────────────────────────────────╯
ColabRequestError: Failed to issue request POST 
https://colab.research.google.com/tun/m/assign?nbh=705873a9_20d7_458f_8961_2fb9f
9ad16e7........&variant=GPU&accelerator=T4: Service Unavailable

2026-09-05 14:09:25 fm-socrates: assign T4 flaky — retry in 30s
2026-09-05 14:09:55 + colab --auth=adc new -s fm-socrates --gpu L4
2026-09-05 14:09:56 [colab] Creating session 'fm-socrates'...
[colab] Backend rejected accelerator 'L4'. You may not have quota or entitlement for this accelerator on your account. Try a different one (e.g. --gpu T4) or omit --gpu/--tpu for a CPU runtime.

2026-09-05 14:09:56 fm-socrates: L4 unavailable — trying next
2026-09-05 14:09:58 + colab --auth=adc new -s fm-socrates --gpu T4
2026-09-05 14:10:00 se Body: {response.text}")           │
│   195 │   │   if not response.ok:                                            │
│ ❱ 196 │   │   │   raise ColabRequestError(                                   │
│   197 │   │   │   │   f"Failed to issue request {method} {endpoint}:         │
│       {response.reason}",                                                    │
│   198 │   │   │   │   request=response.request,                              │
│   199 │   │   │   │   response=response,                                     │
╰──────────────────────────────────────────────────────────────────────────────╯
ColabRequestError: Failed to issue request POST 
https://colab.research.google.com/tun/m/assign?nbh=0fc7782b_aade_49c1_bff9_4e524
7555180........&variant=GPU&accelerator=T4: Service Unavailable

2026-09-05 14:10:00 fm-socrates: assign T4 flaky — retry in 30s
2026-09-05 14:10:30 + colab --auth=adc new -s fm-socrates --gpu L4
2026-09-05 14:10:31 [colab] Creating session 'fm-socrates'...
[colab] Backend rejected accelerator 'L4'. You may not have quota or entitlement for this accelerator on your account. Try a different one (e.g. --gpu T4) or omit --gpu/--tpu for a CPU runtime.

2026-09-05 14:10:31 fm-socrates: L4 unavailable — trying next
2026-09-05 14:10:33 + colab --auth=adc new -s fm-socrates --gpu T4
2026-09-05 14:10:34 se Body: {response.text}")           │
│   195 │   │   if not response.ok:                                            │
│ ❱ 196 │   │   │   raise ColabRequestError(                                   │
│   197 │   │   │   │   f"Failed to issue request {method} {endpoint}:         │
│       {response.reason}",                                                    │
│   198 │   │   │   │   request=response.request,                              │
│   199 │   │   │   │   response=response,                                     │
╰──────────────────────────────────────────────────────────────────────────────╯
ColabRequestError: Failed to issue request POST 
https://colab.research.google.com/tun/m/assign?nbh=2ba6112e_c478_4716_b679_24623
88d2bd7........&variant=GPU&accelerator=T4: Service Unavailable

2026-09-05 14:10:34 fm-socrates: assign T4 flaky — retry in 30s
2026-09-05 14:11:04 + colab --auth=adc new -s fm-socrates --gpu L4
2026-09-05 14:11:06 [colab] Creating session 'fm-socrates'...
[colab] Backend rejected accelerator 'L4'. You may not have quota or entitlement for this accelerator on your account. Try a different one (e.g. --gpu T4) or omit --gpu/--tpu for a CPU runtime.

2026-09-05 14:11:06 fm-socrates: L4 unavailable — trying next
2026-09-05 14:11:08 + colab --auth=adc new -s fm-socrates --gpu T4
2026-09-05 14:11:09 se Body: {response.text}")           │
│   195 │   │   if not response.ok:                                            │
│ ❱ 196 │   │   │   raise ColabRequestError(                                   │
│   197 │   │   │   │   f"Failed to issue request {method} {endpoint}:         │
│       {response.reason}",                                                    │
│   198 │   │   │   │   request=response.request,                              │
│   199 │   │   │   │   response=response,                                     │
╰──────────────────────────────────────────────────────────────────────────────╯
ColabRequestError: Failed to issue request POST 
https://colab.research.google.com/tun/m/assign?nbh=328971d2_ddc5_4796_a7cd_83c12
e2a4222........&variant=GPU&accelerator=T4: Service Unavailable

2026-09-05 14:11:09 fm-socrates: assign T4 flaky — retry in 30s
2026-09-05 14:11:39 + colab --auth=adc new -s fm-socrates --gpu L4
2026-09-05 14:11:41 [colab] Creating session 'fm-socrates'...
[colab] Backend rejected accelerator 'L4'. You may not have quota or entitlement for this accelerator on your account. Try a different one (e.g. --gpu T4) or omit --gpu/--tpu for a CPU runtime.

2026-09-05 14:11:41 fm-socrates: L4 unavailable — trying next
2026-09-05 14:11:43 + colab --auth=adc new -s fm-socrates --gpu T4
2026-09-05 14:11:44 se Body: {response.text}")           │
│   195 │   │   if not response.ok:                                            │
│ ❱ 196 │   │   │   raise ColabRequestError(                                   │
│   197 │   │   │   │   f"Failed to issue request {method} {endpoint}:         │
│       {response.reason}",                                                    │
│   198 │   │   │   │   request=response.request,                              │
│   199 │   │   │   │   response=response,                                     │
╰──────────────────────────────────────────────────────────────────────────────╯
ColabRequestError: Failed to issue request POST 
https://colab.research.google.com/tun/m/assign?nbh=9c27ee60_04c9_4472_9846_093f5
1f9d5be........&variant=GPU&accelerator=T4: Service Unavailable

2026-09-05 14:11:44 fm-socrates: assign T4 flaky — retry in 30s
2026-09-05 14:12:14 + colab --auth=adc new -s fm-socrates --gpu L4
2026-09-05 14:12:30 [colab] Creating session 'fm-socrates'...
[colab] Backend rejected accelerator 'L4'. You may not have quota or entitlement for this accelerator on your account. Try a different one (e.g. --gpu T4) or omit --gpu/--tpu for a CPU runtime.

2026-09-05 14:12:30 fm-socrates: L4 unavailable — trying next
2026-09-05 14:12:32 + colab --auth=adc new -s fm-socrates --gpu T4
2026-09-05 14:12:48 se Body: {response.text}")           │
│   195 │   │   if not response.ok:                                            │
│ ❱ 196 │   │   │   raise ColabRequestError(                                   │
│   197 │   │   │   │   f"Failed to issue request {method} {endpoint}:         │
│       {response.reason}",                                                    │
│   198 │   │   │   │   request=response.request,                              │
│   199 │   │   │   │   response=response,                                     │
╰──────────────────────────────────────────────────────────────────────────────╯
ColabRequestError: Failed to issue request POST 
https://colab.research.google.com/tun/m/assign?nbh=42a8d804_07d0_46f7_969f_248b9
0af4435........&variant=GPU&accelerator=T4: Service Unavailable

2026-09-05 14:12:48 fm-socrates: assign T4 flaky — retry in 30s
2026-09-05 14:13:18 + colab --auth=adc new -s fm-socrates --gpu L4
2026-09-05 14:13:21 [colab] Creating session 'fm-socrates'...
[colab] Backend rejected accelerator 'L4'. You may not have quota or entitlement for this accelerator on your account. Try a different one (e.g. --gpu T4) or omit --gpu/--tpu for a CPU runtime.

2026-09-05 14:13:21 fm-socrates: L4 unavailable — trying next
2026-09-05 14:13:23 + colab --auth=adc new -s fm-socrates --gpu T4
2026-09-05 14:13:24 se Body: {response.text}")           │
│   195 │   │   if not response.ok:                                            │
│ ❱ 196 │   │   │   raise ColabRequestError(                                   │
│   197 │   │   │   │   f"Failed to issue request {method} {endpoint}:         │
│       {response.reason}",                                                    │
│   198 │   │   │   │   request=response.request,                              │
│   199 │   │   │   │   response=response,                                     │
╰──────────────────────────────────────────────────────────────────────────────╯
ColabRequestError: Failed to issue request POST 
https://colab.research.google.com/tun/m/assign?nbh=4b8f7435_d5c0_445e_92ec_637f1
c224625........&variant=GPU&accelerator=T4: Service Unavailable

2026-09-05 14:13:24 fm-socrates: assign T4 flaky — retry in 30s
2026-09-05 14:13:54 + colab --auth=adc new -s fm-socrates --gpu L4
2026-09-05 14:13:56 [colab] Creating session 'fm-socrates'...
[colab] Backend rejected accelerator 'L4'. You may not have quota or entitlement for this accelerator on your account. Try a different one (e.g. --gpu T4) or omit --gpu/--tpu for a CPU runtime.

2026-09-05 14:13:56 fm-socrates: L4 unavailable — trying next
2026-09-05 14:13:58 + colab --auth=adc new -s fm-socrates --gpu T4
2026-09-05 14:14:00 se Body: {response.text}")           │
│   195 │   │   if not response.ok:                                            │
│ ❱ 196 │   │   │   raise ColabRequestError(                                   │
│   197 │   │   │   │   f"Failed to issue request {method} {endpoint}:         │
│       {response.reason}",                                                    │
│   198 │   │   │   │   request=response.request,                              │
│   199 │   │   │   │   response=response,                                     │
╰──────────────────────────────────────────────────────────────────────────────╯
ColabRequestError: Failed to issue request POST 
https://colab.research.google.com/tun/m/assign?nbh=e117fafe_eeaa_46e4_a110_d36be
563ac3d........&variant=GPU&accelerator=T4: Service Unavailable

2026-09-05 14:14:00 fm-socrates: assign T4 flaky — retry in 30s
2026-09-05 14:14:30 + colab --auth=adc new -s fm-socrates --gpu L4
2026-09-05 14:14:32 [colab] Creating session 'fm-socrates'...
[colab] Backend rejected accelerator 'L4'. You may not have quota or entitlement for this accelerator on your account. Try a different one (e.g. --gpu T4) or omit --gpu/--tpu for a CPU runtime.

2026-09-05 14:14:32 fm-socrates: L4 unavailable — trying next
2026-09-05 14:14:34 + colab --auth=adc new -s fm-socrates --gpu T4
2026-09-05 14:14:35 se Body: {response.text}")           │
│   195 │   │   if not response.ok:                                            │
│ ❱ 196 │   │   │   raise ColabRequestError(                                   │
│   197 │   │   │   │   f"Failed to issue request {method} {endpoint}:         │
│       {response.reason}",                                                    │
│   198 │   │   │   │   request=response.request,                              │
│   199 │   │   │   │   response=response,                                     │
╰──────────────────────────────────────────────────────────────────────────────╯
ColabRequestError: Failed to issue request POST 
https://colab.research.google.com/tun/m/assign?nbh=3d4526f5_befd_4839_b422_61831
fe58006........&variant=GPU&accelerator=T4: Service Unavailable

2026-09-05 14:14:35 fm-socrates: assign T4 flaky — retry in 30s
2026-09-05 14:15:05 + colab --auth=adc new -s fm-socrates --gpu L4
2026-09-05 14:15:16 [colab] Creating session 'fm-socrates'...
[colab] Backend rejected accelerator 'L4'. You may not have quota or entitlement for this accelerator on your account. Try a different one (e.g. --gpu T4) or omit --gpu/--tpu for a CPU runtime.

2026-09-05 14:15:16 fm-socrates: L4 unavailable — trying next
2026-09-05 14:15:18 + colab --auth=adc new -s fm-socrates --gpu T4
2026-09-05 14:15:20 se Body: {response.text}")           │
│   195 │   │   if not response.ok:                                            │
│ ❱ 196 │   │   │   raise ColabRequestError(                                   │
│   197 │   │   │   │   f"Failed to issue request {method} {endpoint}:         │
│       {response.reason}",                                                    │
│   198 │   │   │   │   request=response.request,                              │
│   199 │   │   │   │   response=response,                                     │
╰──────────────────────────────────────────────────────────────────────────────╯
ColabRequestError: Failed to issue request POST 
https://colab.research.google.com/tun/m/assign?nbh=75cff526_a49d_411b_a035_dcc07
6ed81e1........&variant=GPU&accelerator=T4: Service Unavailable

2026-09-05 14:15:20 fm-socrates: assign T4 flaky — retry in 30s
2026-09-05 14:15:51 + colab --auth=adc new -s fm-socrates --gpu L4
2026-09-05 14:16:03 [colab] Creating session 'fm-socrates'...
[colab] Backend rejected accelerator 'L4'. You may not have quota or entitlement for this accelerator on your account. Try a different one (e.g. --gpu T4) or omit --gpu/--tpu for a CPU runtime.

2026-09-05 14:16:03 fm-socrates: L4 unavailable — trying next
2026-09-05 14:16:05 + colab --auth=adc new -s fm-socrates --gpu T4
2026-09-05 14:16:15 se Body: {response.text}")           │
│   195 │   │   if not response.ok:                                            │
│ ❱ 196 │   │   │   raise ColabRequestError(                                   │
│   197 │   │   │   │   f"Failed to issue request {method} {endpoint}:         │
│       {response.reason}",                                                    │
│   198 │   │   │   │   request=response.request,                              │
│   199 │   │   │   │   response=response,                                     │
╰──────────────────────────────────────────────────────────────────────────────╯
ColabRequestError: Failed to issue request POST 
https://colab.research.google.com/tun/m/assign?nbh=65f955de_1c22_4813_86e4_ae1dc
b578092........&variant=GPU&accelerator=T4: Service Unavailable

2026-09-05 14:16:15 fm-socrates: assign T4 flaky — retry in 30s
2026-09-05 14:16:45 + colab --auth=adc new -s fm-socrates --gpu L4
2026-09-05 14:16:58 [colab] Creating session 'fm-socrates'...
[colab] Backend rejected accelerator 'L4'. You may not have quota or entitlement for this accelerator on your account. Try a different one (e.g. --gpu T4) or omit --gpu/--tpu for a CPU runtime.

2026-09-05 14:16:58 fm-socrates: L4 unavailable — trying next
2026-09-05 14:17:00 + colab --auth=adc new -s fm-socrates --gpu T4
2026-09-05 14:17:02 se Body: {response.text}")           │
│   195 │   │   if not response.ok:                                            │
│ ❱ 196 │   │   │   raise ColabRequestError(                                   │
│   197 │   │   │   │   f"Failed to issue request {method} {endpoint}:         │
│       {response.reason}",                                                    │
│   198 │   │   │   │   request=response.request,                              │
│   199 │   │   │   │   response=response,                                     │
╰──────────────────────────────────────────────────────────────────────────────╯
ColabRequestError: Failed to issue request POST 
https://colab.research.google.com/tun/m/assign?nbh=49abc928_a9ab_4ca0_bab6_ea307
20256b2........&variant=GPU&accelerator=T4: Service Unavailable

2026-09-05 14:17:02 fm-socrates: assign T4 flaky — retry in 30s
2026-09-05 14:17:32 + colab --auth=adc new -s fm-socrates --gpu L4
2026-09-05 14:17:43 [colab] Creating session 'fm-socrates'...
[colab] Backend rejected accelerator 'L4'. You may not have quota or entitlement for this accelerator on your account. Try a different one (e.g. --gpu T4) or omit --gpu/--tpu for a CPU runtime.

2026-09-05 14:17:43 fm-socrates: L4 unavailable — trying next
2026-09-05 14:17:45 + colab --auth=adc new -s fm-socrates --gpu T4
2026-09-05 14:17:53 se Body: {response.text}")           │
│   195 │   │   if not response.ok:                                            │
│ ❱ 196 │   │   │   raise ColabRequestError(                                   │
│   197 │   │   │   │   f"Failed to issue request {method} {endpoint}:         │
│       {response.reason}",                                                    │
│   198 │   │   │   │   request=response.request,                              │
│   199 │   │   │   │   response=response,                                     │
╰──────────────────────────────────────────────────────────────────────────────╯
ColabRequestError: Failed to issue request POST 
https://colab.research.google.com/tun/m/assign?nbh=9de3638c_46cf_4996_b061_1690f
80b1295........&variant=GPU&accelerator=T4: Service Unavailable

2026-09-05 14:17:53 fm-socrates: assign T4 flaky — retry in 30s
2026-09-05 14:18:23 + colab --auth=adc new -s fm-socrates --gpu L4
2026-09-05 14:18:30 [colab] Creating session 'fm-socrates'...
[colab] Backend rejected accelerator 'L4'. You may not have quota or entitlement for this accelerator on your account. Try a different one (e.g. --gpu T4) or omit --gpu/--tpu for a CPU runtime.

2026-09-05 14:18:30 fm-socrates: L4 unavailable — trying next
2026-09-05 14:18:32 + colab --auth=adc new -s fm-socrates --gpu T4
2026-09-05 14:18:37 se Body: {response.text}")           │
│   195 │   │   if not response.ok:                                            │
│ ❱ 196 │   │   │   raise ColabRequestError(                                   │
│   197 │   │   │   │   f"Failed to issue request {method} {endpoint}:         │
│       {response.reason}",                                                    │
│   198 │   │   │   │   request=response.request,                              │
│   199 │   │   │   │   response=response,                                     │
╰──────────────────────────────────────────────────────────────────────────────╯
ColabRequestError: Failed to issue request POST 
https://colab.research.google.com/tun/m/assign?nbh=f56f6341_73ca_4b58_85ec_139d3
39f6bc2........&variant=GPU&accelerator=T4: Service Unavailable

2026-09-05 14:18:37 fm-socrates: assign T4 flaky — retry in 30s
2026-09-05 14:19:07 + colab --auth=adc new -s fm-socrates --gpu L4
2026-09-05 14:19:10 [colab] Creating session 'fm-socrates'...
[colab] Backend rejected accelerator 'L4'. You may not have quota or entitlement for this accelerator on your account. Try a different one (e.g. --gpu T4) or omit --gpu/--tpu for a CPU runtime.

2026-09-05 14:19:10 fm-socrates: L4 unavailable — trying next
2026-09-05 14:19:12 + colab --auth=adc new -s fm-socrates --gpu T4
2026-09-05 14:19:17 se Body: {response.text}")           │
│   195 │   │   if not response.ok:                                            │
│ ❱ 196 │   │   │   raise ColabRequestError(                                   │
│   197 │   │   │   │   f"Failed to issue request {method} {endpoint}:         │
│       {response.reason}",                                                    │
│   198 │   │   │   │   request=response.request,                              │
│   199 │   │   │   │   response=response,                                     │
╰──────────────────────────────────────────────────────────────────────────────╯
ColabRequestError: Failed to issue request POST 
https://colab.research.google.com/tun/m/assign?nbh=6ddf08bc_b758_4a30_99ff_3134a
07f00ab........&variant=GPU&accelerator=T4: Service Unavailable

2026-09-05 14:19:17 fm-socrates: assign T4 flaky — retry in 30s
2026-09-05 14:19:47 + colab --auth=adc new -s fm-socrates --gpu L4
2026-09-05 14:19:51 [colab] Creating session 'fm-socrates'...
[colab] Backend rejected accelerator 'L4'. You may not have quota or entitlement for this accelerator on your account. Try a different one (e.g. --gpu T4) or omit --gpu/--tpu for a CPU runtime.

2026-09-05 14:19:51 fm-socrates: L4 unavailable — trying next
2026-09-05 14:19:53 + colab --auth=adc new -s fm-socrates --gpu T4
2026-09-05 14:19:57 se Body: {response.text}")           │
│   195 │   │   if not response.ok:                                            │
│ ❱ 196 │   │   │   raise ColabRequestError(                                   │
│   197 │   │   │   │   f"Failed to issue request {method} {endpoint}:         │
│       {response.reason}",                                                    │
│   198 │   │   │   │   request=response.request,                              │
│   199 │   │   │   │   response=response,                                     │
╰──────────────────────────────────────────────────────────────────────────────╯
ColabRequestError: Failed to issue request POST 
https://colab.research.google.com/tun/m/assign?nbh=c62aad28_29f9_4916_9a60_fe9f3
64ce1d3........&variant=GPU&accelerator=T4: Service Unavailable

2026-09-05 14:19:57 fm-socrates: assign T4 flaky — retry in 30s
2026-09-05 14:20:27 + colab --auth=adc new -s fm-socrates --gpu L4
2026-09-05 14:20:29 [colab] Creating session 'fm-socrates'...
[colab] Backend rejected accelerator 'L4'. You may not have quota or entitlement for this accelerator on your account. Try a different one (e.g. --gpu T4) or omit --gpu/--tpu for a CPU runtime.

2026-09-05 14:20:29 fm-socrates: L4 unavailable — trying next
2026-09-05 14:20:31 + colab --auth=adc new -s fm-socrates --gpu T4
2026-09-05 14:20:32 se Body: {response.text}")           │
│   195 │   │   if not response.ok:                                            │
│ ❱ 196 │   │   │   raise ColabRequestError(                                   │
│   197 │   │   │   │   f"Failed to issue request {method} {endpoint}:         │
│       {response.reason}",                                                    │
│   198 │   │   │   │   request=response.request,                              │
│   199 │   │   │   │   response=response,                                     │
╰──────────────────────────────────────────────────────────────────────────────╯
ColabRequestError: Failed to issue request POST 
https://colab.research.google.com/tun/m/assign?nbh=941e85e8_876c_460f_897a_174dd
7697726........&variant=GPU&accelerator=T4: Service Unavailable

2026-09-05 14:20:32 fm-socrates: assign T4 flaky — retry in 30s
2026-09-05 14:21:02 + colab --auth=adc new -s fm-socrates --gpu L4
2026-09-05 14:21:05 [colab] Creating session 'fm-socrates'...
[colab] Backend rejected accelerator 'L4'. You may not have quota or entitlement for this accelerator on your account. Try a different one (e.g. --gpu T4) or omit --gpu/--tpu for a CPU runtime.

2026-09-05 14:21:05 fm-socrates: L4 unavailable — trying next
2026-09-05 14:21:07 + colab --auth=adc new -s fm-socrates --gpu T4
2026-09-05 14:21:08 se Body: {response.text}")           │
│   195 │   │   if not response.ok:                                            │
│ ❱ 196 │   │   │   raise ColabRequestError(                                   │
│   197 │   │   │   │   f"Failed to issue request {method} {endpoint}:         │
│       {response.reason}",                                                    │
│   198 │   │   │   │   request=response.request,                              │
│   199 │   │   │   │   response=response,                                     │
╰──────────────────────────────────────────────────────────────────────────────╯
ColabRequestError: Failed to issue request POST 
https://colab.research.google.com/tun/m/assign?nbh=4dc56945_6355_4c46_8c90_53d93
904f664........&variant=GPU&accelerator=T4: Service Unavailable

2026-09-05 14:21:08 fm-socrates: assign T4 flaky — retry in 30s
2026-09-05 14:21:38 + colab --auth=adc new -s fm-socrates --gpu L4
2026-09-05 14:21:40 [colab] Creating session 'fm-socrates'...
[colab] Backend rejected accelerator 'L4'. You may not have quota or entitlement for this accelerator on your account. Try a different one (e.g. --gpu T4) or omit --gpu/--tpu for a CPU runtime.

2026-09-05 14:21:40 fm-socrates: L4 unavailable — trying next
2026-09-05 14:21:42 + colab --auth=adc new -s fm-socrates --gpu T4
2026-09-05 14:21:43 se Body: {response.text}")           │
│   195 │   │   if not response.ok:                                            │
│ ❱ 196 │   │   │   raise ColabRequestError(                                   │
│   197 │   │   │   │   f"Failed to issue request {method} {endpoint}:         │
│       {response.reason}",                                                    │
│   198 │   │   │   │   request=response.request,                              │
│   199 │   │   │   │   response=response,                                     │
╰──────────────────────────────────────────────────────────────────────────────╯
ColabRequestError: Failed to issue request POST 
https://colab.research.google.com/tun/m/assign?nbh=594ffd43_5964_4373_a876_35bb7
e7f3ada........&variant=GPU&accelerator=T4: Service Unavailable

2026-09-05 14:21:43 fm-socrates: assign T4 flaky — retry in 30s
2026-09-05 14:22:13 + colab --auth=adc new -s fm-socrates --gpu L4
2026-09-05 14:22:14 [colab] Creating session 'fm-socrates'...
[colab] Backend rejected accelerator 'L4'. You may not have quota or entitlement for this accelerator on your account. Try a different one (e.g. --gpu T4) or omit --gpu/--tpu for a CPU runtime.

2026-09-05 14:22:14 fm-socrates: L4 unavailable — trying next
2026-09-05 14:22:17 + colab --auth=adc new -s fm-socrates --gpu T4
2026-09-05 14:22:19 se Body: {response.text}")           │
│   195 │   │   if not response.ok:                                            │
│ ❱ 196 │   │   │   raise ColabRequestError(                                   │
│   197 │   │   │   │   f"Failed to issue request {method} {endpoint}:         │
│       {response.reason}",                                                    │
│   198 │   │   │   │   request=response.request,                              │
│   199 │   │   │   │   response=response,                                     │
╰──────────────────────────────────────────────────────────────────────────────╯
ColabRequestError: Failed to issue request POST 
https://colab.research.google.com/tun/m/assign?nbh=8b1f2717_2dba_4bc5_ac4b_1812e
46c782b........&variant=GPU&accelerator=T4: Service Unavailable

2026-09-05 14:22:19 fm-socrates: assign T4 flaky — retry in 30s
2026-09-05 14:22:49 + colab --auth=adc new -s fm-socrates --gpu L4
2026-09-05 14:22:52 [colab] Creating session 'fm-socrates'...
[colab] Backend rejected accelerator 'L4'. You may not have quota or entitlement for this accelerator on your account. Try a different one (e.g. --gpu T4) or omit --gpu/--tpu for a CPU runtime.

2026-09-05 14:22:52 fm-socrates: L4 unavailable — trying next
2026-09-05 14:22:54 + colab --auth=adc new -s fm-socrates --gpu T4
2026-09-05 14:22:55 se Body: {response.text}")           │
│   195 │   │   if not response.ok:                                            │
│ ❱ 196 │   │   │   raise ColabRequestError(                                   │
│   197 │   │   │   │   f"Failed to issue request {method} {endpoint}:         │
│       {response.reason}",                                                    │
│   198 │   │   │   │   request=response.request,                              │
│   199 │   │   │   │   response=response,                                     │
╰──────────────────────────────────────────────────────────────────────────────╯
ColabRequestError: Failed to issue request POST 
https://colab.research.google.com/tun/m/assign?nbh=0a6b700f_6160_47e5_9188_e162f
1b62be0........&variant=GPU&accelerator=T4: Service Unavailable

2026-09-05 14:22:55 fm-socrates: assign T4 flaky — retry in 30s
2026-09-05 14:23:25 + colab --auth=adc new -s fm-socrates --gpu L4
2026-09-05 14:23:26 [colab] Creating session 'fm-socrates'...
[colab] Backend rejected accelerator 'L4'. You may not have quota or entitlement for this accelerator on your account. Try a different one (e.g. --gpu T4) or omit --gpu/--tpu for a CPU runtime.

2026-09-05 14:23:26 fm-socrates: L4 unavailable — trying next
2026-09-05 14:23:29 + colab --auth=adc new -s fm-socrates --gpu T4
2026-09-05 14:23:30 se Body: {response.text}")           │
│   195 │   │   if not response.ok:                                            │
│ ❱ 196 │   │   │   raise ColabRequestError(                                   │
│   197 │   │   │   │   f"Failed to issue request {method} {endpoint}:         │
│       {response.reason}",                                                    │
│   198 │   │   │   │   request=response.request,                              │
│   199 │   │   │   │   response=response,                                     │
╰──────────────────────────────────────────────────────────────────────────────╯
ColabRequestError: Failed to issue request POST 
https://colab.research.google.com/tun/m/assign?nbh=355f72ab_334a_439a_9162_e837e
46abb67........&variant=GPU&accelerator=T4: Service Unavailable

2026-09-05 14:23:30 fm-socrates: assign T4 flaky — retry in 30s
2026-09-05 14:24:00 + colab --auth=adc new -s fm-socrates --gpu L4
2026-09-05 14:24:01 [colab] Creating session 'fm-socrates'...
[colab] Backend rejected accelerator 'L4'. You may not have quota or entitlement for this accelerator on your account. Try a different one (e.g. --gpu T4) or omit --gpu/--tpu for a CPU runtime.

2026-09-05 14:24:01 fm-socrates: L4 unavailable — trying next
2026-09-05 14:24:03 + colab --auth=adc new -s fm-socrates --gpu T4
2026-09-05 14:24:05 se Body: {response.text}")           │
│   195 │   │   if not response.ok:                                            │
│ ❱ 196 │   │   │   raise ColabRequestError(                                   │
│   197 │   │   │   │   f"Failed to issue request {method} {endpoint}:         │
│       {response.reason}",                                                    │
│   198 │   │   │   │   request=response.request,                              │
│   199 │   │   │   │   response=response,                                     │
╰──────────────────────────────────────────────────────────────────────────────╯
ColabRequestError: Failed to issue request POST 
https://colab.research.google.com/tun/m/assign?nbh=00b79e05_ee02_4be2_9cfd_99b20
ba6a2ed........&variant=GPU&accelerator=T4: Service Unavailable

2026-09-05 14:24:05 fm-socrates: assign T4 flaky — retry in 30s
2026-09-05 14:24:35 + colab --auth=adc new -s fm-socrates --gpu L4
2026-09-05 14:24:37 [colab] Creating session 'fm-socrates'...
[colab] Backend rejected accelerator 'L4'. You may not have quota or entitlement for this accelerator on your account. Try a different one (e.g. --gpu T4) or omit --gpu/--tpu for a CPU runtime.

2026-09-05 14:24:37 fm-socrates: L4 unavailable — trying next
2026-09-05 14:24:39 + colab --auth=adc new -s fm-socrates --gpu T4
2026-09-05 14:24:41 se Body: {response.text}")           │
│   195 │   │   if not response.ok:                                            │
│ ❱ 196 │   │   │   raise ColabRequestError(                                   │
│   197 │   │   │   │   f"Failed to issue request {method} {endpoint}:         │
│       {response.reason}",                                                    │
│   198 │   │   │   │   request=response.request,                              │
│   199 │   │   │   │   response=response,                                     │
╰──────────────────────────────────────────────────────────────────────────────╯
ColabRequestError: Failed to issue request POST 
https://colab.research.google.com/tun/m/assign?nbh=3edb9a95_b9de_479f_bec2_df913
b555d1b........&variant=GPU&accelerator=T4: Service Unavailable

2026-09-05 14:24:41 fm-socrates: assign T4 flaky — retry in 30s
2026-09-05 14:25:11 + colab --auth=adc new -s fm-socrates --gpu L4
2026-09-05 14:25:13 [colab] Creating session 'fm-socrates'...
[colab] Backend rejected accelerator 'L4'. You may not have quota or entitlement for this accelerator on your account. Try a different one (e.g. --gpu T4) or omit --gpu/--tpu for a CPU runtime.

2026-09-05 14:25:13 fm-socrates: L4 unavailable — trying next
2026-09-05 14:25:15 + colab --auth=adc new -s fm-socrates --gpu T4
2026-09-05 14:25:16 se Body: {response.text}")           │
│   195 │   │   if not response.ok:                                            │
│ ❱ 196 │   │   │   raise ColabRequestError(                                   │
│   197 │   │   │   │   f"Failed to issue request {method} {endpoint}:         │
│       {response.reason}",                                                    │
│   198 │   │   │   │   request=response.request,                              │
│   199 │   │   │   │   response=response,                                     │
╰──────────────────────────────────────────────────────────────────────────────╯
ColabRequestError: Failed to issue request POST 
https://colab.research.google.com/tun/m/assign?nbh=040f2f00_836b_49a2_b21c_bc895
d6920ee........&variant=GPU&accelerator=T4: Service Unavailable

2026-09-05 14:25:16 fm-socrates: assign T4 flaky — retry in 30s
2026-09-05 14:25:46 + colab --auth=adc new -s fm-socrates --gpu L4
2026-09-05 14:25:48 [colab] Creating session 'fm-socrates'...
[colab] Backend rejected accelerator 'L4'. You may not have quota or entitlement for this accelerator on your account. Try a different one (e.g. --gpu T4) or omit --gpu/--tpu for a CPU runtime.

2026-09-05 14:25:48 fm-socrates: L4 unavailable — trying next
2026-09-05 14:25:50 + colab --auth=adc new -s fm-socrates --gpu T4
2026-09-05 14:25:51 se Body: {response.text}")           │
│   195 │   │   if not response.ok:                                            │
│ ❱ 196 │   │   │   raise ColabRequestError(                                   │
│   197 │   │   │   │   f"Failed to issue request {method} {endpoint}:         │
│       {response.reason}",                                                    │
│   198 │   │   │   │   request=response.request,                              │
│   199 │   │   │   │   response=response,                                     │
╰──────────────────────────────────────────────────────────────────────────────╯
ColabRequestError: Failed to issue request POST 
https://colab.research.google.com/tun/m/assign?nbh=caf1427d_5780_45d9_98b1_ca84d
b3cf758........&variant=GPU&accelerator=T4: Service Unavailable

2026-09-05 14:25:51 fm-socrates: assign T4 flaky — retry in 30s
2026-09-05 14:26:21 + colab --auth=adc new -s fm-socrates --gpu L4
2026-09-05 14:26:23 [colab] Creating session 'fm-socrates'...
[colab] Backend rejected accelerator 'L4'. You may not have quota or entitlement for this accelerator on your account. Try a different one (e.g. --gpu T4) or omit --gpu/--tpu for a CPU runtime.

2026-09-05 14:26:23 fm-socrates: L4 unavailable — trying next
2026-09-05 14:26:25 + colab --auth=adc new -s fm-socrates --gpu T4
2026-09-05 14:26:27 se Body: {response.text}")           │
│   195 │   │   if not response.ok:                                            │
│ ❱ 196 │   │   │   raise ColabRequestError(                                   │
│   197 │   │   │   │   f"Failed to issue request {method} {endpoint}:         │
│       {response.reason}",                                                    │
│   198 │   │   │   │   request=response.request,                              │
│   199 │   │   │   │   response=response,                                     │
╰──────────────────────────────────────────────────────────────────────────────╯
ColabRequestError: Failed to issue request POST 
https://colab.research.google.com/tun/m/assign?nbh=eb6b0c7e_3fa9_44ec_b134_0b5f5
8b78e2d........&variant=GPU&accelerator=T4: Service Unavailable

2026-09-05 14:26:27 fm-socrates: assign T4 flaky — retry in 30s
2026-09-05 14:26:57 + colab --auth=adc new -s fm-socrates --gpu L4
2026-09-05 14:26:58 [colab] Creating session 'fm-socrates'...
[colab] Backend rejected accelerator 'L4'. You may not have quota or entitlement for this accelerator on your account. Try a different one (e.g. --gpu T4) or omit --gpu/--tpu for a CPU runtime.

2026-09-05 14:26:58 fm-socrates: L4 unavailable — trying next
2026-09-05 14:27:00 + colab --auth=adc new -s fm-socrates --gpu T4
2026-09-05 14:27:02 se Body: {response.text}")           │
│   195 │   │   if not response.ok:                                            │
│ ❱ 196 │   │   │   raise ColabRequestError(                                   │
│   197 │   │   │   │   f"Failed to issue request {method} {endpoint}:         │
│       {response.reason}",                                                    │
│   198 │   │   │   │   request=response.request,                              │
│   199 │   │   │   │   response=response,                                     │
╰──────────────────────────────────────────────────────────────────────────────╯
ColabRequestError: Failed to issue request POST 
https://colab.research.google.com/tun/m/assign?nbh=a7763e3b_deeb_4f3d_bfb9_546f4
35ff9a5........&variant=GPU&accelerator=T4: Service Unavailable

2026-09-05 14:27:02 fm-socrates: assign T4 flaky — retry in 30s
2026-09-05 14:27:32 + colab --auth=adc new -s fm-socrates --gpu L4
2026-09-05 14:27:34 [colab] Creating session 'fm-socrates'...
[colab] Backend rejected accelerator 'L4'. You may not have quota or entitlement for this accelerator on your account. Try a different one (e.g. --gpu T4) or omit --gpu/--tpu for a CPU runtime.

2026-09-05 14:27:34 fm-socrates: L4 unavailable — trying next
2026-09-05 14:27:36 + colab --auth=adc new -s fm-socrates --gpu T4
2026-09-05 14:27:37 se Body: {response.text}")           │
│   195 │   │   if not response.ok:                                            │
│ ❱ 196 │   │   │   raise ColabRequestError(                                   │
│   197 │   │   │   │   f"Failed to issue request {method} {endpoint}:         │
│       {response.reason}",                                                    │
│   198 │   │   │   │   request=response.request,                              │
│   199 │   │   │   │   response=response,                                     │
╰──────────────────────────────────────────────────────────────────────────────╯
ColabRequestError: Failed to issue request POST 
https://colab.research.google.com/tun/m/assign?nbh=393e8322_ba01_440a_a259_914e6
4a3820a........&variant=GPU&accelerator=T4: Service Unavailable

2026-09-05 14:27:37 fm-socrates: assign T4 flaky — retry in 30s
2026-09-05 14:28:07 + colab --auth=adc new -s fm-socrates --gpu L4
2026-09-05 14:28:10 [colab] Creating session 'fm-socrates'...
[colab] Backend rejected accelerator 'L4'. You may not have quota or entitlement for this accelerator on your account. Try a different one (e.g. --gpu T4) or omit --gpu/--tpu for a CPU runtime.

2026-09-05 14:28:10 fm-socrates: L4 unavailable — trying next
2026-09-05 14:28:12 + colab --auth=adc new -s fm-socrates --gpu T4
2026-09-05 14:28:13 se Body: {response.text}")           │
│   195 │   │   if not response.ok:                                            │
│ ❱ 196 │   │   │   raise ColabRequestError(                                   │
│   197 │   │   │   │   f"Failed to issue request {method} {endpoint}:         │
│       {response.reason}",                                                    │
│   198 │   │   │   │   request=response.request,                              │
│   199 │   │   │   │   response=response,                                     │
╰──────────────────────────────────────────────────────────────────────────────╯
ColabRequestError: Failed to issue request POST 
https://colab.research.google.com/tun/m/assign?nbh=48ba1798_1771_4705_bc4d_5168b
0391586........&variant=GPU&accelerator=T4: Service Unavailable

2026-09-05 14:28:13 fm-socrates: assign T4 flaky — retry in 30s
2026-09-05 14:28:43 + colab --auth=adc new -s fm-socrates --gpu L4
2026-09-05 14:28:45 [colab] Creating session 'fm-socrates'...
[colab] Backend rejected accelerator 'L4'. You may not have quota or entitlement for this accelerator on your account. Try a different one (e.g. --gpu T4) or omit --gpu/--tpu for a CPU runtime.

2026-09-05 14:28:45 fm-socrates: L4 unavailable — trying next
2026-09-05 14:28:47 + colab --auth=adc new -s fm-socrates --gpu T4
2026-09-05 14:28:48 se Body: {response.text}")           │
│   195 │   │   if not response.ok:                                            │
│ ❱ 196 │   │   │   raise ColabRequestError(                                   │
│   197 │   │   │   │   f"Failed to issue request {method} {endpoint}:         │
│       {response.reason}",                                                    │
│   198 │   │   │   │   request=response.request,                              │
│   199 │   │   │   │   response=response,                                     │
╰──────────────────────────────────────────────────────────────────────────────╯
ColabRequestError: Failed to issue request POST 
https://colab.research.google.com/tun/m/assign?nbh=02ad94ea_01b9_4d7c_a3fb_68af0
19d79b7........&variant=GPU&accelerator=T4: Service Unavailable

2026-09-05 14:28:48 fm-socrates: assign T4 flaky — retry in 30s
2026-09-05 14:29:18 + colab --auth=adc new -s fm-socrates --gpu L4
2026-09-05 14:29:21 [colab] Creating session 'fm-socrates'...
[colab] Backend rejected accelerator 'L4'. You may not have quota or entitlement for this accelerator on your account. Try a different one (e.g. --gpu T4) or omit --gpu/--tpu for a CPU runtime.

2026-09-05 14:29:21 fm-socrates: L4 unavailable — trying next
2026-09-05 14:29:23 + colab --auth=adc new -s fm-socrates --gpu T4
2026-09-05 14:29:24 se Body: {response.text}")           │
│   195 │   │   if not response.ok:                                            │
│ ❱ 196 │   │   │   raise ColabRequestError(                                   │
│   197 │   │   │   │   f"Failed to issue request {method} {endpoint}:         │
│       {response.reason}",                                                    │
│   198 │   │   │   │   request=response.request,                              │
│   199 │   │   │   │   response=response,                                     │
╰──────────────────────────────────────────────────────────────────────────────╯
ColabRequestError: Failed to issue request POST 
https://colab.research.google.com/tun/m/assign?nbh=df7997a2_9099_4421_a8f6_ba426
fa5f728........&variant=GPU&accelerator=T4: Service Unavailable

2026-09-05 14:29:24 fm-socrates: assign T4 flaky — retry in 30s
2026-09-05 14:29:54 + colab --auth=adc new -s fm-socrates --gpu L4
2026-09-05 14:29:55 [colab] Creating session 'fm-socrates'...
[colab] Backend rejected accelerator 'L4'. You may not have quota or entitlement for this accelerator on your account. Try a different one (e.g. --gpu T4) or omit --gpu/--tpu for a CPU runtime.

2026-09-05 14:29:55 fm-socrates: L4 unavailable — trying next
2026-09-05 14:29:57 + colab --auth=adc new -s fm-socrates --gpu T4
2026-09-05 14:29:58 se Body: {response.text}")           │
│   195 │   │   if not response.ok:                                            │
│ ❱ 196 │   │   │   raise ColabRequestError(                                   │
│   197 │   │   │   │   f"Failed to issue request {method} {endpoint}:         │
│       {response.reason}",                                                    │
│   198 │   │   │   │   request=response.request,                              │
│   199 │   │   │   │   response=response,                                     │
╰──────────────────────────────────────────────────────────────────────────────╯
ColabRequestError: Failed to issue request POST 
https://colab.research.google.com/tun/m/assign?nbh=857937c3_d983_453f_b61f_70687
076e9e6........&variant=GPU&accelerator=T4: Service Unavailable

2026-09-05 14:29:58 fm-socrates: assign T4 flaky — retry in 30s
2026-09-05 14:30:28 + colab --auth=adc new -s fm-socrates --gpu L4
2026-09-05 14:30:30 [colab] Creating session 'fm-socrates'...
[colab] Backend rejected accelerator 'L4'. You may not have quota or entitlement for this accelerator on your account. Try a different one (e.g. --gpu T4) or omit --gpu/--tpu for a CPU runtime.

2026-09-05 14:30:30 fm-socrates: L4 unavailable — trying next
2026-09-05 14:30:32 + colab --auth=adc new -s fm-socrates --gpu T4
2026-09-05 14:30:33 se Body: {response.text}")           │
│   195 │   │   if not response.ok:                                            │
│ ❱ 196 │   │   │   raise ColabRequestError(                                   │
│   197 │   │   │   │   f"Failed to issue request {method} {endpoint}:         │
│       {response.reason}",                                                    │
│   198 │   │   │   │   request=response.request,                              │
│   199 │   │   │   │   response=response,                                     │
╰──────────────────────────────────────────────────────────────────────────────╯
ColabRequestError: Failed to issue request POST 
https://colab.research.google.com/tun/m/assign?nbh=77061479_e862_4b86_83b5_a15c5
acc6077........&variant=GPU&accelerator=T4: Service Unavailable

2026-09-05 14:30:33 fm-socrates: assign T4 flaky — retry in 30s
2026-09-05 14:31:03 + colab --auth=adc new -s fm-socrates --gpu L4
2026-09-05 14:31:04 [colab] Creating session 'fm-socrates'...
[colab] Backend rejected accelerator 'L4'. You may not have quota or entitlement for this accelerator on your account. Try a different one (e.g. --gpu T4) or omit --gpu/--tpu for a CPU runtime.

2026-09-05 14:31:04 fm-socrates: L4 unavailable — trying next
2026-09-05 14:31:07 + colab --auth=adc new -s fm-socrates --gpu T4
2026-09-05 14:31:08 se Body: {response.text}")           │
│   195 │   │   if not response.ok:                                            │
│ ❱ 196 │   │   │   raise ColabRequestError(                                   │
│   197 │   │   │   │   f"Failed to issue request {method} {endpoint}:         │
│       {response.reason}",                                                    │
│   198 │   │   │   │   request=response.request,                              │
│   199 │   │   │   │   response=response,                                     │
╰──────────────────────────────────────────────────────────────────────────────╯
ColabRequestError: Failed to issue request POST 
https://colab.research.google.com/tun/m/assign?nbh=a1c6c695_a3e2_4eb5_9a85_b3113
05b858b........&variant=GPU&accelerator=T4: Service Unavailable

2026-09-05 14:31:08 fm-socrates: assign T4 flaky — retry in 30s
2026-09-05 14:31:38 + colab --auth=adc new -s fm-socrates --gpu L4
2026-09-05 14:31:39 [colab] Creating session 'fm-socrates'...
[colab] Backend rejected accelerator 'L4'. You may not have quota or entitlement for this accelerator on your account. Try a different one (e.g. --gpu T4) or omit --gpu/--tpu for a CPU runtime.

2026-09-05 14:31:39 fm-socrates: L4 unavailable — trying next
2026-09-05 14:31:41 + colab --auth=adc new -s fm-socrates --gpu T4
2026-09-05 14:31:42 se Body: {response.text}")           │
│   195 │   │   if not response.ok:                                            │
│ ❱ 196 │   │   │   raise ColabRequestError(                                   │
│   197 │   │   │   │   f"Failed to issue request {method} {endpoint}:         │
│       {response.reason}",                                                    │
│   198 │   │   │   │   request=response.request,                              │
│   199 │   │   │   │   response=response,                                     │
╰──────────────────────────────────────────────────────────────────────────────╯
ColabRequestError: Failed to issue request POST 
https://colab.research.google.com/tun/m/assign?nbh=8053e9a9_f528_4b1b_9fe4_50f9b
a05509e........&variant=GPU&accelerator=T4: Service Unavailable

2026-09-05 14:31:42 fm-socrates: assign T4 flaky — retry in 30s
2026-09-05 14:32:13 + colab --auth=adc new -s fm-socrates --gpu L4
2026-09-05 14:32:16 [colab] Creating session 'fm-socrates'...
[colab] Backend rejected accelerator 'L4'. You may not have quota or entitlement for this accelerator on your account. Try a different one (e.g. --gpu T4) or omit --gpu/--tpu for a CPU runtime.

2026-09-05 14:32:16 fm-socrates: L4 unavailable — trying next
2026-09-05 14:32:18 + colab --auth=adc new -s fm-socrates --gpu T4
2026-09-05 14:32:19 se Body: {response.text}")           │
│   195 │   │   if not response.ok:                                            │
│ ❱ 196 │   │   │   raise ColabRequestError(                                   │
│   197 │   │   │   │   f"Failed to issue request {method} {endpoint}:         │
│       {response.reason}",                                                    │
│   198 │   │   │   │   request=response.request,                              │
│   199 │   │   │   │   response=response,                                     │
╰──────────────────────────────────────────────────────────────────────────────╯
ColabRequestError: Failed to issue request POST 
https://colab.research.google.com/tun/m/assign?nbh=310c906f_91d1_4e76_be01_f8f3f
276f08c........&variant=GPU&accelerator=T4: Service Unavailable

2026-09-05 14:32:19 fm-socrates: assign T4 flaky — retry in 30s
2026-09-05 14:32:49 + colab --auth=adc new -s fm-socrates --gpu L4
2026-09-05 14:32:50 [colab] Creating session 'fm-socrates'...
[colab] Backend rejected accelerator 'L4'. You may not have quota or entitlement for this accelerator on your account. Try a different one (e.g. --gpu T4) or omit --gpu/--tpu for a CPU runtime.

2026-09-05 14:32:50 fm-socrates: L4 unavailable — trying next
2026-09-05 14:32:52 + colab --auth=adc new -s fm-socrates --gpu T4
2026-09-05 14:32:53 se Body: {response.text}")           │
│   195 │   │   if not response.ok:                                            │
│ ❱ 196 │   │   │   raise ColabRequestError(                                   │
│   197 │   │   │   │   f"Failed to issue request {method} {endpoint}:         │
│       {response.reason}",                                                    │
│   198 │   │   │   │   request=response.request,                              │
│   199 │   │   │   │   response=response,                                     │
╰──────────────────────────────────────────────────────────────────────────────╯
ColabRequestError: Failed to issue request POST 
https://colab.research.google.com/tun/m/assign?nbh=46f426f7_d2d6_4a7a_ba74_63fc9
02a3f33........&variant=GPU&accelerator=T4: Service Unavailable

2026-09-05 14:32:54 fm-socrates: assign T4 flaky — retry in 30s
2026-09-05 14:33:24 + colab --auth=adc new -s fm-socrates --gpu L4
2026-09-05 14:33:25 [colab] Creating session 'fm-socrates'...
[colab] Backend rejected accelerator 'L4'. You may not have quota or entitlement for this accelerator on your account. Try a different one (e.g. --gpu T4) or omit --gpu/--tpu for a CPU runtime.

2026-09-05 14:33:25 fm-socrates: L4 unavailable — trying next
2026-09-05 14:33:27 + colab --auth=adc new -s fm-socrates --gpu T4
2026-09-05 14:33:28 se Body: {response.text}")           │
│   195 │   │   if not response.ok:                                            │
│ ❱ 196 │   │   │   raise ColabRequestError(                                   │
│   197 │   │   │   │   f"Failed to issue request {method} {endpoint}:         │
│       {response.reason}",                                                    │
│   198 │   │   │   │   request=response.request,                              │
│   199 │   │   │   │   response=response,                                     │
╰──────────────────────────────────────────────────────────────────────────────╯
ColabRequestError: Failed to issue request POST 
https://colab.research.google.com/tun/m/assign?nbh=8e77edae_cbb8_4032_a000_43cee
25498d1........&variant=GPU&accelerator=T4: Service Unavailable

2026-09-05 14:33:28 fm-socrates: assign T4 flaky — retry in 30s
2026-09-05 14:33:58 + colab --auth=adc new -s fm-socrates --gpu L4
2026-09-05 14:34:00 [colab] Creating session 'fm-socrates'...
[colab] Backend rejected accelerator 'L4'. You may not have quota or entitlement for this accelerator on your account. Try a different one (e.g. --gpu T4) or omit --gpu/--tpu for a CPU runtime.

2026-09-05 14:34:00 fm-socrates: L4 unavailable — trying next
2026-09-05 14:34:02 + colab --auth=adc new -s fm-socrates --gpu T4
2026-09-05 14:34:03 se Body: {response.text}")           │
│   195 │   │   if not response.ok:                                            │
│ ❱ 196 │   │   │   raise ColabRequestError(                                   │
│   197 │   │   │   │   f"Failed to issue request {method} {endpoint}:         │
│       {response.reason}",                                                    │
│   198 │   │   │   │   request=response.request,                              │
│   199 │   │   │   │   response=response,                                     │
╰──────────────────────────────────────────────────────────────────────────────╯
ColabRequestError: Failed to issue request POST 
https://colab.research.google.com/tun/m/assign?nbh=c8cb28c5_2781_4231_b390_c40ec
9d7030c........&variant=GPU&accelerator=T4: Service Unavailable

2026-09-05 14:34:03 fm-socrates: assign T4 flaky — retry in 30s
2026-09-05 14:34:33 + colab --auth=adc new -s fm-socrates --gpu L4
2026-09-05 14:34:36 [colab] Creating session 'fm-socrates'...
[colab] Backend rejected accelerator 'L4'. You may not have quota or entitlement for this accelerator on your account. Try a different one (e.g. --gpu T4) or omit --gpu/--tpu for a CPU runtime.

2026-09-05 14:34:36 fm-socrates: L4 unavailable — trying next
2026-09-05 14:34:38 + colab --auth=adc new -s fm-socrates --gpu T4
2026-09-05 14:34:40 se Body: {response.text}")           │
│   195 │   │   if not response.ok:                                            │
│ ❱ 196 │   │   │   raise ColabRequestError(                                   │
│   197 │   │   │   │   f"Failed to issue request {method} {endpoint}:         │
│       {response.reason}",                                                    │
│   198 │   │   │   │   request=response.request,                              │
│   199 │   │   │   │   response=response,                                     │
╰──────────────────────────────────────────────────────────────────────────────╯
ColabRequestError: Failed to issue request POST 
https://colab.research.google.com/tun/m/assign?nbh=ad454c86_7d7d_49fa_b650_93fd6
9d40f00........&variant=GPU&accelerator=T4: Service Unavailable

2026-09-05 14:34:40 fm-socrates: assign T4 flaky — retry in 30s
2026-09-05 14:35:10 + colab --auth=adc new -s fm-socrates --gpu L4
2026-09-05 14:35:25 [colab] Creating session 'fm-socrates'...
[colab] Backend rejected accelerator 'L4'. You may not have quota or entitlement for this accelerator on your account. Try a different one (e.g. --gpu T4) or omit --gpu/--tpu for a CPU runtime.

2026-09-05 14:35:25 fm-socrates: L4 unavailable — trying next
2026-09-05 14:35:27 + colab --auth=adc new -s fm-socrates --gpu T4
2026-09-05 14:35:29 se Body: {response.text}")           │
│   195 │   │   if not response.ok:                                            │
│ ❱ 196 │   │   │   raise ColabRequestError(                                   │
│   197 │   │   │   │   f"Failed to issue request {method} {endpoint}:         │
│       {response.reason}",                                                    │
│   198 │   │   │   │   request=response.request,                              │
│   199 │   │   │   │   response=response,                                     │
╰──────────────────────────────────────────────────────────────────────────────╯
ColabRequestError: Failed to issue request POST 
https://colab.research.google.com/tun/m/assign?nbh=a9d79b31_4713_4d12_8179_78cdb
4fda12f........&variant=GPU&accelerator=T4: Service Unavailable

2026-09-05 14:35:29 fm-socrates: assign T4 flaky — retry in 30s
2026-09-05 14:36:00 + colab --auth=adc new -s fm-socrates --gpu L4
2026-09-05 14:36:01 [colab] Creating session 'fm-socrates'...
[colab] Backend rejected accelerator 'L4'. You may not have quota or entitlement for this accelerator on your account. Try a different one (e.g. --gpu T4) or omit --gpu/--tpu for a CPU runtime.

2026-09-05 14:36:01 fm-socrates: L4 unavailable — trying next
2026-09-05 14:36:03 + colab --auth=adc new -s fm-socrates --gpu T4
2026-09-05 14:36:04 se Body: {response.text}")           │
│   195 │   │   if not response.ok:                                            │
│ ❱ 196 │   │   │   raise ColabRequestError(                                   │
│   197 │   │   │   │   f"Failed to issue request {method} {endpoint}:         │
│       {response.reason}",                                                    │
│   198 │   │   │   │   request=response.request,                              │
│   199 │   │   │   │   response=response,                                     │
╰──────────────────────────────────────────────────────────────────────────────╯
ColabRequestError: Failed to issue request POST 
https://colab.research.google.com/tun/m/assign?nbh=4b28c43c_621e_4995_b06b_58adf
b30adbd........&variant=GPU&accelerator=T4: Service Unavailable

2026-09-05 14:36:04 fm-socrates: assign T4 flaky — retry in 30s
2026-09-05 14:36:34 + colab --auth=adc new -s fm-socrates --gpu L4
2026-09-05 14:36:35 [colab] Creating session 'fm-socrates'...
[colab] Backend rejected accelerator 'L4'. You may not have quota or entitlement for this accelerator on your account. Try a different one (e.g. --gpu T4) or omit --gpu/--tpu for a CPU runtime.

2026-09-05 14:36:35 fm-socrates: L4 unavailable — trying next
2026-09-05 14:36:38 + colab --auth=adc new -s fm-socrates --gpu T4
2026-09-05 14:36:39 se Body: {response.text}")           │
│   195 │   │   if not response.ok:                                            │
│ ❱ 196 │   │   │   raise ColabRequestError(                                   │
│   197 │   │   │   │   f"Failed to issue request {method} {endpoint}:         │
│       {response.reason}",                                                    │
│   198 │   │   │   │   request=response.request,                              │
│   199 │   │   │   │   response=response,                                     │
╰──────────────────────────────────────────────────────────────────────────────╯
ColabRequestError: Failed to issue request POST 
https://colab.research.google.com/tun/m/assign?nbh=684ac286_d05a_4b9b_8e70_2f686
d469222........&variant=GPU&accelerator=T4: Service Unavailable

2026-09-05 14:36:39 fm-socrates: assign T4 flaky — retry in 30s
2026-09-05 14:37:09 + colab --auth=adc new -s fm-socrates --gpu L4
2026-09-05 14:37:10 [colab] Creating session 'fm-socrates'...
[colab] Backend rejected accelerator 'L4'. You may not have quota or entitlement for this accelerator on your account. Try a different one (e.g. --gpu T4) or omit --gpu/--tpu for a CPU runtime.

2026-09-05 14:37:10 fm-socrates: L4 unavailable — trying next
2026-09-05 14:37:12 + colab --auth=adc new -s fm-socrates --gpu T4
2026-09-05 14:37:13 se Body: {response.text}")           │
│   195 │   │   if not response.ok:                                            │
│ ❱ 196 │   │   │   raise ColabRequestError(                                   │
│   197 │   │   │   │   f"Failed to issue request {method} {endpoint}:         │
│       {response.reason}",                                                    │
│   198 │   │   │   │   request=response.request,                              │
│   199 │   │   │   │   response=response,                                     │
╰──────────────────────────────────────────────────────────────────────────────╯
ColabRequestError: Failed to issue request POST 
https://colab.research.google.com/tun/m/assign?nbh=e57c064f_5fa9_4902_afb7_ce2de
f75566e........&variant=GPU&accelerator=T4: Service Unavailable

2026-09-05 14:37:13 fm-socrates: assign T4 flaky — retry in 30s
2026-09-05 14:37:44 + colab --auth=adc new -s fm-socrates --gpu L4
2026-09-05 14:37:45 [colab] Creating session 'fm-socrates'...
[colab] Backend rejected accelerator 'L4'. You may not have quota or entitlement for this accelerator on your account. Try a different one (e.g. --gpu T4) or omit --gpu/--tpu for a CPU runtime.

2026-09-05 14:37:45 fm-socrates: L4 unavailable — trying next
2026-09-05 14:37:47 + colab --auth=adc new -s fm-socrates --gpu T4
2026-09-05 14:37:48 se Body: {response.text}")           │
│   195 │   │   if not response.ok:                                            │
│ ❱ 196 │   │   │   raise ColabRequestError(                                   │
│   197 │   │   │   │   f"Failed to issue request {method} {endpoint}:         │
│       {response.reason}",                                                    │
│   198 │   │   │   │   request=response.request,                              │
│   199 │   │   │   │   response=response,                                     │
╰──────────────────────────────────────────────────────────────────────────────╯
ColabRequestError: Failed to issue request POST 
https://colab.research.google.com/tun/m/assign?nbh=6903f0ae_fe47_4dbf_be58_2046f
9d2a921........&variant=GPU&accelerator=T4: Service Unavailable

2026-09-05 14:37:48 fm-socrates: assign T4 flaky — retry in 30s
2026-09-05 14:38:18 + colab --auth=adc new -s fm-socrates --gpu L4
2026-09-05 14:38:20 [colab] Creating session 'fm-socrates'...
[colab] Backend rejected accelerator 'L4'. You may not have quota or entitlement for this accelerator on your account. Try a different one (e.g. --gpu T4) or omit --gpu/--tpu for a CPU runtime.

2026-09-05 14:38:20 fm-socrates: L4 unavailable — trying next
2026-09-05 14:38:22 + colab --auth=adc new -s fm-socrates --gpu T4
2026-09-05 14:38:23 se Body: {response.text}")           │
│   195 │   │   if not response.ok:                                            │
│ ❱ 196 │   │   │   raise ColabRequestError(                                   │
│   197 │   │   │   │   f"Failed to issue request {method} {endpoint}:         │
│       {response.reason}",                                                    │
│   198 │   │   │   │   request=response.request,                              │
│   199 │   │   │   │   response=response,                                     │
╰──────────────────────────────────────────────────────────────────────────────╯
ColabRequestError: Failed to issue request POST 
https://colab.research.google.com/tun/m/assign?nbh=db17d89b_6831_4d90_b2aa_d60ef
8585ecf........&variant=GPU&accelerator=T4: Service Unavailable

2026-09-05 14:38:23 fm-socrates: assign T4 flaky — retry in 30s
2026-09-05 14:38:53 + colab --auth=adc new -s fm-socrates --gpu L4
2026-09-05 14:38:54 [colab] Creating session 'fm-socrates'...
[colab] Backend rejected accelerator 'L4'. You may not have quota or entitlement for this accelerator on your account. Try a different one (e.g. --gpu T4) or omit --gpu/--tpu for a CPU runtime.

2026-09-05 14:38:54 fm-socrates: L4 unavailable — trying next
2026-09-05 14:38:56 + colab --auth=adc new -s fm-socrates --gpu T4
2026-09-05 14:38:57 se Body: {response.text}")           │
│   195 │   │   if not response.ok:                                            │
│ ❱ 196 │   │   │   raise ColabRequestError(                                   │
│   197 │   │   │   │   f"Failed to issue request {method} {endpoint}:         │
│       {response.reason}",                                                    │
│   198 │   │   │   │   request=response.request,                              │
│   199 │   │   │   │   response=response,                                     │
╰──────────────────────────────────────────────────────────────────────────────╯
ColabRequestError: Failed to issue request POST 
https://colab.research.google.com/tun/m/assign?nbh=6e0658b6_6b71_40ad_9a21_8d261
91e96b4........&variant=GPU&accelerator=T4: Service Unavailable

2026-09-05 14:38:57 fm-socrates: assign T4 flaky — retry in 30s
2026-09-05 14:39:27 + colab --auth=adc new -s fm-socrates --gpu L4
2026-09-05 14:39:28 [colab] Creating session 'fm-socrates'...
[colab] Backend rejected accelerator 'L4'. You may not have quota or entitlement for this accelerator on your account. Try a different one (e.g. --gpu T4) or omit --gpu/--tpu for a CPU runtime.

2026-09-05 14:39:28 fm-socrates: L4 unavailable — trying next
2026-09-05 14:39:31 + colab --auth=adc new -s fm-socrates --gpu T4
2026-09-05 14:39:32 se Body: {response.text}")           │
│   195 │   │   if not response.ok:                                            │
│ ❱ 196 │   │   │   raise ColabRequestError(                                   │
│   197 │   │   │   │   f"Failed to issue request {method} {endpoint}:         │
│       {response.reason}",                                                    │
│   198 │   │   │   │   request=response.request,                              │
│   199 │   │   │   │   response=response,                                     │
╰──────────────────────────────────────────────────────────────────────────────╯
ColabRequestError: Failed to issue request POST 
https://colab.research.google.com/tun/m/assign?nbh=badf0d85_7bc7_4de7_95d5_5134e
c9ec98e........&variant=GPU&accelerator=T4: Service Unavailable

2026-09-05 14:39:32 fm-socrates: assign T4 flaky — retry in 30s
2026-09-05 14:40:02 + colab --auth=adc new -s fm-socrates --gpu L4
2026-09-05 14:40:03 [colab] Creating session 'fm-socrates'...
[colab] Backend rejected accelerator 'L4'. You may not have quota or entitlement for this accelerator on your account. Try a different one (e.g. --gpu T4) or omit --gpu/--tpu for a CPU runtime.

2026-09-05 14:40:03 fm-socrates: L4 unavailable — trying next
2026-09-05 14:40:05 + colab --auth=adc new -s fm-socrates --gpu T4
2026-09-05 14:40:07 se Body: {response.text}")           │
│   195 │   │   if not response.ok:                                            │
│ ❱ 196 │   │   │   raise ColabRequestError(                                   │
│   197 │   │   │   │   f"Failed to issue request {method} {endpoint}:         │
│       {response.reason}",                                                    │
│   198 │   │   │   │   request=response.request,                              │
│   199 │   │   │   │   response=response,                                     │
╰──────────────────────────────────────────────────────────────────────────────╯
ColabRequestError: Failed to issue request POST 
https://colab.research.google.com/tun/m/assign?nbh=60375862_6aac_473c_8119_38c4b
f03476e........&variant=GPU&accelerator=T4: Service Unavailable

2026-09-05 14:40:07 fm-socrates: assign T4 flaky — retry in 30s
2026-09-05 14:40:37 + colab --auth=adc new -s fm-socrates --gpu L4
2026-09-05 14:40:38 [colab] Creating session 'fm-socrates'...
[colab] Backend rejected accelerator 'L4'. You may not have quota or entitlement for this accelerator on your account. Try a different one (e.g. --gpu T4) or omit --gpu/--tpu for a CPU runtime.

2026-09-05 14:40:38 fm-socrates: L4 unavailable — trying next
2026-09-05 14:40:40 + colab --auth=adc new -s fm-socrates --gpu T4
2026-09-05 14:40:41 se Body: {response.text}")           │
│   195 │   │   if not response.ok:                                            │
│ ❱ 196 │   │   │   raise ColabRequestError(                                   │
│   197 │   │   │   │   f"Failed to issue request {method} {endpoint}:         │
│       {response.reason}",                                                    │
│   198 │   │   │   │   request=response.request,                              │
│   199 │   │   │   │   response=response,                                     │
╰──────────────────────────────────────────────────────────────────────────────╯
ColabRequestError: Failed to issue request POST 
https://colab.research.google.com/tun/m/assign?nbh=63f66df0_692c_4f0f_bc78_f3970
b1ff4f2........&variant=GPU&accelerator=T4: Service Unavailable

2026-09-05 14:40:41 fm-socrates: assign T4 flaky — retry in 30s
2026-09-05 14:41:11 + colab --auth=adc new -s fm-socrates --gpu L4
2026-09-05 14:41:13 [colab] Creating session 'fm-socrates'...
[colab] Backend rejected accelerator 'L4'. You may not have quota or entitlement for this accelerator on your account. Try a different one (e.g. --gpu T4) or omit --gpu/--tpu for a CPU runtime.

2026-09-05 14:41:13 fm-socrates: L4 unavailable — trying next
2026-09-05 14:41:15 + colab --auth=adc new -s fm-socrates --gpu T4
2026-09-05 14:41:16 se Body: {response.text}")           │
│   195 │   │   if not response.ok:                                            │
│ ❱ 196 │   │   │   raise ColabRequestError(                                   │
│   197 │   │   │   │   f"Failed to issue request {method} {endpoint}:         │
│       {response.reason}",                                                    │
│   198 │   │   │   │   request=response.request,                              │
│   199 │   │   │   │   response=response,                                     │
╰──────────────────────────────────────────────────────────────────────────────╯
ColabRequestError: Failed to issue request POST 
https://colab.research.google.com/tun/m/assign?nbh=a8e74bc5_844e_49c4_93e3_14795
13a7e48........&variant=GPU&accelerator=T4: Service Unavailable

2026-09-05 14:41:16 fm-socrates: assign T4 flaky — retry in 30s
2026-09-05 14:41:46 + colab --auth=adc new -s fm-socrates --gpu L4
2026-09-05 14:41:47 [colab] Creating session 'fm-socrates'...
[colab] Backend rejected accelerator 'L4'. You may not have quota or entitlement for this accelerator on your account. Try a different one (e.g. --gpu T4) or omit --gpu/--tpu for a CPU runtime.

2026-09-05 14:41:47 fm-socrates: L4 unavailable — trying next
2026-09-05 14:41:49 + colab --auth=adc new -s fm-socrates --gpu T4
2026-09-05 14:41:50 se Body: {response.text}")           │
│   195 │   │   if not response.ok:                                            │
│ ❱ 196 │   │   │   raise ColabRequestError(                                   │
│   197 │   │   │   │   f"Failed to issue request {method} {endpoint}:         │
│       {response.reason}",                                                    │
│   198 │   │   │   │   request=response.request,                              │
│   199 │   │   │   │   response=response,                                     │
╰──────────────────────────────────────────────────────────────────────────────╯
ColabRequestError: Failed to issue request POST 
https://colab.research.google.com/tun/m/assign?nbh=625343cf_5553_4035_886c_cf3f2
15257e9........&variant=GPU&accelerator=T4: Service Unavailable

2026-09-05 14:41:50 fm-socrates: assign T4 flaky — retry in 30s
2026-09-05 14:42:20 + colab --auth=adc new -s fm-socrates --gpu L4
2026-09-05 14:42:22 [colab] Creating session 'fm-socrates'...
[colab] Backend rejected accelerator 'L4'. You may not have quota or entitlement for this accelerator on your account. Try a different one (e.g. --gpu T4) or omit --gpu/--tpu for a CPU runtime.

2026-09-05 14:42:22 fm-socrates: L4 unavailable — trying next
2026-09-05 14:42:24 + colab --auth=adc new -s fm-socrates --gpu T4
2026-09-05 14:42:25 se Body: {response.text}")           │
│   195 │   │   if not response.ok:                                            │
│ ❱ 196 │   │   │   raise ColabRequestError(                                   │
│   197 │   │   │   │   f"Failed to issue request {method} {endpoint}:         │
│       {response.reason}",                                                    │
│   198 │   │   │   │   request=response.request,                              │
│   199 │   │   │   │   response=response,                                     │
╰──────────────────────────────────────────────────────────────────────────────╯
ColabRequestError: Failed to issue request POST 
https://colab.research.google.com/tun/m/assign?nbh=f67062a2_a658_4ef1_9ba4_4a453
53c6934........&variant=GPU&accelerator=T4: Service Unavailable

2026-09-05 14:42:25 fm-socrates: assign T4 flaky — retry in 30s
2026-09-05 14:42:55 + colab --auth=adc new -s fm-socrates --gpu L4
2026-09-05 14:42:56 [colab] Creating session 'fm-socrates'...
[colab] Backend rejected accelerator 'L4'. You may not have quota or entitlement for this accelerator on your account. Try a different one (e.g. --gpu T4) or omit --gpu/--tpu for a CPU runtime.

2026-09-05 14:42:56 fm-socrates: L4 unavailable — trying next
2026-09-05 14:42:58 + colab --auth=adc new -s fm-socrates --gpu T4
2026-09-05 14:42:59 se Body: {response.text}")           │
│   195 │   │   if not response.ok:                                            │
│ ❱ 196 │   │   │   raise ColabRequestError(                                   │
│   197 │   │   │   │   f"Failed to issue request {method} {endpoint}:         │
│       {response.reason}",                                                    │
│   198 │   │   │   │   request=response.request,                              │
│   199 │   │   │   │   response=response,                                     │
╰──────────────────────────────────────────────────────────────────────────────╯
ColabRequestError: Failed to issue request POST 
https://colab.research.google.com/tun/m/assign?nbh=e3ff873a_0fd4_48a7_a878_9ba6a
3ac69a5........&variant=GPU&accelerator=T4: Service Unavailable

2026-09-05 14:42:59 fm-socrates: assign T4 flaky — retry in 30s
2026-09-05 14:43:29 + colab --auth=adc new -s fm-socrates --gpu L4
2026-09-05 14:43:30 [colab] Creating session 'fm-socrates'...
[colab] Backend rejected accelerator 'L4'. You may not have quota or entitlement for this accelerator on your account. Try a different one (e.g. --gpu T4) or omit --gpu/--tpu for a CPU runtime.

2026-09-05 14:43:30 fm-socrates: L4 unavailable — trying next
2026-09-05 14:43:33 + colab --auth=adc new -s fm-socrates --gpu T4
2026-09-05 14:43:34 se Body: {response.text}")           │
│   195 │   │   if not response.ok:                                            │
│ ❱ 196 │   │   │   raise ColabRequestError(                                   │
│   197 │   │   │   │   f"Failed to issue request {method} {endpoint}:         │
│       {response.reason}",                                                    │
│   198 │   │   │   │   request=response.request,                              │
│   199 │   │   │   │   response=response,                                     │
╰──────────────────────────────────────────────────────────────────────────────╯
ColabRequestError: Failed to issue request POST 
https://colab.research.google.com/tun/m/assign?nbh=07ca1df8_6d94_4cf0_89a0_f923f
f908d38........&variant=GPU&accelerator=T4: Service Unavailable

2026-09-05 14:43:34 fm-socrates: assign T4 flaky — retry in 30s
2026-09-05 14:44:04 + colab --auth=adc new -s fm-socrates --gpu L4
2026-09-05 14:44:05 [colab] Creating session 'fm-socrates'...
[colab] Backend rejected accelerator 'L4'. You may not have quota or entitlement for this accelerator on your account. Try a different one (e.g. --gpu T4) or omit --gpu/--tpu for a CPU runtime.

2026-09-05 14:44:05 fm-socrates: L4 unavailable — trying next
2026-09-05 14:44:07 + colab --auth=adc new -s fm-socrates --gpu T4
2026-09-05 14:44:08 se Body: {response.text}")           │
│   195 │   │   if not response.ok:                                            │
│ ❱ 196 │   │   │   raise ColabRequestError(                                   │
│   197 │   │   │   │   f"Failed to issue request {method} {endpoint}:         │
│       {response.reason}",                                                    │
│   198 │   │   │   │   request=response.request,                              │
│   199 │   │   │   │   response=response,                                     │
╰──────────────────────────────────────────────────────────────────────────────╯
ColabRequestError: Failed to issue request POST 
https://colab.research.google.com/tun/m/assign?nbh=ca0b5956_ac3f_4d70_868f_7c095
9f3f91d........&variant=GPU&accelerator=T4: Service Unavailable

2026-09-05 14:44:08 fm-socrates: assign T4 flaky — retry in 30s
2026-09-05 14:44:38 + colab --auth=adc new -s fm-socrates --gpu L4
2026-09-05 14:44:40 [colab] Creating session 'fm-socrates'...
[colab] Backend rejected accelerator 'L4'. You may not have quota or entitlement for this accelerator on your account. Try a different one (e.g. --gpu T4) or omit --gpu/--tpu for a CPU runtime.

2026-09-05 14:44:40 fm-socrates: L4 unavailable — trying next
2026-09-05 14:44:42 + colab --auth=adc new -s fm-socrates --gpu T4
2026-09-05 14:44:43 se Body: {response.text}")           │
│   195 │   │   if not response.ok:                                            │
│ ❱ 196 │   │   │   raise ColabRequestError(                                   │
│   197 │   │   │   │   f"Failed to issue request {method} {endpoint}:         │
│       {response.reason}",                                                    │
│   198 │   │   │   │   request=response.request,                              │
│   199 │   │   │   │   response=response,                                     │
╰──────────────────────────────────────────────────────────────────────────────╯
ColabRequestError: Failed to issue request POST 
https://colab.research.google.com/tun/m/assign?nbh=c30c2f0c_4f03_40be_9910_ec60c
0817af9........&variant=GPU&accelerator=T4: Service Unavailable

2026-09-05 14:44:43 fm-socrates: assign T4 flaky — retry in 30s
2026-09-05 14:45:13 + colab --auth=adc new -s fm-socrates --gpu L4
2026-09-05 14:45:14 [colab] Creating session 'fm-socrates'...
[colab] Backend rejected accelerator 'L4'. You may not have quota or entitlement for this accelerator on your account. Try a different one (e.g. --gpu T4) or omit --gpu/--tpu for a CPU runtime.

2026-09-05 14:45:14 fm-socrates: L4 unavailable — trying next
2026-09-05 14:45:16 + colab --auth=adc new -s fm-socrates --gpu T4
2026-09-05 14:45:17 se Body: {response.text}")           │
│   195 │   │   if not response.ok:                                            │
│ ❱ 196 │   │   │   raise ColabRequestError(                                   │
│   197 │   │   │   │   f"Failed to issue request {method} {endpoint}:         │
│       {response.reason}",                                                    │
│   198 │   │   │   │   request=response.request,                              │
│   199 │   │   │   │   response=response,                                     │
╰──────────────────────────────────────────────────────────────────────────────╯
ColabRequestError: Failed to issue request POST 
https://colab.research.google.com/tun/m/assign?nbh=b49e3096_af8e_4b92_ada2_8d7a3
f5cf727........&variant=GPU&accelerator=T4: Service Unavailable

2026-09-05 14:45:17 fm-socrates: assign T4 flaky — retry in 30s
2026-09-05 14:45:48 + colab --auth=adc new -s fm-socrates --gpu L4
2026-09-05 14:45:49 [colab] Creating session 'fm-socrates'...
[colab] Backend rejected accelerator 'L4'. You may not have quota or entitlement for this accelerator on your account. Try a different one (e.g. --gpu T4) or omit --gpu/--tpu for a CPU runtime.

2026-09-05 14:45:49 fm-socrates: L4 unavailable — trying next
2026-09-05 14:45:51 + colab --auth=adc new -s fm-socrates --gpu T4
2026-09-05 14:45:52 se Body: {response.text}")           │
│   195 │   │   if not response.ok:                                            │
│ ❱ 196 │   │   │   raise ColabRequestError(                                   │
│   197 │   │   │   │   f"Failed to issue request {method} {endpoint}:         │
│       {response.reason}",                                                    │
│   198 │   │   │   │   request=response.request,                              │
│   199 │   │   │   │   response=response,                                     │
╰──────────────────────────────────────────────────────────────────────────────╯
ColabRequestError: Failed to issue request POST 
https://colab.research.google.com/tun/m/assign?nbh=0cce3b32_2ee5_4e9b_90fb_fc7fb
9d315a7........&variant=GPU&accelerator=T4: Service Unavailable

2026-09-05 14:45:52 fm-socrates: assign T4 flaky — retry in 30s
2026-09-05 14:46:22 + colab --auth=adc new -s fm-socrates --gpu L4
2026-09-05 14:46:25 [colab] Creating session 'fm-socrates'...
[colab] Backend rejected accelerator 'L4'. You may not have quota or entitlement for this accelerator on your account. Try a different one (e.g. --gpu T4) or omit --gpu/--tpu for a CPU runtime.

2026-09-05 14:46:25 fm-socrates: L4 unavailable — trying next
2026-09-05 14:46:28 + colab --auth=adc new -s fm-socrates --gpu T4
2026-09-05 14:46:30 se Body: {response.text}")           │
│   195 │   │   if not response.ok:                                            │
│ ❱ 196 │   │   │   raise ColabRequestError(                                   │
│   197 │   │   │   │   f"Failed to issue request {method} {endpoint}:         │
│       {response.reason}",                                                    │
│   198 │   │   │   │   request=response.request,                              │
│   199 │   │   │   │   response=response,                                     │
╰──────────────────────────────────────────────────────────────────────────────╯
ColabRequestError: Failed to issue request POST 
https://colab.research.google.com/tun/m/assign?nbh=49b07fc6_f1de_4ab9_a326_0ca9a
02394e2........&variant=GPU&accelerator=T4: Service Unavailable

2026-09-05 14:46:30 fm-socrates: assign T4 flaky — retry in 30s
2026-09-05 14:47:00 + colab --auth=adc new -s fm-socrates --gpu L4
2026-09-05 14:47:01 [colab] Creating session 'fm-socrates'...
[colab] Backend rejected accelerator 'L4'. You may not have quota or entitlement for this accelerator on your account. Try a different one (e.g. --gpu T4) or omit --gpu/--tpu for a CPU runtime.

2026-09-05 14:47:01 fm-socrates: L4 unavailable — trying next
2026-09-05 14:47:03 + colab --auth=adc new -s fm-socrates --gpu T4
2026-09-05 14:47:04 se Body: {response.text}")           │
│   195 │   │   if not response.ok:                                            │
│ ❱ 196 │   │   │   raise ColabRequestError(                                   │
│   197 │   │   │   │   f"Failed to issue request {method} {endpoint}:         │
│       {response.reason}",                                                    │
│   198 │   │   │   │   request=response.request,                              │
│   199 │   │   │   │   response=response,                                     │
╰──────────────────────────────────────────────────────────────────────────────╯
ColabRequestError: Failed to issue request POST 
https://colab.research.google.com/tun/m/assign?nbh=f4a64d71_8fbd_41eb_b6f1_5021b
436640b........&variant=GPU&accelerator=T4: Service Unavailable

2026-09-05 14:47:04 fm-socrates: assign T4 flaky — retry in 30s
2026-09-05 14:47:34 + colab --auth=adc new -s fm-socrates --gpu L4
2026-09-05 14:47:35 [colab] Creating session 'fm-socrates'...
[colab] Backend rejected accelerator 'L4'. You may not have quota or entitlement for this accelerator on your account. Try a different one (e.g. --gpu T4) or omit --gpu/--tpu for a CPU runtime.

2026-09-05 14:47:35 fm-socrates: L4 unavailable — trying next
2026-09-05 14:47:37 + colab --auth=adc new -s fm-socrates --gpu T4
2026-09-05 14:47:39 se Body: {response.text}")           │
│   195 │   │   if not response.ok:                                            │
│ ❱ 196 │   │   │   raise ColabRequestError(                                   │
│   197 │   │   │   │   f"Failed to issue request {method} {endpoint}:         │
│       {response.reason}",                                                    │
│   198 │   │   │   │   request=response.request,                              │
│   199 │   │   │   │   response=response,                                     │
╰──────────────────────────────────────────────────────────────────────────────╯
ColabRequestError: Failed to issue request POST 
https://colab.research.google.com/tun/m/assign?nbh=a6a3bb86_9ebd_4ecf_884d_3ed3f
82ea4b1........&variant=GPU&accelerator=T4: Service Unavailable

2026-09-05 14:47:39 fm-socrates: assign T4 flaky — retry in 30s
2026-09-05 14:48:09 + colab --auth=adc new -s fm-socrates --gpu L4
2026-09-05 14:48:12 [colab] Creating session 'fm-socrates'...
[colab] Backend rejected accelerator 'L4'. You may not have quota or entitlement for this accelerator on your account. Try a different one (e.g. --gpu T4) or omit --gpu/--tpu for a CPU runtime.

2026-09-05 14:48:12 fm-socrates: L4 unavailable — trying next
2026-09-05 14:48:14 + colab --auth=adc new -s fm-socrates --gpu T4
2026-09-05 14:48:15 se Body: {response.text}")           │
│   195 │   │   if not response.ok:                                            │
│ ❱ 196 │   │   │   raise ColabRequestError(                                   │
│   197 │   │   │   │   f"Failed to issue request {method} {endpoint}:         │
│       {response.reason}",                                                    │
│   198 │   │   │   │   request=response.request,                              │
│   199 │   │   │   │   response=response,                                     │
╰──────────────────────────────────────────────────────────────────────────────╯
ColabRequestError: Failed to issue request POST 
https://colab.research.google.com/tun/m/assign?nbh=e06c19ce_a6f1_435f_8ecb_d165e
346dafd........&variant=GPU&accelerator=T4: Service Unavailable

2026-09-05 14:48:15 fm-socrates: assign T4 flaky — retry in 30s
2026-09-05 14:48:45 + colab --auth=adc new -s fm-socrates --gpu L4
2026-09-05 14:48:46 [colab] Creating session 'fm-socrates'...
[colab] Backend rejected accelerator 'L4'. You may not have quota or entitlement for this accelerator on your account. Try a different one (e.g. --gpu T4) or omit --gpu/--tpu for a CPU runtime.

2026-09-05 14:48:46 fm-socrates: L4 unavailable — trying next
2026-09-05 14:48:48 + colab --auth=adc new -s fm-socrates --gpu T4
2026-09-05 14:48:50 se Body: {response.text}")           │
│   195 │   │   if not response.ok:                                            │
│ ❱ 196 │   │   │   raise ColabRequestError(                                   │
│   197 │   │   │   │   f"Failed to issue request {method} {endpoint}:         │
│       {response.reason}",                                                    │
│   198 │   │   │   │   request=response.request,                              │
│   199 │   │   │   │   response=response,                                     │
╰──────────────────────────────────────────────────────────────────────────────╯
ColabRequestError: Failed to issue request POST 
https://colab.research.google.com/tun/m/assign?nbh=3ca62c07_068e_4f62_acdd_a4451
b8c91b5........&variant=GPU&accelerator=T4: Service Unavailable

2026-09-05 14:48:50 fm-socrates: assign T4 flaky — retry in 30s
2026-09-05 14:49:20 + colab --auth=adc new -s fm-socrates --gpu L4
2026-09-05 14:49:21 [colab] Creating session 'fm-socrates'...
[colab] Backend rejected accelerator 'L4'. You may not have quota or entitlement for this accelerator on your account. Try a different one (e.g. --gpu T4) or omit --gpu/--tpu for a CPU runtime.

2026-09-05 14:49:21 fm-socrates: L4 unavailable — trying next
2026-09-05 14:49:23 + colab --auth=adc new -s fm-socrates --gpu T4
2026-09-05 14:49:24 se Body: {response.text}")           │
│   195 │   │   if not response.ok:                                            │
│ ❱ 196 │   │   │   raise ColabRequestError(                                   │
│   197 │   │   │   │   f"Failed to issue request {method} {endpoint}:         │
│       {response.reason}",                                                    │
│   198 │   │   │   │   request=response.request,                              │
│   199 │   │   │   │   response=response,                                     │
╰──────────────────────────────────────────────────────────────────────────────╯
ColabRequestError: Failed to issue request POST 
https://colab.research.google.com/tun/m/assign?nbh=41d8894e_6475_4a4f_abfd_b8b3d
2dc222e........&variant=GPU&accelerator=T4: Service Unavailable

2026-09-05 14:49:24 fm-socrates: assign T4 flaky — retry in 30s
2026-09-05 14:49:54 + colab --auth=adc new -s fm-socrates --gpu L4
2026-09-05 14:49:56 [colab] Creating session 'fm-socrates'...
[colab] Backend rejected accelerator 'L4'. You may not have quota or entitlement for this accelerator on your account. Try a different one (e.g. --gpu T4) or omit --gpu/--tpu for a CPU runtime.

2026-09-05 14:49:56 fm-socrates: L4 unavailable — trying next
2026-09-05 14:49:58 + colab --auth=adc new -s fm-socrates --gpu T4
2026-09-05 14:49:59 se Body: {response.text}")           │
│   195 │   │   if not response.ok:                                            │
│ ❱ 196 │   │   │   raise ColabRequestError(                                   │
│   197 │   │   │   │   f"Failed to issue request {method} {endpoint}:         │
│       {response.reason}",                                                    │
│   198 │   │   │   │   request=response.request,                              │
│   199 │   │   │   │   response=response,                                     │
╰──────────────────────────────────────────────────────────────────────────────╯
ColabRequestError: Failed to issue request POST 
https://colab.research.google.com/tun/m/assign?nbh=b4c053e2_ade2_461f_9181_5dc2d
4814e52........&variant=GPU&accelerator=T4: Service Unavailable

2026-09-05 14:49:59 fm-socrates: assign T4 flaky — retry in 30s
2026-09-05 14:50:29 + colab --auth=adc new -s fm-socrates --gpu L4
2026-09-05 14:50:32 [colab] Creating session 'fm-socrates'...
[colab] Backend rejected accelerator 'L4'. You may not have quota or entitlement for this accelerator on your account. Try a different one (e.g. --gpu T4) or omit --gpu/--tpu for a CPU runtime.

2026-09-05 14:50:32 fm-socrates: L4 unavailable — trying next
2026-09-05 14:50:34 + colab --auth=adc new -s fm-socrates --gpu T4
2026-09-05 14:50:35 se Body: {response.text}")           │
│   195 │   │   if not response.ok:                                            │
│ ❱ 196 │   │   │   raise ColabRequestError(                                   │
│   197 │   │   │   │   f"Failed to issue request {method} {endpoint}:         │
│       {response.reason}",                                                    │
│   198 │   │   │   │   request=response.request,                              │
│   199 │   │   │   │   response=response,                                     │
╰──────────────────────────────────────────────────────────────────────────────╯
ColabRequestError: Failed to issue request POST 
https://colab.research.google.com/tun/m/assign?nbh=6ba18ea3_679a_48b4_aa44_c92f6
7984484........&variant=GPU&accelerator=T4: Service Unavailable

2026-09-05 14:50:35 fm-socrates: assign T4 flaky — retry in 30s
2026-09-05 14:51:05 + colab --auth=adc new -s fm-socrates --gpu L4
2026-09-05 14:51:06 [colab] Creating session 'fm-socrates'...
[colab] Backend rejected accelerator 'L4'. You may not have quota or entitlement for this accelerator on your account. Try a different one (e.g. --gpu T4) or omit --gpu/--tpu for a CPU runtime.

2026-09-05 14:51:06 fm-socrates: L4 unavailable — trying next
2026-09-05 14:51:08 + colab --auth=adc new -s fm-socrates --gpu T4
2026-09-05 14:51:09 se Body: {response.text}")           │
│   195 │   │   if not response.ok:                                            │
│ ❱ 196 │   │   │   raise ColabRequestError(                                   │
│   197 │   │   │   │   f"Failed to issue request {method} {endpoint}:         │
│       {response.reason}",                                                    │
│   198 │   │   │   │   request=response.request,                              │
│   199 │   │   │   │   response=response,                                     │
╰──────────────────────────────────────────────────────────────────────────────╯
ColabRequestError: Failed to issue request POST 
https://colab.research.google.com/tun/m/assign?nbh=cc6108f1_6ff0_48e9_9b80_d9717
7fd1d26........&variant=GPU&accelerator=T4: Service Unavailable

2026-09-05 14:51:09 fm-socrates: assign T4 flaky — retry in 30s
2026-09-05 14:51:39 + colab --auth=adc new -s fm-socrates --gpu L4
2026-09-05 14:51:41 [colab] Creating session 'fm-socrates'...
[colab] Backend rejected accelerator 'L4'. You may not have quota or entitlement for this accelerator on your account. Try a different one (e.g. --gpu T4) or omit --gpu/--tpu for a CPU runtime.

2026-09-05 14:51:41 fm-socrates: L4 unavailable — trying next
2026-09-05 14:51:43 + colab --auth=adc new -s fm-socrates --gpu T4
2026-09-05 14:51:44 se Body: {response.text}")           │
│   195 │   │   if not response.ok:                                            │
│ ❱ 196 │   │   │   raise ColabRequestError(                                   │
│   197 │   │   │   │   f"Failed to issue request {method} {endpoint}:         │
│       {response.reason}",                                                    │
│   198 │   │   │   │   request=response.request,                              │
│   199 │   │   │   │   response=response,                                     │
╰──────────────────────────────────────────────────────────────────────────────╯
ColabRequestError: Failed to issue request POST 
https://colab.research.google.com/tun/m/assign?nbh=f5fecd16_6c84_4b8b_946d_960be
edac3d5........&variant=GPU&accelerator=T4: Service Unavailable

2026-09-05 14:51:44 fm-socrates: assign T4 flaky — retry in 30s
2026-09-05 14:52:14 + colab --auth=adc new -s fm-socrates --gpu L4
2026-09-05 14:52:16 [colab] Creating session 'fm-socrates'...
[colab] Backend rejected accelerator 'L4'. You may not have quota or entitlement for this accelerator on your account. Try a different one (e.g. --gpu T4) or omit --gpu/--tpu for a CPU runtime.

2026-09-05 14:52:16 fm-socrates: L4 unavailable — trying next
2026-09-05 14:52:18 + colab --auth=adc new -s fm-socrates --gpu T4
2026-09-05 14:52:19 se Body: {response.text}")           │
│   195 │   │   if not response.ok:                                            │
│ ❱ 196 │   │   │   raise ColabRequestError(                                   │
│   197 │   │   │   │   f"Failed to issue request {method} {endpoint}:         │
│       {response.reason}",                                                    │
│   198 │   │   │   │   request=response.request,                              │
│   199 │   │   │   │   response=response,                                     │
╰──────────────────────────────────────────────────────────────────────────────╯
ColabRequestError: Failed to issue request POST 
https://colab.research.google.com/tun/m/assign?nbh=83e7a5c5_7d5d_4dd1_8737_54c96
7876ef6........&variant=GPU&accelerator=T4: Service Unavailable

2026-09-05 14:52:19 fm-socrates: assign T4 flaky — retry in 30s
2026-09-05 14:52:49 + colab --auth=adc new -s fm-socrates --gpu L4
2026-09-05 14:52:50 [colab] Creating session 'fm-socrates'...
[colab] Backend rejected accelerator 'L4'. You may not have quota or entitlement for this accelerator on your account. Try a different one (e.g. --gpu T4) or omit --gpu/--tpu for a CPU runtime.

2026-09-05 14:52:50 fm-socrates: L4 unavailable — trying next
2026-09-05 14:52:52 + colab --auth=adc new -s fm-socrates --gpu T4
2026-09-05 14:52:54 se Body: {response.text}")           │
│   195 │   │   if not response.ok:                                            │
│ ❱ 196 │   │   │   raise ColabRequestError(                                   │
│   197 │   │   │   │   f"Failed to issue request {method} {endpoint}:         │
│       {response.reason}",                                                    │
│   198 │   │   │   │   request=response.request,                              │
│   199 │   │   │   │   response=response,                                     │
╰──────────────────────────────────────────────────────────────────────────────╯
ColabRequestError: Failed to issue request POST 
https://colab.research.google.com/tun/m/assign?nbh=7969206d_bd74_4629_8354_773c9
f646d54........&variant=GPU&accelerator=T4: Service Unavailable

2026-09-05 14:52:54 fm-socrates: assign T4 flaky — retry in 30s
2026-09-05 14:53:24 + colab --auth=adc new -s fm-socrates --gpu L4
2026-09-05 14:53:25 [colab] Creating session 'fm-socrates'...
[colab] Backend rejected accelerator 'L4'. You may not have quota or entitlement for this accelerator on your account. Try a different one (e.g. --gpu T4) or omit --gpu/--tpu for a CPU runtime.

2026-09-05 14:53:25 fm-socrates: L4 unavailable — trying next
2026-09-05 14:53:27 + colab --auth=adc new -s fm-socrates --gpu T4
2026-09-05 14:53:28 se Body: {response.text}")           │
│   195 │   │   if not response.ok:                                            │
│ ❱ 196 │   │   │   raise ColabRequestError(                                   │
│   197 │   │   │   │   f"Failed to issue request {method} {endpoint}:         │
│       {response.reason}",                                                    │
│   198 │   │   │   │   request=response.request,                              │
│   199 │   │   │   │   response=response,                                     │
╰──────────────────────────────────────────────────────────────────────────────╯
ColabRequestError: Failed to issue request POST 
https://colab.research.google.com/tun/m/assign?nbh=123450a8_9b2e_49bf_b584_3fbdb
e4a67a0........&variant=GPU&accelerator=T4: Service Unavailable

2026-09-05 14:53:28 fm-socrates: assign T4 flaky — retry in 30s
2026-09-05 14:53:58 + colab --auth=adc new -s fm-socrates --gpu L4
2026-09-05 14:53:59 [colab] Creating session 'fm-socrates'...
[colab] Backend rejected accelerator 'L4'. You may not have quota or entitlement for this accelerator on your account. Try a different one (e.g. --gpu T4) or omit --gpu/--tpu for a CPU runtime.

2026-09-05 14:53:59 fm-socrates: L4 unavailable — trying next
2026-09-05 14:54:02 + colab --auth=adc new -s fm-socrates --gpu T4
2026-09-05 14:54:03 se Body: {response.text}")           │
│   195 │   │   if not response.ok:                                            │
│ ❱ 196 │   │   │   raise ColabRequestError(                                   │
│   197 │   │   │   │   f"Failed to issue request {method} {endpoint}:         │
│       {response.reason}",                                                    │
│   198 │   │   │   │   request=response.request,                              │
│   199 │   │   │   │   response=response,                                     │
╰──────────────────────────────────────────────────────────────────────────────╯
ColabRequestError: Failed to issue request POST 
https://colab.research.google.com/tun/m/assign?nbh=dd4f99ae_bc58_4b8e_8700_b2185
c7a718e........&variant=GPU&accelerator=T4: Service Unavailable

2026-09-05 14:54:03 fm-socrates: assign T4 flaky — retry in 30s
2026-09-05 14:54:33 + colab --auth=adc new -s fm-socrates --gpu L4
2026-09-05 14:54:35 [colab] Creating session 'fm-socrates'...
[colab] Backend rejected accelerator 'L4'. You may not have quota or entitlement for this accelerator on your account. Try a different one (e.g. --gpu T4) or omit --gpu/--tpu for a CPU runtime.

2026-09-05 14:54:35 fm-socrates: L4 unavailable — trying next
2026-09-05 14:54:37 + colab --auth=adc new -s fm-socrates --gpu T4
2026-09-05 14:54:38 se Body: {response.text}")           │
│   195 │   │   if not response.ok:                                            │
│ ❱ 196 │   │   │   raise ColabRequestError(                                   │
│   197 │   │   │   │   f"Failed to issue request {method} {endpoint}:         │
│       {response.reason}",                                                    │
│   198 │   │   │   │   request=response.request,                              │
│   199 │   │   │   │   response=response,                                     │
╰──────────────────────────────────────────────────────────────────────────────╯
ColabRequestError: Failed to issue request POST 
https://colab.research.google.com/tun/m/assign?nbh=b3f9cb4e_852e_4315_b279_6d88c
a652caa........&variant=GPU&accelerator=T4: Service Unavailable

2026-09-05 14:54:38 fm-socrates: assign T4 flaky — retry in 30s
2026-09-05 14:55:08 + colab --auth=adc new -s fm-socrates --gpu L4
2026-09-05 14:55:09 [colab] Creating session 'fm-socrates'...
[colab] Backend rejected accelerator 'L4'. You may not have quota or entitlement for this accelerator on your account. Try a different one (e.g. --gpu T4) or omit --gpu/--tpu for a CPU runtime.

2026-09-05 14:55:09 fm-socrates: L4 unavailable — trying next
2026-09-05 14:55:11 + colab --auth=adc new -s fm-socrates --gpu T4
2026-09-05 14:55:13 se Body: {response.text}")           │
│   195 │   │   if not response.ok:                                            │
│ ❱ 196 │   │   │   raise ColabRequestError(                                   │
│   197 │   │   │   │   f"Failed to issue request {method} {endpoint}:         │
│       {response.reason}",                                                    │
│   198 │   │   │   │   request=response.request,                              │
│   199 │   │   │   │   response=response,                                     │
╰──────────────────────────────────────────────────────────────────────────────╯
ColabRequestError: Failed to issue request POST 
https://colab.research.google.com/tun/m/assign?nbh=83632b1f_36f5_44e6_a870_adb0d
42d7c7f........&variant=GPU&accelerator=T4: Service Unavailable

2026-09-05 14:55:13 fm-socrates: assign T4 flaky — retry in 30s
2026-09-05 14:55:43 + colab --auth=adc new -s fm-socrates --gpu L4
2026-09-05 14:55:44 [colab] Creating session 'fm-socrates'...
[colab] Backend rejected accelerator 'L4'. You may not have quota or entitlement for this accelerator on your account. Try a different one (e.g. --gpu T4) or omit --gpu/--tpu for a CPU runtime.

2026-09-05 14:55:44 fm-socrates: L4 unavailable — trying next
2026-09-05 14:55:46 + colab --auth=adc new -s fm-socrates --gpu T4
2026-09-05 14:55:48 se Body: {response.text}")           │
│   195 │   │   if not response.ok:                                            │
│ ❱ 196 │   │   │   raise ColabRequestError(                                   │
│   197 │   │   │   │   f"Failed to issue request {method} {endpoint}:         │
│       {response.reason}",                                                    │
│   198 │   │   │   │   request=response.request,                              │
│   199 │   │   │   │   response=response,                                     │
╰──────────────────────────────────────────────────────────────────────────────╯
ColabRequestError: Failed to issue request POST 
https://colab.research.google.com/tun/m/assign?nbh=9837b96d_4273_46d2_8c4e_51060
49bfd15........&variant=GPU&accelerator=T4: Service Unavailable

2026-09-05 14:55:48 fm-socrates: assign T4 flaky — retry in 30s
2026-09-05 14:56:18 + colab --auth=adc new -s fm-socrates --gpu L4
2026-09-05 14:56:20 [colab] Creating session 'fm-socrates'...
[colab] Backend rejected accelerator 'L4'. You may not have quota or entitlement for this accelerator on your account. Try a different one (e.g. --gpu T4) or omit --gpu/--tpu for a CPU runtime.

2026-09-05 14:56:20 fm-socrates: L4 unavailable — trying next
2026-09-05 14:56:22 + colab --auth=adc new -s fm-socrates --gpu T4
2026-09-05 14:56:23 se Body: {response.text}")           │
│   195 │   │   if not response.ok:                                            │
│ ❱ 196 │   │   │   raise ColabRequestError(                                   │
│   197 │   │   │   │   f"Failed to issue request {method} {endpoint}:         │
│       {response.reason}",                                                    │
│   198 │   │   │   │   request=response.request,                              │
│   199 │   │   │   │   response=response,                                     │
╰──────────────────────────────────────────────────────────────────────────────╯
ColabRequestError: Failed to issue request POST 
https://colab.research.google.com/tun/m/assign?nbh=f40a8d0b_2cbc_4418_9e24_e7514
5791217........&variant=GPU&accelerator=T4: Service Unavailable

2026-09-05 14:56:23 fm-socrates: assign T4 flaky — retry in 30s
2026-09-05 14:56:53 + colab --auth=adc new -s fm-socrates --gpu L4
2026-09-05 14:56:55 [colab] Creating session 'fm-socrates'...
[colab] Backend rejected accelerator 'L4'. You may not have quota or entitlement for this accelerator on your account. Try a different one (e.g. --gpu T4) or omit --gpu/--tpu for a CPU runtime.

2026-09-05 14:56:55 fm-socrates: L4 unavailable — trying next
2026-09-05 14:56:57 + colab --auth=adc new -s fm-socrates --gpu T4
2026-09-05 14:56:58 se Body: {response.text}")           │
│   195 │   │   if not response.ok:                                            │
│ ❱ 196 │   │   │   raise ColabRequestError(                                   │
│   197 │   │   │   │   f"Failed to issue request {method} {endpoint}:         │
│       {response.reason}",                                                    │
│   198 │   │   │   │   request=response.request,                              │
│   199 │   │   │   │   response=response,                                     │
╰──────────────────────────────────────────────────────────────────────────────╯
ColabRequestError: Failed to issue request POST 
https://colab.research.google.com/tun/m/assign?nbh=c0e60ecc_fef5_434f_9340_fc67b
610f16e........&variant=GPU&accelerator=T4: Service Unavailable

2026-09-05 14:56:58 fm-socrates: assign T4 flaky — retry in 30s
2026-09-05 14:57:28 + colab --auth=adc new -s fm-socrates --gpu L4
2026-09-05 14:57:32 [colab] Creating session 'fm-socrates'...
[colab] Backend rejected accelerator 'L4'. You may not have quota or entitlement for this accelerator on your account. Try a different one (e.g. --gpu T4) or omit --gpu/--tpu for a CPU runtime.

2026-09-05 14:57:32 fm-socrates: L4 unavailable — trying next
2026-09-05 14:57:34 + colab --auth=adc new -s fm-socrates --gpu T4
2026-09-05 14:57:35 se Body: {response.text}")           │
│   195 │   │   if not response.ok:                                            │
│ ❱ 196 │   │   │   raise ColabRequestError(                                   │
│   197 │   │   │   │   f"Failed to issue request {method} {endpoint}:         │
│       {response.reason}",                                                    │
│   198 │   │   │   │   request=response.request,                              │
│   199 │   │   │   │   response=response,                                     │
╰──────────────────────────────────────────────────────────────────────────────╯
ColabRequestError: Failed to issue request POST 
https://colab.research.google.com/tun/m/assign?nbh=10221e2a_7776_4882_9e41_6f9dd
9a2ebb9........&variant=GPU&accelerator=T4: Service Unavailable

2026-09-05 14:57:35 fm-socrates: assign T4 flaky — retry in 30s
2026-09-05 14:58:05 + colab --auth=adc new -s fm-socrates --gpu L4
2026-09-05 14:58:07 [colab] Creating session 'fm-socrates'...
[colab] Backend rejected accelerator 'L4'. You may not have quota or entitlement for this accelerator on your account. Try a different one (e.g. --gpu T4) or omit --gpu/--tpu for a CPU runtime.

2026-09-05 14:58:07 fm-socrates: L4 unavailable — trying next
2026-09-05 14:58:09 + colab --auth=adc new -s fm-socrates --gpu T4
2026-09-05 14:58:15 se Body: {response.text}")           │
│   195 │   │   if not response.ok:                                            │
│ ❱ 196 │   │   │   raise ColabRequestError(                                   │
│   197 │   │   │   │   f"Failed to issue request {method} {endpoint}:         │
│       {response.reason}",                                                    │
│   198 │   │   │   │   request=response.request,                              │
│   199 │   │   │   │   response=response,                                     │
╰──────────────────────────────────────────────────────────────────────────────╯
ColabRequestError: Failed to issue request POST 
https://colab.research.google.com/tun/m/assign?nbh=149647b6_cb3d_411d_bf96_fc16e
a5b04e9........&variant=GPU&accelerator=T4: Service Unavailable

2026-09-05 14:58:15 fm-socrates: assign T4 flaky — retry in 30s
2026-09-05 14:58:45 + colab --auth=adc new -s fm-socrates --gpu L4
2026-09-05 14:58:48 [colab] Creating session 'fm-socrates'...
[colab] Backend rejected accelerator 'L4'. You may not have quota or entitlement for this accelerator on your account. Try a different one (e.g. --gpu T4) or omit --gpu/--tpu for a CPU runtime.

2026-09-05 14:58:48 fm-socrates: L4 unavailable — trying next
2026-09-05 14:58:50 + colab --auth=adc new -s fm-socrates --gpu T4
2026-09-05 14:58:51 se Body: {response.text}")           │
│   195 │   │   if not response.ok:                                            │
│ ❱ 196 │   │   │   raise ColabRequestError(                                   │
│   197 │   │   │   │   f"Failed to issue request {method} {endpoint}:         │
│       {response.reason}",                                                    │
│   198 │   │   │   │   request=response.request,                              │
│   199 │   │   │   │   response=response,                                     │
╰──────────────────────────────────────────────────────────────────────────────╯
ColabRequestError: Failed to issue request POST 
https://colab.research.google.com/tun/m/assign?nbh=19d06b60_a728_47f9_a4fd_501d1
519db66........&variant=GPU&accelerator=T4: Service Unavailable

2026-09-05 14:58:51 fm-socrates: assign T4 flaky — retry in 30s
2026-09-05 14:59:21 + colab --auth=adc new -s fm-socrates --gpu L4
2026-09-05 14:59:28 [colab] Creating session 'fm-socrates'...
[colab] Backend rejected accelerator 'L4'. You may not have quota or entitlement for this accelerator on your account. Try a different one (e.g. --gpu T4) or omit --gpu/--tpu for a CPU runtime.

2026-09-05 14:59:28 fm-socrates: L4 unavailable — trying next
2026-09-05 14:59:30 + colab --auth=adc new -s fm-socrates --gpu T4
2026-09-05 14:59:36 se Body: {response.text}")           │
│   195 │   │   if not response.ok:                                            │
│ ❱ 196 │   │   │   raise ColabRequestError(                                   │
│   197 │   │   │   │   f"Failed to issue request {method} {endpoint}:         │
│       {response.reason}",                                                    │
│   198 │   │   │   │   request=response.request,                              │
│   199 │   │   │   │   response=response,                                     │
╰──────────────────────────────────────────────────────────────────────────────╯
ColabRequestError: Failed to issue request POST 
https://colab.research.google.com/tun/m/assign?nbh=a290301e_7e8c_4fb3_ad37_5d139
f59dc1a........&variant=GPU&accelerator=T4: Service Unavailable

2026-09-05 14:59:36 fm-socrates: assign T4 flaky — retry in 30s
2026-09-05 15:00:06 + colab --auth=adc new -s fm-socrates --gpu L4
2026-09-05 15:00:21 [colab] Creating session 'fm-socrates'...
[colab] Backend rejected accelerator 'L4'. You may not have quota or entitlement for this accelerator on your account. Try a different one (e.g. --gpu T4) or omit --gpu/--tpu for a CPU runtime.

2026-09-05 15:00:21 fm-socrates: L4 unavailable — trying next
2026-09-05 15:00:23 + colab --auth=adc new -s fm-socrates --gpu T4
2026-09-05 15:00:25 se Body: {response.text}")           │
│   195 │   │   if not response.ok:                                            │
│ ❱ 196 │   │   │   raise ColabRequestError(                                   │
│   197 │   │   │   │   f"Failed to issue request {method} {endpoint}:         │
│       {response.reason}",                                                    │
│   198 │   │   │   │   request=response.request,                              │
│   199 │   │   │   │   response=response,                                     │
╰──────────────────────────────────────────────────────────────────────────────╯
ColabRequestError: Failed to issue request POST 
https://colab.research.google.com/tun/m/assign?nbh=fc4f31a6_8b03_43c9_87d5_24e10
b9abc61........&variant=GPU&accelerator=T4: Service Unavailable

2026-09-05 15:00:25 fm-socrates: assign T4 flaky — retry in 30s
2026-09-05 15:00:55 + colab --auth=adc new -s fm-socrates --gpu L4
2026-09-05 15:00:56 [colab] Creating session 'fm-socrates'...
[colab] Backend rejected accelerator 'L4'. You may not have quota or entitlement for this accelerator on your account. Try a different one (e.g. --gpu T4) or omit --gpu/--tpu for a CPU runtime.

2026-09-05 15:00:56 fm-socrates: L4 unavailable — trying next
2026-09-05 15:00:58 + colab --auth=adc new -s fm-socrates --gpu T4
2026-09-05 15:01:00 se Body: {response.text}")           │
│   195 │   │   if not response.ok:                                            │
│ ❱ 196 │   │   │   raise ColabRequestError(                                   │
│   197 │   │   │   │   f"Failed to issue request {method} {endpoint}:         │
│       {response.reason}",                                                    │
│   198 │   │   │   │   request=response.request,                              │
│   199 │   │   │   │   response=response,                                     │
╰──────────────────────────────────────────────────────────────────────────────╯
ColabRequestError: Failed to issue request POST 
https://colab.research.google.com/tun/m/assign?nbh=db3b678a_f279_416c_bd12_b785f
952806f........&variant=GPU&accelerator=T4: Service Unavailable

2026-09-05 15:01:00 fm-socrates: assign T4 flaky — retry in 30s
2026-09-05 15:01:31 + colab --auth=adc new -s fm-socrates --gpu L4
2026-09-05 15:01:37 [colab] Creating session 'fm-socrates'...
[colab] Backend rejected accelerator 'L4'. You may not have quota or entitlement for this accelerator on your account. Try a different one (e.g. --gpu T4) or omit --gpu/--tpu for a CPU runtime.

2026-09-05 15:01:37 fm-socrates: L4 unavailable — trying next
2026-09-05 15:01:39 + colab --auth=adc new -s fm-socrates --gpu T4
2026-09-05 15:01:43 se Body: {response.text}")           │
│   195 │   │   if not response.ok:                                            │
│ ❱ 196 │   │   │   raise ColabRequestError(                                   │
│   197 │   │   │   │   f"Failed to issue request {method} {endpoint}:         │
│       {response.reason}",                                                    │
│   198 │   │   │   │   request=response.request,                              │
│   199 │   │   │   │   response=response,                                     │
╰──────────────────────────────────────────────────────────────────────────────╯
ColabRequestError: Failed to issue request POST 
https://colab.research.google.com/tun/m/assign?nbh=63c07e93_27f9_45a3_b7af_f4d1d
7ea3eeb........&variant=GPU&accelerator=T4: Service Unavailable

2026-09-05 15:01:43 fm-socrates: assign T4 flaky — retry in 30s
2026-09-05 15:02:13 + colab --auth=adc new -s fm-socrates --gpu L4
2026-09-05 15:02:15 [colab] Creating session 'fm-socrates'...
[colab] Backend rejected accelerator 'L4'. You may not have quota or entitlement for this accelerator on your account. Try a different one (e.g. --gpu T4) or omit --gpu/--tpu for a CPU runtime.

2026-09-05 15:02:15 fm-socrates: L4 unavailable — trying next
2026-09-05 15:02:17 + colab --auth=adc new -s fm-socrates --gpu T4
2026-09-05 15:02:31 se Body: {response.text}")           │
│   195 │   │   if not response.ok:                                            │
│ ❱ 196 │   │   │   raise ColabRequestError(                                   │
│   197 │   │   │   │   f"Failed to issue request {method} {endpoint}:         │
│       {response.reason}",                                                    │
│   198 │   │   │   │   request=response.request,                              │
│   199 │   │   │   │   response=response,                                     │
╰──────────────────────────────────────────────────────────────────────────────╯
ColabRequestError: Failed to issue request POST 
https://colab.research.google.com/tun/m/assign?nbh=08677790_70ac_4449_b5d7_52eb9
58fd866........&variant=GPU&accelerator=T4: Service Unavailable

2026-09-05 15:02:31 fm-socrates: assign T4 flaky — retry in 30s
2026-09-05 15:03:01 + colab --auth=adc new -s fm-socrates --gpu L4
2026-09-05 15:03:06 [colab] Creating session 'fm-socrates'...
[colab] Backend rejected accelerator 'L4'. You may not have quota or entitlement for this accelerator on your account. Try a different one (e.g. --gpu T4) or omit --gpu/--tpu for a CPU runtime.

2026-09-05 15:03:06 fm-socrates: L4 unavailable — trying next
2026-09-05 15:03:08 + colab --auth=adc new -s fm-socrates --gpu T4
2026-09-05 15:03:11 se Body: {response.text}")           │
│   195 │   │   if not response.ok:                                            │
│ ❱ 196 │   │   │   raise ColabRequestError(                                   │
│   197 │   │   │   │   f"Failed to issue request {method} {endpoint}:         │
│       {response.reason}",                                                    │
│   198 │   │   │   │   request=response.request,                              │
│   199 │   │   │   │   response=response,                                     │
╰──────────────────────────────────────────────────────────────────────────────╯
ColabRequestError: Failed to issue request POST 
https://colab.research.google.com/tun/m/assign?nbh=8ad72578_fbc3_4fd4_aec0_ff16c
062303a........&variant=GPU&accelerator=T4: Service Unavailable

2026-09-05 15:03:11 fm-socrates: assign T4 flaky — retry in 30s
2026-09-05 15:03:41 + colab --auth=adc new -s fm-socrates --gpu L4
2026-09-05 15:03:59 [colab] Creating session 'fm-socrates'...
[colab] Backend rejected accelerator 'L4'. You may not have quota or entitlement for this accelerator on your account. Try a different one (e.g. --gpu T4) or omit --gpu/--tpu for a CPU runtime.

2026-09-05 15:03:59 fm-socrates: L4 unavailable — trying next
2026-09-05 15:04:01 + colab --auth=adc new -s fm-socrates --gpu T4
2026-09-05 15:04:11 se Body: {response.text}")           │
│   195 │   │   if not response.ok:                                            │
│ ❱ 196 │   │   │   raise ColabRequestError(                                   │
│   197 │   │   │   │   f"Failed to issue request {method} {endpoint}:         │
│       {response.reason}",                                                    │
│   198 │   │   │   │   request=response.request,                              │
│   199 │   │   │   │   response=response,                                     │
╰──────────────────────────────────────────────────────────────────────────────╯
ColabRequestError: Failed to issue request POST 
https://colab.research.google.com/tun/m/assign?nbh=c800d8b3_364e_4276_a6b6_b7fde
bb7d839........&variant=GPU&accelerator=T4: Service Unavailable

2026-09-05 15:04:11 fm-socrates: assign T4 flaky — retry in 30s
2026-09-05 15:04:42 + colab --auth=adc new -s fm-socrates --gpu L4
2026-09-05 15:04:43 [colab] Creating session 'fm-socrates'...
[colab] Backend rejected accelerator 'L4'. You may not have quota or entitlement for this accelerator on your account. Try a different one (e.g. --gpu T4) or omit --gpu/--tpu for a CPU runtime.

2026-09-05 15:04:43 fm-socrates: L4 unavailable — trying next
2026-09-05 15:04:45 + colab --auth=adc new -s fm-socrates --gpu T4
2026-09-05 15:04:46 se Body: {response.text}")           │
│   195 │   │   if not response.ok:                                            │
│ ❱ 196 │   │   │   raise ColabRequestError(                                   │
│   197 │   │   │   │   f"Failed to issue request {method} {endpoint}:         │
│       {response.reason}",                                                    │
│   198 │   │   │   │   request=response.request,                              │
│   199 │   │   │   │   response=response,                                     │
╰──────────────────────────────────────────────────────────────────────────────╯
ColabRequestError: Failed to issue request POST 
https://colab.research.google.com/tun/m/assign?nbh=028c1a1c_9378_4cf6_9fa8_f2582
1943455........&variant=GPU&accelerator=T4: Service Unavailable

2026-09-05 15:04:46 fm-socrates: assign T4 flaky — retry in 30s
2026-09-05 15:05:16 + colab --auth=adc new -s fm-socrates --gpu L4
2026-09-05 15:05:18 [colab] Creating session 'fm-socrates'...
[colab] Backend rejected accelerator 'L4'. You may not have quota or entitlement for this accelerator on your account. Try a different one (e.g. --gpu T4) or omit --gpu/--tpu for a CPU runtime.

2026-09-05 15:05:18 fm-socrates: L4 unavailable — trying next
2026-09-05 15:05:20 + colab --auth=adc new -s fm-socrates --gpu T4
2026-09-05 15:05:22 se Body: {response.text}")           │
│   195 │   │   if not response.ok:                                            │
│ ❱ 196 │   │   │   raise ColabRequestError(                                   │
│   197 │   │   │   │   f"Failed to issue request {method} {endpoint}:         │
│       {response.reason}",                                                    │
│   198 │   │   │   │   request=response.request,                              │
│   199 │   │   │   │   response=response,                                     │
╰──────────────────────────────────────────────────────────────────────────────╯
ColabRequestError: Failed to issue request POST 
https://colab.research.google.com/tun/m/assign?nbh=eb98a2d9_b486_47a7_9893_3379d
068179a........&variant=GPU&accelerator=T4: Service Unavailable

2026-09-05 15:05:22 fm-socrates: assign T4 flaky — retry in 30s
2026-09-05 15:05:52 + colab --auth=adc new -s fm-socrates --gpu L4
2026-09-05 15:05:54 [colab] Creating session 'fm-socrates'...
[colab] Backend rejected accelerator 'L4'. You may not have quota or entitlement for this accelerator on your account. Try a different one (e.g. --gpu T4) or omit --gpu/--tpu for a CPU runtime.

2026-09-05 15:05:54 fm-socrates: L4 unavailable — trying next
2026-09-05 15:05:56 + colab --auth=adc new -s fm-socrates --gpu T4
2026-09-05 15:05:57 se Body: {response.text}")           │
│   195 │   │   if not response.ok:                                            │
│ ❱ 196 │   │   │   raise ColabRequestError(                                   │
│   197 │   │   │   │   f"Failed to issue request {method} {endpoint}:         │
│       {response.reason}",                                                    │
│   198 │   │   │   │   request=response.request,                              │
│   199 │   │   │   │   response=response,                                     │
╰──────────────────────────────────────────────────────────────────────────────╯
ColabRequestError: Failed to issue request POST 
https://colab.research.google.com/tun/m/assign?nbh=ce57a6d2_0244_4aad_8107_ac7e0
3e2432a........&variant=GPU&accelerator=T4: Service Unavailable

2026-09-05 15:05:57 fm-socrates: assign T4 flaky — retry in 30s
2026-09-05 15:06:27 + colab --auth=adc new -s fm-socrates --gpu L4
2026-09-05 15:06:29 [colab] Creating session 'fm-socrates'...
[colab] Backend rejected accelerator 'L4'. You may not have quota or entitlement for this accelerator on your account. Try a different one (e.g. --gpu T4) or omit --gpu/--tpu for a CPU runtime.

2026-09-05 15:06:29 fm-socrates: L4 unavailable — trying next
2026-09-05 15:06:31 + colab --auth=adc new -s fm-socrates --gpu T4
2026-09-05 15:06:32 se Body: {response.text}")           │
│   195 │   │   if not response.ok:                                            │
│ ❱ 196 │   │   │   raise ColabRequestError(                                   │
│   197 │   │   │   │   f"Failed to issue request {method} {endpoint}:         │
│       {response.reason}",                                                    │
│   198 │   │   │   │   request=response.request,                              │
│   199 │   │   │   │   response=response,                                     │
╰──────────────────────────────────────────────────────────────────────────────╯
ColabRequestError: Failed to issue request POST 
https://colab.research.google.com/tun/m/assign?nbh=b922a595_157a_4fca_9b05_9ed71
6e2302b........&variant=GPU&accelerator=T4: Service Unavailable

2026-09-05 15:06:32 fm-socrates: assign T4 flaky — retry in 30s
2026-09-05 15:07:02 + colab --auth=adc new -s fm-socrates --gpu L4
2026-09-05 15:07:04 [colab] Creating session 'fm-socrates'...
[colab] Backend rejected accelerator 'L4'. You may not have quota or entitlement for this accelerator on your account. Try a different one (e.g. --gpu T4) or omit --gpu/--tpu for a CPU runtime.

2026-09-05 15:07:04 fm-socrates: L4 unavailable — trying next
2026-09-05 15:07:06 + colab --auth=adc new -s fm-socrates --gpu T4
2026-09-05 15:07:09 se Body: {response.text}")           │
│   195 │   │   if not response.ok:                                            │
│ ❱ 196 │   │   │   raise ColabRequestError(                                   │
│   197 │   │   │   │   f"Failed to issue request {method} {endpoint}:         │
│       {response.reason}",                                                    │
│   198 │   │   │   │   request=response.request,                              │
│   199 │   │   │   │   response=response,                                     │
╰──────────────────────────────────────────────────────────────────────────────╯
ColabRequestError: Failed to issue request POST 
https://colab.research.google.com/tun/m/assign?nbh=866080ee_6217_4f8a_afc1_3eb0f
5ce4d0a........&variant=GPU&accelerator=T4: Service Unavailable

2026-09-05 15:07:09 fm-socrates: assign T4 flaky — retry in 30s
2026-09-05 15:07:40 + colab --auth=adc new -s fm-socrates --gpu L4
2026-09-05 15:07:41 [colab] Creating session 'fm-socrates'...
[colab] Backend rejected accelerator 'L4'. You may not have quota or entitlement for this accelerator on your account. Try a different one (e.g. --gpu T4) or omit --gpu/--tpu for a CPU runtime.

2026-09-05 15:07:41 fm-socrates: L4 unavailable — trying next
2026-09-05 15:07:43 + colab --auth=adc new -s fm-socrates --gpu T4
2026-09-05 15:07:44 se Body: {response.text}")           │
│   195 │   │   if not response.ok:                                            │
│ ❱ 196 │   │   │   raise ColabRequestError(                                   │
│   197 │   │   │   │   f"Failed to issue request {method} {endpoint}:         │
│       {response.reason}",                                                    │
│   198 │   │   │   │   request=response.request,                              │
│   199 │   │   │   │   response=response,                                     │
╰──────────────────────────────────────────────────────────────────────────────╯
ColabRequestError: Failed to issue request POST 
https://colab.research.google.com/tun/m/assign?nbh=7734e8ee_d132_47e7_bdee_71632
ce8cc54........&variant=GPU&accelerator=T4: Service Unavailable

2026-09-05 15:07:44 fm-socrates: assign T4 flaky — retry in 30s
2026-09-05 15:08:14 + colab --auth=adc new -s fm-socrates --gpu L4
2026-09-05 15:08:17 [colab] Creating session 'fm-socrates'...
[colab] Backend rejected accelerator 'L4'. You may not have quota or entitlement for this accelerator on your account. Try a different one (e.g. --gpu T4) or omit --gpu/--tpu for a CPU runtime.

2026-09-05 15:08:17 fm-socrates: L4 unavailable — trying next
2026-09-05 15:08:19 + colab --auth=adc new -s fm-socrates --gpu T4
2026-09-05 15:08:23 se Body: {response.text}")           │
│   195 │   │   if not response.ok:                                            │
│ ❱ 196 │   │   │   raise ColabRequestError(                                   │
│   197 │   │   │   │   f"Failed to issue request {method} {endpoint}:         │
│       {response.reason}",                                                    │
│   198 │   │   │   │   request=response.request,                              │
│   199 │   │   │   │   response=response,                                     │
╰──────────────────────────────────────────────────────────────────────────────╯
ColabRequestError: Failed to issue request POST 
https://colab.research.google.com/tun/m/assign?nbh=3e445c66_367a_42d1_9c83_7e4c3
109bd7f........&variant=GPU&accelerator=T4: Service Unavailable

2026-09-05 15:08:23 fm-socrates: assign T4 flaky — retry in 30s
2026-09-05 15:08:53 + colab --auth=adc new -s fm-socrates --gpu L4
2026-09-05 15:08:55 [colab] Creating session 'fm-socrates'...
[colab] Backend rejected accelerator 'L4'. You may not have quota or entitlement for this accelerator on your account. Try a different one (e.g. --gpu T4) or omit --gpu/--tpu for a CPU runtime.

2026-09-05 15:08:55 fm-socrates: L4 unavailable — trying next
2026-09-05 15:08:57 + colab --auth=adc new -s fm-socrates --gpu T4
2026-09-05 15:08:58 se Body: {response.text}")           │
│   195 │   │   if not response.ok:                                            │
│ ❱ 196 │   │   │   raise ColabRequestError(                                   │
│   197 │   │   │   │   f"Failed to issue request {method} {endpoint}:         │
│       {response.reason}",                                                    │
│   198 │   │   │   │   request=response.request,                              │
│   199 │   │   │   │   response=response,                                     │
╰──────────────────────────────────────────────────────────────────────────────╯
ColabRequestError: Failed to issue request POST 
https://colab.research.google.com/tun/m/assign?nbh=aa145f04_5c18_4949_ab2a_4ba59
caa7579........&variant=GPU&accelerator=T4: Service Unavailable

2026-09-05 15:08:58 fm-socrates: assign T4 flaky — retry in 30s
2026-09-05 15:09:28 + colab --auth=adc new -s fm-socrates --gpu L4
2026-09-05 15:09:29 [colab] Creating session 'fm-socrates'...
[colab] Backend rejected accelerator 'L4'. You may not have quota or entitlement for this accelerator on your account. Try a different one (e.g. --gpu T4) or omit --gpu/--tpu for a CPU runtime.

2026-09-05 15:09:29 fm-socrates: L4 unavailable — trying next
2026-09-05 15:09:31 + colab --auth=adc new -s fm-socrates --gpu T4
2026-09-05 15:09:32 se Body: {response.text}")           │
│   195 │   │   if not response.ok:                                            │
│ ❱ 196 │   │   │   raise ColabRequestError(                                   │
│   197 │   │   │   │   f"Failed to issue request {method} {endpoint}:         │
│       {response.reason}",                                                    │
│   198 │   │   │   │   request=response.request,                              │
│   199 │   │   │   │   response=response,                                     │
╰──────────────────────────────────────────────────────────────────────────────╯
ColabRequestError: Failed to issue request POST 
https://colab.research.google.com/tun/m/assign?nbh=5edaca74_1768_4843_a6ec_dc35c
f5acc63........&variant=GPU&accelerator=T4: Service Unavailable

2026-09-05 15:09:32 fm-socrates: assign T4 flaky — retry in 30s
2026-09-05 15:10:03 + colab --auth=adc new -s fm-socrates --gpu L4
2026-09-05 15:10:04 [colab] Creating session 'fm-socrates'...
[colab] Backend rejected accelerator 'L4'. You may not have quota or entitlement for this accelerator on your account. Try a different one (e.g. --gpu T4) or omit --gpu/--tpu for a CPU runtime.

2026-09-05 15:10:04 fm-socrates: L4 unavailable — trying next
2026-09-05 15:10:06 + colab --auth=adc new -s fm-socrates --gpu T4
2026-09-05 15:10:07 se Body: {response.text}")           │
│   195 │   │   if not response.ok:                                            │
│ ❱ 196 │   │   │   raise ColabRequestError(                                   │
│   197 │   │   │   │   f"Failed to issue request {method} {endpoint}:         │
│       {response.reason}",                                                    │
│   198 │   │   │   │   request=response.request,                              │
│   199 │   │   │   │   response=response,                                     │
╰──────────────────────────────────────────────────────────────────────────────╯
ColabRequestError: Failed to issue request POST 
https://colab.research.google.com/tun/m/assign?nbh=8b3de623_b85d_49f2_b6c4_7f340
ca1b199........&variant=GPU&accelerator=T4: Service Unavailable

2026-09-05 15:10:07 fm-socrates: assign T4 flaky — retry in 30s
2026-09-05 15:10:37 + colab --auth=adc new -s fm-socrates --gpu L4
2026-09-05 15:10:38 [colab] Creating session 'fm-socrates'...
[colab] Backend rejected accelerator 'L4'. You may not have quota or entitlement for this accelerator on your account. Try a different one (e.g. --gpu T4) or omit --gpu/--tpu for a CPU runtime.

2026-09-05 15:10:38 fm-socrates: L4 unavailable — trying next
2026-09-05 15:10:41 + colab --auth=adc new -s fm-socrates --gpu T4
2026-09-05 15:10:42 se Body: {response.text}")           │
│   195 │   │   if not response.ok:                                            │
│ ❱ 196 │   │   │   raise ColabRequestError(                                   │
│   197 │   │   │   │   f"Failed to issue request {method} {endpoint}:         │
│       {response.reason}",                                                    │
│   198 │   │   │   │   request=response.request,                              │
│   199 │   │   │   │   response=response,                                     │
╰──────────────────────────────────────────────────────────────────────────────╯
ColabRequestError: Failed to issue request POST 
https://colab.research.google.com/tun/m/assign?nbh=c9339a71_a0fd_4f22_8e7b_427f9
aa3e980........&variant=GPU&accelerator=T4: Service Unavailable

2026-09-05 15:10:42 fm-socrates: assign T4 flaky — retry in 30s
2026-09-05 15:11:12 + colab --auth=adc new -s fm-socrates --gpu L4
2026-09-05 15:11:13 [colab] Creating session 'fm-socrates'...
[colab] Backend rejected accelerator 'L4'. You may not have quota or entitlement for this accelerator on your account. Try a different one (e.g. --gpu T4) or omit --gpu/--tpu for a CPU runtime.

2026-09-05 15:11:13 fm-socrates: L4 unavailable — trying next
2026-09-05 15:11:15 + colab --auth=adc new -s fm-socrates --gpu T4
2026-09-05 15:11:16 se Body: {response.text}")           │
│   195 │   │   if not response.ok:                                            │
│ ❱ 196 │   │   │   raise ColabRequestError(                                   │
│   197 │   │   │   │   f"Failed to issue request {method} {endpoint}:         │
│       {response.reason}",                                                    │
│   198 │   │   │   │   request=response.request,                              │
│   199 │   │   │   │   response=response,                                     │
╰──────────────────────────────────────────────────────────────────────────────╯
ColabRequestError: Failed to issue request POST 
https://colab.research.google.com/tun/m/assign?nbh=554cddfc_f7dd_43a0_ba82_9f297
067b47a........&variant=GPU&accelerator=T4: Service Unavailable

2026-09-05 15:11:16 fm-socrates: assign T4 flaky — retry in 30s
2026-09-05 15:11:46 + colab --auth=adc new -s fm-socrates --gpu L4
2026-09-05 15:11:48 [colab] Creating session 'fm-socrates'...
[colab] Backend rejected accelerator 'L4'. You may not have quota or entitlement for this accelerator on your account. Try a different one (e.g. --gpu T4) or omit --gpu/--tpu for a CPU runtime.

2026-09-05 15:11:48 fm-socrates: L4 unavailable — trying next
2026-09-05 15:11:50 + colab --auth=adc new -s fm-socrates --gpu T4
2026-09-05 15:11:51 se Body: {response.text}")           │
│   195 │   │   if not response.ok:                                            │
│ ❱ 196 │   │   │   raise ColabRequestError(                                   │
│   197 │   │   │   │   f"Failed to issue request {method} {endpoint}:         │
│       {response.reason}",                                                    │
│   198 │   │   │   │   request=response.request,                              │
│   199 │   │   │   │   response=response,                                     │
╰──────────────────────────────────────────────────────────────────────────────╯
ColabRequestError: Failed to issue request POST 
https://colab.research.google.com/tun/m/assign?nbh=f59b20bc_68e2_4c04_a506_071ba
51120aa........&variant=GPU&accelerator=T4: Service Unavailable

2026-09-05 15:11:51 fm-socrates: assign T4 flaky — retry in 30s
2026-09-05 15:12:21 + colab --auth=adc new -s fm-socrates --gpu L4
2026-09-05 15:12:22 [colab] Creating session 'fm-socrates'...
[colab] Backend rejected accelerator 'L4'. You may not have quota or entitlement for this accelerator on your account. Try a different one (e.g. --gpu T4) or omit --gpu/--tpu for a CPU runtime.

2026-09-05 15:12:22 fm-socrates: L4 unavailable — trying next
2026-09-05 15:12:24 + colab --auth=adc new -s fm-socrates --gpu T4
2026-09-05 15:12:25 se Body: {response.text}")           │
│   195 │   │   if not response.ok:                                            │
│ ❱ 196 │   │   │   raise ColabRequestError(                                   │
│   197 │   │   │   │   f"Failed to issue request {method} {endpoint}:         │
│       {response.reason}",                                                    │
│   198 │   │   │   │   request=response.request,                              │
│   199 │   │   │   │   response=response,                                     │
╰──────────────────────────────────────────────────────────────────────────────╯
ColabRequestError: Failed to issue request POST 
https://colab.research.google.com/tun/m/assign?nbh=caa43bc9_a08e_48b2_9f30_94ce4
a09d7d0........&variant=GPU&accelerator=T4: Service Unavailable

2026-09-05 15:12:25 fm-socrates: assign T4 flaky — retry in 30s
2026-09-05 15:12:56 + colab --auth=adc new -s fm-socrates --gpu L4
2026-09-05 15:12:57 [colab] Creating session 'fm-socrates'...
[colab] Backend rejected accelerator 'L4'. You may not have quota or entitlement for this accelerator on your account. Try a different one (e.g. --gpu T4) or omit --gpu/--tpu for a CPU runtime.

2026-09-05 15:12:57 fm-socrates: L4 unavailable — trying next
2026-09-05 15:12:59 + colab --auth=adc new -s fm-socrates --gpu T4
2026-09-05 15:13:00 se Body: {response.text}")           │
│   195 │   │   if not response.ok:                                            │
│ ❱ 196 │   │   │   raise ColabRequestError(                                   │
│   197 │   │   │   │   f"Failed to issue request {method} {endpoint}:         │
│       {response.reason}",                                                    │
│   198 │   │   │   │   request=response.request,                              │
│   199 │   │   │   │   response=response,                                     │
╰──────────────────────────────────────────────────────────────────────────────╯
ColabRequestError: Failed to issue request POST 
https://colab.research.google.com/tun/m/assign?nbh=4d6e6d4c_b166_493d_a8a8_198aa
30c690b........&variant=GPU&accelerator=T4: Service Unavailable

2026-09-05 15:13:00 fm-socrates: assign T4 flaky — retry in 30s
2026-09-05 15:13:30 + colab --auth=adc new -s fm-socrates --gpu L4
2026-09-05 15:13:32 [colab] Creating session 'fm-socrates'...
[colab] Backend rejected accelerator 'L4'. You may not have quota or entitlement for this accelerator on your account. Try a different one (e.g. --gpu T4) or omit --gpu/--tpu for a CPU runtime.

2026-09-05 15:13:32 fm-socrates: L4 unavailable — trying next
2026-09-05 15:13:34 + colab --auth=adc new -s fm-socrates --gpu T4
2026-09-05 15:13:35 se Body: {response.text}")           │
│   195 │   │   if not response.ok:                                            │
│ ❱ 196 │   │   │   raise ColabRequestError(                                   │
│   197 │   │   │   │   f"Failed to issue request {method} {endpoint}:         │
│       {response.reason}",                                                    │
│   198 │   │   │   │   request=response.request,                              │
│   199 │   │   │   │   response=response,                                     │
╰──────────────────────────────────────────────────────────────────────────────╯
ColabRequestError: Failed to issue request POST 
https://colab.research.google.com/tun/m/assign?nbh=fe2178ff_a8d4_4177_8350_c4d23
9506883........&variant=GPU&accelerator=T4: Service Unavailable

2026-09-05 15:13:35 fm-socrates: assign T4 flaky — retry in 30s
2026-09-05 15:14:05 + colab --auth=adc new -s fm-socrates --gpu L4
2026-09-05 15:14:07 [colab] Creating session 'fm-socrates'...
[colab] Backend rejected accelerator 'L4'. You may not have quota or entitlement for this accelerator on your account. Try a different one (e.g. --gpu T4) or omit --gpu/--tpu for a CPU runtime.

2026-09-05 15:14:07 fm-socrates: L4 unavailable — trying next
2026-09-05 15:14:09 + colab --auth=adc new -s fm-socrates --gpu T4
2026-09-05 15:14:12 se Body: {response.text}")           │
│   195 │   │   if not response.ok:                                            │
│ ❱ 196 │   │   │   raise ColabRequestError(                                   │
│   197 │   │   │   │   f"Failed to issue request {method} {endpoint}:         │
│       {response.reason}",                                                    │
│   198 │   │   │   │   request=response.request,                              │
│   199 │   │   │   │   response=response,                                     │
╰──────────────────────────────────────────────────────────────────────────────╯
ColabRequestError: Failed to issue request POST 
https://colab.research.google.com/tun/m/assign?nbh=eddcdee3_a822_4d0f_8e6e_9867a
082e620........&variant=GPU&accelerator=T4: Service Unavailable

2026-09-05 15:14:12 fm-socrates: assign T4 flaky — retry in 30s
2026-09-05 15:14:42 + colab --auth=adc new -s fm-socrates --gpu L4
2026-09-05 15:14:44 [colab] Creating session 'fm-socrates'...
[colab] Backend rejected accelerator 'L4'. You may not have quota or entitlement for this accelerator on your account. Try a different one (e.g. --gpu T4) or omit --gpu/--tpu for a CPU runtime.

2026-09-05 15:14:44 fm-socrates: L4 unavailable — trying next
2026-09-05 15:14:46 + colab --auth=adc new -s fm-socrates --gpu T4
2026-09-05 15:14:47 se Body: {response.text}")           │
│   195 │   │   if not response.ok:                                            │
│ ❱ 196 │   │   │   raise ColabRequestError(                                   │
│   197 │   │   │   │   f"Failed to issue request {method} {endpoint}:         │
│       {response.reason}",                                                    │
│   198 │   │   │   │   request=response.request,                              │
│   199 │   │   │   │   response=response,                                     │
╰──────────────────────────────────────────────────────────────────────────────╯
ColabRequestError: Failed to issue request POST 
https://colab.research.google.com/tun/m/assign?nbh=8010ec6a_f36f_477b_9e68_6d264
5c8cae0........&variant=GPU&accelerator=T4: Service Unavailable

2026-09-05 15:14:47 fm-socrates: assign T4 flaky — retry in 30s
2026-09-05 15:15:17 + colab --auth=adc new -s fm-socrates --gpu L4
2026-09-05 15:15:20 [colab] Creating session 'fm-socrates'...
[colab] Backend rejected accelerator 'L4'. You may not have quota or entitlement for this accelerator on your account. Try a different one (e.g. --gpu T4) or omit --gpu/--tpu for a CPU runtime.

2026-09-05 15:15:20 fm-socrates: L4 unavailable — trying next
2026-09-05 15:15:22 + colab --auth=adc new -s fm-socrates --gpu T4
2026-09-05 15:15:23 se Body: {response.text}")           │
│   195 │   │   if not response.ok:                                            │
│ ❱ 196 │   │   │   raise ColabRequestError(                                   │
│   197 │   │   │   │   f"Failed to issue request {method} {endpoint}:         │
│       {response.reason}",                                                    │
│   198 │   │   │   │   request=response.request,                              │
│   199 │   │   │   │   response=response,                                     │
╰──────────────────────────────────────────────────────────────────────────────╯
ColabRequestError: Failed to issue request POST 
https://colab.research.google.com/tun/m/assign?nbh=c6511d2e_61e8_441e_8fe6_95a82
94ab0eb........&variant=GPU&accelerator=T4: Service Unavailable

2026-09-05 15:15:23 fm-socrates: assign T4 flaky — retry in 30s
2026-09-05 15:15:53 + colab --auth=adc new -s fm-socrates --gpu L4
2026-09-05 15:15:55 [colab] Creating session 'fm-socrates'...
[colab] Backend rejected accelerator 'L4'. You may not have quota or entitlement for this accelerator on your account. Try a different one (e.g. --gpu T4) or omit --gpu/--tpu for a CPU runtime.

2026-09-05 15:15:55 fm-socrates: L4 unavailable — trying next
2026-09-05 15:15:57 + colab --auth=adc new -s fm-socrates --gpu T4
2026-09-05 15:15:58 se Body: {response.text}")           │
│   195 │   │   if not response.ok:                                            │
│ ❱ 196 │   │   │   raise ColabRequestError(                                   │
│   197 │   │   │   │   f"Failed to issue request {method} {endpoint}:         │
│       {response.reason}",                                                    │
│   198 │   │   │   │   request=response.request,                              │
│   199 │   │   │   │   response=response,                                     │
╰──────────────────────────────────────────────────────────────────────────────╯
ColabRequestError: Failed to issue request POST 
https://colab.research.google.com/tun/m/assign?nbh=6e88193a_a252_450c_b27c_ec9c2
6b81f1a........&variant=GPU&accelerator=T4: Service Unavailable

2026-09-05 15:15:58 fm-socrates: assign T4 flaky — retry in 30s
2026-09-05 15:16:28 + colab --auth=adc new -s fm-socrates --gpu L4
2026-09-05 15:16:31 [colab] Creating session 'fm-socrates'...
[colab] Backend rejected accelerator 'L4'. You may not have quota or entitlement for this accelerator on your account. Try a different one (e.g. --gpu T4) or omit --gpu/--tpu for a CPU runtime.

2026-09-05 15:16:31 fm-socrates: L4 unavailable — trying next
2026-09-05 15:16:33 + colab --auth=adc new -s fm-socrates --gpu T4
2026-09-05 15:16:34 se Body: {response.text}")           │
│   195 │   │   if not response.ok:                                            │
│ ❱ 196 │   │   │   raise ColabRequestError(                                   │
│   197 │   │   │   │   f"Failed to issue request {method} {endpoint}:         │
│       {response.reason}",                                                    │
│   198 │   │   │   │   request=response.request,                              │
│   199 │   │   │   │   response=response,                                     │
╰──────────────────────────────────────────────────────────────────────────────╯
ColabRequestError: Failed to issue request POST 
https://colab.research.google.com/tun/m/assign?nbh=d89957b3_eca0_4e47_8957_4a26c
39a8064........&variant=GPU&accelerator=T4: Service Unavailable

2026-09-05 15:16:34 fm-socrates: assign T4 flaky — retry in 30s
2026-09-05 15:17:05 + colab --auth=adc new -s fm-socrates --gpu L4
2026-09-05 15:17:06 [colab] Creating session 'fm-socrates'...
[colab] Backend rejected accelerator 'L4'. You may not have quota or entitlement for this accelerator on your account. Try a different one (e.g. --gpu T4) or omit --gpu/--tpu for a CPU runtime.

2026-09-05 15:17:06 fm-socrates: L4 unavailable — trying next
2026-09-05 15:17:08 + colab --auth=adc new -s fm-socrates --gpu T4
2026-09-05 15:17:12 se Body: {response.text}")           │
│   195 │   │   if not response.ok:                                            │
│ ❱ 196 │   │   │   raise ColabRequestError(                                   │
│   197 │   │   │   │   f"Failed to issue request {method} {endpoint}:         │
│       {response.reason}",                                                    │
│   198 │   │   │   │   request=response.request,                              │
│   199 │   │   │   │   response=response,                                     │
╰──────────────────────────────────────────────────────────────────────────────╯
ColabRequestError: Failed to issue request POST 
https://colab.research.google.com/tun/m/assign?nbh=9d2882d6_72e9_40d2_8551_db14b
2b585c2........&variant=GPU&accelerator=T4: Service Unavailable

2026-09-05 15:17:12 fm-socrates: assign T4 flaky — retry in 30s
2026-09-05 15:17:42 + colab --auth=adc new -s fm-socrates --gpu L4
2026-09-05 15:17:52 [colab] Creating session 'fm-socrates'...
[colab] Backend rejected accelerator 'L4'. You may not have quota or entitlement for this accelerator on your account. Try a different one (e.g. --gpu T4) or omit --gpu/--tpu for a CPU runtime.

2026-09-05 15:17:52 fm-socrates: L4 unavailable — trying next
2026-09-05 15:17:54 + colab --auth=adc new -s fm-socrates --gpu T4
2026-09-05 15:18:04 se Body: {response.text}")           │
│   195 │   │   if not response.ok:                                            │
│ ❱ 196 │   │   │   raise ColabRequestError(                                   │
│   197 │   │   │   │   f"Failed to issue request {method} {endpoint}:         │
│       {response.reason}",                                                    │
│   198 │   │   │   │   request=response.request,                              │
│   199 │   │   │   │   response=response,                                     │
╰──────────────────────────────────────────────────────────────────────────────╯
ColabRequestError: Failed to issue request POST 
https://colab.research.google.com/tun/m/assign?nbh=7a3a672f_4df5_4af4_b48e_17daa
dd582cf........&variant=GPU&accelerator=T4: Service Unavailable

2026-09-05 15:18:04 fm-socrates: assign T4 flaky — retry in 30s
2026-09-05 15:18:34 + colab --auth=adc new -s fm-socrates --gpu L4
2026-09-05 15:18:40 [colab] Creating session 'fm-socrates'...
[colab] Backend rejected accelerator 'L4'. You may not have quota or entitlement for this accelerator on your account. Try a different one (e.g. --gpu T4) or omit --gpu/--tpu for a CPU runtime.

2026-09-05 15:18:40 fm-socrates: L4 unavailable — trying next
2026-09-05 15:18:42 + colab --auth=adc new -s fm-socrates --gpu T4
2026-09-05 15:18:44 se Body: {response.text}")           │
│   195 │   │   if not response.ok:                                            │
│ ❱ 196 │   │   │   raise ColabRequestError(                                   │
│   197 │   │   │   │   f"Failed to issue request {method} {endpoint}:         │
│       {response.reason}",                                                    │
│   198 │   │   │   │   request=response.request,                              │
│   199 │   │   │   │   response=response,                                     │
╰──────────────────────────────────────────────────────────────────────────────╯
ColabRequestError: Failed to issue request POST 
https://colab.research.google.com/tun/m/assign?nbh=d988aae9_3c72_4e12_bc49_99b23
18dbb2a........&variant=GPU&accelerator=T4: Service Unavailable

2026-09-05 15:18:44 fm-socrates: assign T4 flaky — retry in 30s
2026-09-05 15:19:14 + colab --auth=adc new -s fm-socrates --gpu L4
2026-09-05 15:19:22 [colab] Creating session 'fm-socrates'...
[colab] Backend rejected accelerator 'L4'. You may not have quota or entitlement for this accelerator on your account. Try a different one (e.g. --gpu T4) or omit --gpu/--tpu for a CPU runtime.

2026-09-05 15:19:22 fm-socrates: L4 unavailable — trying next
2026-09-05 15:19:24 + colab --auth=adc new -s fm-socrates --gpu T4
2026-09-05 15:19:26 se Body: {response.text}")           │
│   195 │   │   if not response.ok:                                            │
│ ❱ 196 │   │   │   raise ColabRequestError(                                   │
│   197 │   │   │   │   f"Failed to issue request {method} {endpoint}:         │
│       {response.reason}",                                                    │
│   198 │   │   │   │   request=response.request,                              │
│   199 │   │   │   │   response=response,                                     │
╰──────────────────────────────────────────────────────────────────────────────╯
ColabRequestError: Failed to issue request POST 
https://colab.research.google.com/tun/m/assign?nbh=496c76e5_5ccb_4529_b9d7_aab6f
b010090........&variant=GPU&accelerator=T4: Service Unavailable

2026-09-05 15:19:26 fm-socrates: assign T4 flaky — retry in 30s
2026-09-05 15:19:56 + colab --auth=adc new -s fm-socrates --gpu L4
2026-09-05 15:19:59 [colab] Creating session 'fm-socrates'...
[colab] Backend rejected accelerator 'L4'. You may not have quota or entitlement for this accelerator on your account. Try a different one (e.g. --gpu T4) or omit --gpu/--tpu for a CPU runtime.

2026-09-05 15:19:59 fm-socrates: L4 unavailable — trying next
2026-09-05 15:20:01 + colab --auth=adc new -s fm-socrates --gpu T4
2026-09-05 15:20:03 se Body: {response.text}")           │
│   195 │   │   if not response.ok:                                            │
│ ❱ 196 │   │   │   raise ColabRequestError(                                   │
│   197 │   │   │   │   f"Failed to issue request {method} {endpoint}:         │
│       {response.reason}",                                                    │
│   198 │   │   │   │   request=response.request,                              │
│   199 │   │   │   │   response=response,                                     │
╰──────────────────────────────────────────────────────────────────────────────╯
ColabRequestError: Failed to issue request POST 
https://colab.research.google.com/tun/m/assign?nbh=3b71469a_4112_4a45_b949_238f3
814a4a3........&variant=GPU&accelerator=T4: Service Unavailable

2026-09-05 15:20:03 fm-socrates: assign T4 flaky — retry in 30s
2026-09-05 15:20:33 + colab --auth=adc new -s fm-socrates --gpu L4
2026-09-05 15:20:36 [colab] Creating session 'fm-socrates'...
[colab] Backend rejected accelerator 'L4'. You may not have quota or entitlement for this accelerator on your account. Try a different one (e.g. --gpu T4) or omit --gpu/--tpu for a CPU runtime.

2026-09-05 15:20:36 fm-socrates: L4 unavailable — trying next
2026-09-05 15:20:38 + colab --auth=adc new -s fm-socrates --gpu T4
2026-09-05 15:20:39 se Body: {response.text}")           │
│   195 │   │   if not response.ok:                                            │
│ ❱ 196 │   │   │   raise ColabRequestError(                                   │
│   197 │   │   │   │   f"Failed to issue request {method} {endpoint}:         │
│       {response.reason}",                                                    │
│   198 │   │   │   │   request=response.request,                              │
│   199 │   │   │   │   response=response,                                     │
╰──────────────────────────────────────────────────────────────────────────────╯
ColabRequestError: Failed to issue request POST 
https://colab.research.google.com/tun/m/assign?nbh=33b4dfc1_c947_4cbb_a4a3_8b7d1
db5bf13........&variant=GPU&accelerator=T4: Service Unavailable

2026-09-05 15:20:39 fm-socrates: assign T4 flaky — retry in 30s
2026-09-05 15:21:09 + colab --auth=adc new -s fm-socrates --gpu L4
2026-09-05 15:21:39 [colab] Creating session 'fm-socrates'...
[colab] Backend rejected accelerator 'L4'. You may not have quota or entitlement for this accelerator on your account. Try a different one (e.g. --gpu T4) or omit --gpu/--tpu for a CPU runtime.

2026-09-05 15:21:39 fm-socrates: L4 unavailable — trying next
2026-09-05 15:21:41 + colab --auth=adc new -s fm-socrates --gpu T4
2026-09-05 15:21:56 se Body: {response.text}")           │
│   195 │   │   if not response.ok:                                            │
│ ❱ 196 │   │   │   raise ColabRequestError(                                   │
│   197 │   │   │   │   f"Failed to issue request {method} {endpoint}:         │
│       {response.reason}",                                                    │
│   198 │   │   │   │   request=response.request,                              │
│   199 │   │   │   │   response=response,                                     │
╰──────────────────────────────────────────────────────────────────────────────╯
ColabRequestError: Failed to issue request POST 
https://colab.research.google.com/tun/m/assign?nbh=eff1a2f8_b98a_4534_8f29_93303
2deddac........&variant=GPU&accelerator=T4: Service Unavailable

2026-09-05 15:21:56 fm-socrates: assign T4 flaky — retry in 30s
2026-09-05 15:22:26 + colab --auth=adc new -s fm-socrates --gpu L4
2026-09-05 15:22:28 [colab] Creating session 'fm-socrates'...
[colab] Backend rejected accelerator 'L4'. You may not have quota or entitlement for this accelerator on your account. Try a different one (e.g. --gpu T4) or omit --gpu/--tpu for a CPU runtime.

2026-09-05 15:22:28 fm-socrates: L4 unavailable — trying next
2026-09-05 15:22:30 + colab --auth=adc new -s fm-socrates --gpu T4
2026-09-05 15:22:33 se Body: {response.text}")           │
│   195 │   │   if not response.ok:                                            │
│ ❱ 196 │   │   │   raise ColabRequestError(                                   │
│   197 │   │   │   │   f"Failed to issue request {method} {endpoint}:         │
│       {response.reason}",                                                    │
│   198 │   │   │   │   request=response.request,                              │
│   199 │   │   │   │   response=response,                                     │
╰──────────────────────────────────────────────────────────────────────────────╯
ColabRequestError: Failed to issue request POST 
https://colab.research.google.com/tun/m/assign?nbh=ffb14075_a303_4ba4_90c1_17347
79c6086........&variant=GPU&accelerator=T4: Service Unavailable

2026-09-05 15:22:33 fm-socrates: assign T4 flaky — retry in 30s
2026-09-05 15:23:03 + colab --auth=adc new -s fm-socrates --gpu L4
2026-09-05 15:23:20 [colab] Creating session 'fm-socrates'...
[colab] Backend rejected accelerator 'L4'. You may not have quota or entitlement for this accelerator on your account. Try a different one (e.g. --gpu T4) or omit --gpu/--tpu for a CPU runtime.

2026-09-05 15:23:21 fm-socrates: L4 unavailable — trying next
2026-09-05 15:23:23 + colab --auth=adc new -s fm-socrates --gpu T4
2026-09-05 15:23:29 se Body: {response.text}")           │
│   195 │   │   if not response.ok:                                            │
│ ❱ 196 │   │   │   raise ColabRequestError(                                   │
│   197 │   │   │   │   f"Failed to issue request {method} {endpoint}:         │
│       {response.reason}",                                                    │
│   198 │   │   │   │   request=response.request,                              │
│   199 │   │   │   │   response=response,                                     │
╰──────────────────────────────────────────────────────────────────────────────╯
ColabRequestError: Failed to issue request POST 
https://colab.research.google.com/tun/m/assign?nbh=c46b0676_b092_487a_8339_0484b
d8e9f5c........&variant=GPU&accelerator=T4: Service Unavailable

2026-09-05 15:23:29 fm-socrates: assign T4 flaky — retry in 30s
2026-09-05 15:23:59 + colab --auth=adc new -s fm-socrates --gpu L4
2026-09-05 15:24:04 [colab] Creating session 'fm-socrates'...
[colab] Backend rejected accelerator 'L4'. You may not have quota or entitlement for this accelerator on your account. Try a different one (e.g. --gpu T4) or omit --gpu/--tpu for a CPU runtime.

2026-09-05 15:24:04 fm-socrates: L4 unavailable — trying next
2026-09-05 15:24:06 + colab --auth=adc new -s fm-socrates --gpu T4
2026-09-05 15:24:08 se Body: {response.text}")           │
│   195 │   │   if not response.ok:                                            │
│ ❱ 196 │   │   │   raise ColabRequestError(                                   │
│   197 │   │   │   │   f"Failed to issue request {method} {endpoint}:         │
│       {response.reason}",                                                    │
│   198 │   │   │   │   request=response.request,                              │
│   199 │   │   │   │   response=response,                                     │
╰──────────────────────────────────────────────────────────────────────────────╯
ColabRequestError: Failed to issue request POST 
https://colab.research.google.com/tun/m/assign?nbh=aba1a5b5_fff1_4bf6_bfe6_02364
bf75e55........&variant=GPU&accelerator=T4: Service Unavailable

2026-09-05 15:24:08 fm-socrates: assign T4 flaky — retry in 30s
2026-09-05 15:24:38 + colab --auth=adc new -s fm-socrates --gpu L4
2026-09-05 15:24:39 [colab] Creating session 'fm-socrates'...
[colab] Backend rejected accelerator 'L4'. You may not have quota or entitlement for this accelerator on your account. Try a different one (e.g. --gpu T4) or omit --gpu/--tpu for a CPU runtime.

2026-09-05 15:24:39 fm-socrates: L4 unavailable — trying next
2026-09-05 15:24:41 + colab --auth=adc new -s fm-socrates --gpu T4
2026-09-05 15:24:43 se Body: {response.text}")           │
│   195 │   │   if not response.ok:                                            │
│ ❱ 196 │   │   │   raise ColabRequestError(                                   │
│   197 │   │   │   │   f"Failed to issue request {method} {endpoint}:         │
│       {response.reason}",                                                    │
│   198 │   │   │   │   request=response.request,                              │
│   199 │   │   │   │   response=response,                                     │
╰──────────────────────────────────────────────────────────────────────────────╯
ColabRequestError: Failed to issue request POST 
https://colab.research.google.com/tun/m/assign?nbh=7d49942c_fd2d_4a53_b4bd_c7190
df20eff........&variant=GPU&accelerator=T4: Service Unavailable

2026-09-05 15:24:43 fm-socrates: assign T4 flaky — retry in 30s
2026-09-05 15:25:13 + colab --auth=adc new -s fm-socrates --gpu L4
2026-09-05 15:25:14 [colab] Creating session 'fm-socrates'...
[colab] Backend rejected accelerator 'L4'. You may not have quota or entitlement for this accelerator on your account. Try a different one (e.g. --gpu T4) or omit --gpu/--tpu for a CPU runtime.

2026-09-05 15:25:14 fm-socrates: L4 unavailable — trying next
2026-09-05 15:25:16 + colab --auth=adc new -s fm-socrates --gpu T4
2026-09-05 15:25:18 se Body: {response.text}")           │
│   195 │   │   if not response.ok:                                            │
│ ❱ 196 │   │   │   raise ColabRequestError(                                   │
│   197 │   │   │   │   f"Failed to issue request {method} {endpoint}:         │
│       {response.reason}",                                                    │
│   198 │   │   │   │   request=response.request,                              │
│   199 │   │   │   │   response=response,                                     │
╰──────────────────────────────────────────────────────────────────────────────╯
ColabRequestError: Failed to issue request POST 
https://colab.research.google.com/tun/m/assign?nbh=008269bf_6ab3_4a4d_bb22_1b7d2
fe4c463........&variant=GPU&accelerator=T4: Service Unavailable

2026-09-05 15:25:18 fm-socrates: assign T4 flaky — retry in 30s
2026-09-05 15:25:48 + colab --auth=adc new -s fm-socrates --gpu L4
2026-09-05 15:25:50 [colab] Creating session 'fm-socrates'...
[colab] Backend rejected accelerator 'L4'. You may not have quota or entitlement for this accelerator on your account. Try a different one (e.g. --gpu T4) or omit --gpu/--tpu for a CPU runtime.

2026-09-05 15:25:50 fm-socrates: L4 unavailable — trying next
2026-09-05 15:25:52 + colab --auth=adc new -s fm-socrates --gpu T4
2026-09-05 15:25:57 se Body: {response.text}")           │
│   195 │   │   if not response.ok:                                            │
│ ❱ 196 │   │   │   raise ColabRequestError(                                   │
│   197 │   │   │   │   f"Failed to issue request {method} {endpoint}:         │
│       {response.reason}",                                                    │
│   198 │   │   │   │   request=response.request,                              │
│   199 │   │   │   │   response=response,                                     │
╰──────────────────────────────────────────────────────────────────────────────╯
ColabRequestError: Failed to issue request POST 
https://colab.research.google.com/tun/m/assign?nbh=afb6e842_6c77_4ea6_8a05_4c793
f4efa4a........&variant=GPU&accelerator=T4: Service Unavailable

2026-09-05 15:25:57 fm-socrates: assign T4 flaky — retry in 30s
2026-09-05 15:26:27 + colab --auth=adc new -s fm-socrates --gpu L4
2026-09-05 15:26:30 [colab] Creating session 'fm-socrates'...
[colab] Backend rejected accelerator 'L4'. You may not have quota or entitlement for this accelerator on your account. Try a different one (e.g. --gpu T4) or omit --gpu/--tpu for a CPU runtime.

2026-09-05 15:26:30 fm-socrates: L4 unavailable — trying next
2026-09-05 15:26:32 + colab --auth=adc new -s fm-socrates --gpu T4
2026-09-05 15:26:33 se Body: {response.text}")           │
│   195 │   │   if not response.ok:                                            │
│ ❱ 196 │   │   │   raise ColabRequestError(                                   │
│   197 │   │   │   │   f"Failed to issue request {method} {endpoint}:         │
│       {response.reason}",                                                    │
│   198 │   │   │   │   request=response.request,                              │
│   199 │   │   │   │   response=response,                                     │
╰──────────────────────────────────────────────────────────────────────────────╯
ColabRequestError: Failed to issue request POST 
https://colab.research.google.com/tun/m/assign?nbh=c4fb379e_ef8f_4001_91d9_b318a
6b72be1........&variant=GPU&accelerator=T4: Service Unavailable

2026-09-05 15:26:33 fm-socrates: assign T4 flaky — retry in 30s
2026-09-05 15:27:03 + colab --auth=adc new -s fm-socrates --gpu L4
2026-09-05 15:27:05 [colab] Creating session 'fm-socrates'...
[colab] Backend rejected accelerator 'L4'. You may not have quota or entitlement for this accelerator on your account. Try a different one (e.g. --gpu T4) or omit --gpu/--tpu for a CPU runtime.

2026-09-05 15:27:05 fm-socrates: L4 unavailable — trying next
2026-09-05 15:27:07 + colab --auth=adc new -s fm-socrates --gpu T4
2026-09-05 15:27:08 se Body: {response.text}")           │
│   195 │   │   if not response.ok:                                            │
│ ❱ 196 │   │   │   raise ColabRequestError(                                   │
│   197 │   │   │   │   f"Failed to issue request {method} {endpoint}:         │
│       {response.reason}",                                                    │
│   198 │   │   │   │   request=response.request,                              │
│   199 │   │   │   │   response=response,                                     │
╰──────────────────────────────────────────────────────────────────────────────╯
ColabRequestError: Failed to issue request POST 
https://colab.research.google.com/tun/m/assign?nbh=e581fd69_bdda_4ffc_99ad_5e2aa
be4d0dc........&variant=GPU&accelerator=T4: Service Unavailable

2026-09-05 15:27:08 fm-socrates: assign T4 flaky — retry in 30s
2026-09-05 15:27:38 + colab --auth=adc new -s fm-socrates --gpu L4
2026-09-05 15:27:42 [colab] Creating session 'fm-socrates'...
[colab] Backend rejected accelerator 'L4'. You may not have quota or entitlement for this accelerator on your account. Try a different one (e.g. --gpu T4) or omit --gpu/--tpu for a CPU runtime.

2026-09-05 15:27:42 fm-socrates: L4 unavailable — trying next
2026-09-05 15:27:44 + colab --auth=adc new -s fm-socrates --gpu T4
2026-09-05 15:27:46 se Body: {response.text}")           │
│   195 │   │   if not response.ok:                                            │
│ ❱ 196 │   │   │   raise ColabRequestError(                                   │
│   197 │   │   │   │   f"Failed to issue request {method} {endpoint}:         │
│       {response.reason}",                                                    │
│   198 │   │   │   │   request=response.request,                              │
│   199 │   │   │   │   response=response,                                     │
╰──────────────────────────────────────────────────────────────────────────────╯
ColabRequestError: Failed to issue request POST 
https://colab.research.google.com/tun/m/assign?nbh=73fe3ef3_e171_4137_8f2f_1f080
968dbd1........&variant=GPU&accelerator=T4: Service Unavailable

2026-09-05 15:27:46 fm-socrates: assign T4 flaky — retry in 30s
2026-09-05 15:28:16 + colab --auth=adc new -s fm-socrates --gpu L4
2026-09-05 15:28:21 [colab] Creating session 'fm-socrates'...
[colab] Backend rejected accelerator 'L4'. You may not have quota or entitlement for this accelerator on your account. Try a different one (e.g. --gpu T4) or omit --gpu/--tpu for a CPU runtime.

2026-09-05 15:28:21 fm-socrates: L4 unavailable — trying next
2026-09-05 15:28:23 + colab --auth=adc new -s fm-socrates --gpu T4
2026-09-05 15:28:25 se Body: {response.text}")           │
│   195 │   │   if not response.ok:                                            │
│ ❱ 196 │   │   │   raise ColabRequestError(                                   │
│   197 │   │   │   │   f"Failed to issue request {method} {endpoint}:         │
│       {response.reason}",                                                    │
│   198 │   │   │   │   request=response.request,                              │
│   199 │   │   │   │   response=response,                                     │
╰──────────────────────────────────────────────────────────────────────────────╯
ColabRequestError: Failed to issue request POST 
https://colab.research.google.com/tun/m/assign?nbh=107dfca8_163a_4c64_ba77_295cb
3000be3........&variant=GPU&accelerator=T4: Service Unavailable

2026-09-05 15:28:25 fm-socrates: assign T4 flaky — retry in 30s
2026-09-05 15:28:55 + colab --auth=adc new -s fm-socrates --gpu L4
2026-09-05 15:28:56 [colab] Creating session 'fm-socrates'...
[colab] Backend rejected accelerator 'L4'. You may not have quota or entitlement for this accelerator on your account. Try a different one (e.g. --gpu T4) or omit --gpu/--tpu for a CPU runtime.

2026-09-05 15:28:56 fm-socrates: L4 unavailable — trying next
2026-09-05 15:28:58 + colab --auth=adc new -s fm-socrates --gpu T4
2026-09-05 15:28:59 se Body: {response.text}")           │
│   195 │   │   if not response.ok:                                            │
│ ❱ 196 │   │   │   raise ColabRequestError(                                   │
│   197 │   │   │   │   f"Failed to issue request {method} {endpoint}:         │
│       {response.reason}",                                                    │
│   198 │   │   │   │   request=response.request,                              │
│   199 │   │   │   │   response=response,                                     │
╰──────────────────────────────────────────────────────────────────────────────╯
ColabRequestError: Failed to issue request POST 
https://colab.research.google.com/tun/m/assign?nbh=ec0cd872_8747_43fe_bcdc_261c1
afebe6e........&variant=GPU&accelerator=T4: Service Unavailable

2026-09-05 15:28:59 fm-socrates: assign T4 flaky — retry in 30s
2026-09-05 15:29:29 + colab --auth=adc new -s fm-socrates --gpu L4
2026-09-05 15:29:34 [colab] Creating session 'fm-socrates'...
[colab] Backend rejected accelerator 'L4'. You may not have quota or entitlement for this accelerator on your account. Try a different one (e.g. --gpu T4) or omit --gpu/--tpu for a CPU runtime.

2026-09-05 15:29:34 fm-socrates: L4 unavailable — trying next
2026-09-05 15:29:36 + colab --auth=adc new -s fm-socrates --gpu T4
2026-09-05 15:29:37 se Body: {response.text}")           │
│   195 │   │   if not response.ok:                                            │
│ ❱ 196 │   │   │   raise ColabRequestError(                                   │
│   197 │   │   │   │   f"Failed to issue request {method} {endpoint}:         │
│       {response.reason}",                                                    │
│   198 │   │   │   │   request=response.request,                              │
│   199 │   │   │   │   response=response,                                     │
╰──────────────────────────────────────────────────────────────────────────────╯
ColabRequestError: Failed to issue request POST 
https://colab.research.google.com/tun/m/assign?nbh=fc398256_eca4_417d_b841_63d0e
6b6e983........&variant=GPU&accelerator=T4: Service Unavailable

2026-09-05 15:29:37 fm-socrates: assign T4 flaky — retry in 30s
2026-09-05 15:30:07 + colab --auth=adc new -s fm-socrates --gpu L4
2026-09-05 15:30:08 [colab] Creating session 'fm-socrates'...
[colab] Backend rejected accelerator 'L4'. You may not have quota or entitlement for this accelerator on your account. Try a different one (e.g. --gpu T4) or omit --gpu/--tpu for a CPU runtime.

2026-09-05 15:30:08 fm-socrates: L4 unavailable — trying next
2026-09-05 15:30:10 + colab --auth=adc new -s fm-socrates --gpu T4
2026-09-05 15:30:12 se Body: {response.text}")           │
│   195 │   │   if not response.ok:                                            │
│ ❱ 196 │   │   │   raise ColabRequestError(                                   │
│   197 │   │   │   │   f"Failed to issue request {method} {endpoint}:         │
│       {response.reason}",                                                    │
│   198 │   │   │   │   request=response.request,                              │
│   199 │   │   │   │   response=response,                                     │
╰──────────────────────────────────────────────────────────────────────────────╯
ColabRequestError: Failed to issue request POST 
https://colab.research.google.com/tun/m/assign?nbh=19949795_fd3c_4e05_bb85_db972
59efaa1........&variant=GPU&accelerator=T4: Service Unavailable

2026-09-05 15:30:12 fm-socrates: assign T4 flaky — retry in 30s
2026-09-05 15:30:42 + colab --auth=adc new -s fm-socrates --gpu L4
2026-09-05 15:30:43 [colab] Creating session 'fm-socrates'...
[colab] Backend rejected accelerator 'L4'. You may not have quota or entitlement for this accelerator on your account. Try a different one (e.g. --gpu T4) or omit --gpu/--tpu for a CPU runtime.

2026-09-05 15:30:43 fm-socrates: L4 unavailable — trying next
2026-09-05 15:30:45 + colab --auth=adc new -s fm-socrates --gpu T4
2026-09-05 15:30:46 se Body: {response.text}")           │
│   195 │   │   if not response.ok:                                            │
│ ❱ 196 │   │   │   raise ColabRequestError(                                   │
│   197 │   │   │   │   f"Failed to issue request {method} {endpoint}:         │
│       {response.reason}",                                                    │
│   198 │   │   │   │   request=response.request,                              │
│   199 │   │   │   │   response=response,                                     │
╰──────────────────────────────────────────────────────────────────────────────╯
ColabRequestError: Failed to issue request POST 
https://colab.research.google.com/tun/m/assign?nbh=41a5ad02_4cef_46a4_aa1d_4968a
cdb2f9e........&variant=GPU&accelerator=T4: Service Unavailable

2026-09-05 15:30:46 fm-socrates: assign T4 flaky — retry in 30s
2026-09-05 15:31:16 + colab --auth=adc new -s fm-socrates --gpu L4
2026-09-05 15:31:21 [colab] Creating session 'fm-socrates'...
[colab] Backend rejected accelerator 'L4'. You may not have quota or entitlement for this accelerator on your account. Try a different one (e.g. --gpu T4) or omit --gpu/--tpu for a CPU runtime.

2026-09-05 15:31:21 fm-socrates: L4 unavailable — trying next
2026-09-05 15:31:23 + colab --auth=adc new -s fm-socrates --gpu T4
2026-09-05 15:31:27 se Body: {response.text}")           │
│   195 │   │   if not response.ok:                                            │
│ ❱ 196 │   │   │   raise ColabRequestError(                                   │
│   197 │   │   │   │   f"Failed to issue request {method} {endpoint}:         │
│       {response.reason}",                                                    │
│   198 │   │   │   │   request=response.request,                              │
│   199 │   │   │   │   response=response,                                     │
╰──────────────────────────────────────────────────────────────────────────────╯
ColabRequestError: Failed to issue request POST 
https://colab.research.google.com/tun/m/assign?nbh=00371496_135d_49df_8dbf_0553a
548014c........&variant=GPU&accelerator=T4: Service Unavailable

2026-09-05 15:31:27 fm-socrates: assign T4 flaky — retry in 30s
2026-09-05 15:31:57 + colab --auth=adc new -s fm-socrates --gpu L4
2026-09-05 15:32:03 [colab] Creating session 'fm-socrates'...
[colab] Backend rejected accelerator 'L4'. You may not have quota or entitlement for this accelerator on your account. Try a different one (e.g. --gpu T4) or omit --gpu/--tpu for a CPU runtime.

2026-09-05 15:32:03 fm-socrates: L4 unavailable — trying next
2026-09-05 15:32:06 + colab --auth=adc new -s fm-socrates --gpu T4
2026-09-05 15:32:10 se Body: {response.text}")           │
│   195 │   │   if not response.ok:                                            │
│ ❱ 196 │   │   │   raise ColabRequestError(                                   │
│   197 │   │   │   │   f"Failed to issue request {method} {endpoint}:         │
│       {response.reason}",                                                    │
│   198 │   │   │   │   request=response.request,                              │
│   199 │   │   │   │   response=response,                                     │
╰──────────────────────────────────────────────────────────────────────────────╯
ColabRequestError: Failed to issue request POST 
https://colab.research.google.com/tun/m/assign?nbh=32c34115_ccf0_4026_81a7_d9f8f
ff219e5........&variant=GPU&accelerator=T4: Service Unavailable

2026-09-05 15:32:10 fm-socrates: assign T4 flaky — retry in 30s
2026-09-05 15:32:40 + colab --auth=adc new -s fm-socrates --gpu L4
2026-09-05 15:32:44 [colab] Creating session 'fm-socrates'...
[colab] Backend rejected accelerator 'L4'. You may not have quota or entitlement for this accelerator on your account. Try a different one (e.g. --gpu T4) or omit --gpu/--tpu for a CPU runtime.

2026-09-05 15:32:44 fm-socrates: L4 unavailable — trying next
2026-09-05 15:32:46 + colab --auth=adc new -s fm-socrates --gpu T4
2026-09-05 15:32:49 se Body: {response.text}")           │
│   195 │   │   if not response.ok:                                            │
│ ❱ 196 │   │   │   raise ColabRequestError(                                   │
│   197 │   │   │   │   f"Failed to issue request {method} {endpoint}:         │
│       {response.reason}",                                                    │
│   198 │   │   │   │   request=response.request,                              │
│   199 │   │   │   │   response=response,                                     │
╰──────────────────────────────────────────────────────────────────────────────╯
ColabRequestError: Failed to issue request POST 
https://colab.research.google.com/tun/m/assign?nbh=fc5f5974_bf45_4361_9a6c_00d56
bcbed50........&variant=GPU&accelerator=T4: Service Unavailable

2026-09-05 15:32:49 fm-socrates: assign T4 flaky — retry in 30s
2026-09-05 15:33:19 + colab --auth=adc new -s fm-socrates --gpu L4
2026-09-05 15:33:25 [colab] Creating session 'fm-socrates'...
[colab] Backend rejected accelerator 'L4'. You may not have quota or entitlement for this accelerator on your account. Try a different one (e.g. --gpu T4) or omit --gpu/--tpu for a CPU runtime.

2026-09-05 15:33:25 fm-socrates: L4 unavailable — trying next
2026-09-05 15:33:27 + colab --auth=adc new -s fm-socrates --gpu T4
2026-09-05 15:33:32 se Body: {response.text}")           │
│   195 │   │   if not response.ok:                                            │
│ ❱ 196 │   │   │   raise ColabRequestError(                                   │
│   197 │   │   │   │   f"Failed to issue request {method} {endpoint}:         │
│       {response.reason}",                                                    │
│   198 │   │   │   │   request=response.request,                              │
│   199 │   │   │   │   response=response,                                     │
╰──────────────────────────────────────────────────────────────────────────────╯
ColabRequestError: Failed to issue request POST 
https://colab.research.google.com/tun/m/assign?nbh=b07682c5_5a29_4f47_a626_9f8cc
e571c66........&variant=GPU&accelerator=T4: Service Unavailable

2026-09-05 15:33:32 fm-socrates: assign T4 flaky — retry in 30s
2026-09-05 15:34:02 + colab --auth=adc new -s fm-socrates --gpu L4
2026-09-05 15:34:04 [colab] Creating session 'fm-socrates'...
[colab] Backend rejected accelerator 'L4'. You may not have quota or entitlement for this accelerator on your account. Try a different one (e.g. --gpu T4) or omit --gpu/--tpu for a CPU runtime.

2026-09-05 15:34:04 fm-socrates: L4 unavailable — trying next
2026-09-05 15:34:06 + colab --auth=adc new -s fm-socrates --gpu T4
2026-09-05 15:34:08 se Body: {response.text}")           │
│   195 │   │   if not response.ok:                                            │
│ ❱ 196 │   │   │   raise ColabRequestError(                                   │
│   197 │   │   │   │   f"Failed to issue request {method} {endpoint}:         │
│       {response.reason}",                                                    │
│   198 │   │   │   │   request=response.request,                              │
│   199 │   │   │   │   response=response,                                     │
╰──────────────────────────────────────────────────────────────────────────────╯
ColabRequestError: Failed to issue request POST 
https://colab.research.google.com/tun/m/assign?nbh=2f81ea2c_e2f2_4159_9a18_6dbce
724d2ee........&variant=GPU&accelerator=T4: Service Unavailable

2026-09-05 15:34:08 fm-socrates: assign T4 flaky — retry in 30s
2026-09-05 15:34:38 + colab --auth=adc new -s fm-socrates --gpu L4
2026-09-05 15:34:39 [colab] Creating session 'fm-socrates'...
[colab] Backend rejected accelerator 'L4'. You may not have quota or entitlement for this accelerator on your account. Try a different one (e.g. --gpu T4) or omit --gpu/--tpu for a CPU runtime.

2026-09-05 15:34:39 fm-socrates: L4 unavailable — trying next
2026-09-05 15:34:41 + colab --auth=adc new -s fm-socrates --gpu T4
2026-09-05 15:34:43 se Body: {response.text}")           │
│   195 │   │   if not response.ok:                                            │
│ ❱ 196 │   │   │   raise ColabRequestError(                                   │
│   197 │   │   │   │   f"Failed to issue request {method} {endpoint}:         │
│       {response.reason}",                                                    │
│   198 │   │   │   │   request=response.request,                              │
│   199 │   │   │   │   response=response,                                     │
╰──────────────────────────────────────────────────────────────────────────────╯
ColabRequestError: Failed to issue request POST 
https://colab.research.google.com/tun/m/assign?nbh=17bea6c5_186f_4111_af07_bb865
6d77317........&variant=GPU&accelerator=T4: Service Unavailable

2026-09-05 15:34:43 fm-socrates: assign T4 flaky — retry in 30s
2026-09-05 15:35:13 + colab --auth=adc new -s fm-socrates --gpu L4
2026-09-05 15:35:15 [colab] Creating session 'fm-socrates'...
[colab] Backend rejected accelerator 'L4'. You may not have quota or entitlement for this accelerator on your account. Try a different one (e.g. --gpu T4) or omit --gpu/--tpu for a CPU runtime.

2026-09-05 15:35:15 fm-socrates: L4 unavailable — trying next
2026-09-05 15:35:17 + colab --auth=adc new -s fm-socrates --gpu T4
2026-09-05 15:35:21 se Body: {response.text}")           │
│   195 │   │   if not response.ok:                                            │
│ ❱ 196 │   │   │   raise ColabRequestError(                                   │
│   197 │   │   │   │   f"Failed to issue request {method} {endpoint}:         │
│       {response.reason}",                                                    │
│   198 │   │   │   │   request=response.request,                              │
│   199 │   │   │   │   response=response,                                     │
╰──────────────────────────────────────────────────────────────────────────────╯
ColabRequestError: Failed to issue request POST 
https://colab.research.google.com/tun/m/assign?nbh=3550c9fd_58b7_43f4_a392_02507
345a4e8........&variant=GPU&accelerator=T4: Service Unavailable

2026-09-05 15:35:21 fm-socrates: assign T4 flaky — retry in 30s
2026-09-05 15:35:51 + colab --auth=adc new -s fm-socrates --gpu L4
2026-09-05 15:35:54 [colab] Creating session 'fm-socrates'...
[colab] Backend rejected accelerator 'L4'. You may not have quota or entitlement for this accelerator on your account. Try a different one (e.g. --gpu T4) or omit --gpu/--tpu for a CPU runtime.

2026-09-05 15:35:54 fm-socrates: L4 unavailable — trying next
2026-09-05 15:35:57 + colab --auth=adc new -s fm-socrates --gpu T4
2026-09-05 15:35:58 se Body: {response.text}")           │
│   195 │   │   if not response.ok:                                            │
│ ❱ 196 │   │   │   raise ColabRequestError(                                   │
│   197 │   │   │   │   f"Failed to issue request {method} {endpoint}:         │
│       {response.reason}",                                                    │
│   198 │   │   │   │   request=response.request,                              │
│   199 │   │   │   │   response=response,                                     │
╰──────────────────────────────────────────────────────────────────────────────╯
ColabRequestError: Failed to issue request POST 
https://colab.research.google.com/tun/m/assign?nbh=4a6516d3_f410_45ae_b073_0f58c
f5b5ae8........&variant=GPU&accelerator=T4: Service Unavailable

2026-09-05 15:35:58 fm-socrates: assign T4 flaky — retry in 30s
2026-09-05 15:36:28 + colab --auth=adc new -s fm-socrates --gpu L4
2026-09-05 15:36:29 [colab] Creating session 'fm-socrates'...
[colab] Backend rejected accelerator 'L4'. You may not have quota or entitlement for this accelerator on your account. Try a different one (e.g. --gpu T4) or omit --gpu/--tpu for a CPU runtime.

2026-09-05 15:36:29 fm-socrates: L4 unavailable — trying next
2026-09-05 15:36:31 + colab --auth=adc new -s fm-socrates --gpu T4
2026-09-05 15:36:33 se Body: {response.text}")           │
│   195 │   │   if not response.ok:                                            │
│ ❱ 196 │   │   │   raise ColabRequestError(                                   │
│   197 │   │   │   │   f"Failed to issue request {method} {endpoint}:         │
│       {response.reason}",                                                    │
│   198 │   │   │   │   request=response.request,                              │
│   199 │   │   │   │   response=response,                                     │
╰──────────────────────────────────────────────────────────────────────────────╯
ColabRequestError: Failed to issue request POST 
https://colab.research.google.com/tun/m/assign?nbh=b34e31d3_383c_4449_a1c6_c08ae
b2dcd82........&variant=GPU&accelerator=T4: Service Unavailable

2026-09-05 15:36:33 fm-socrates: assign T4 flaky — retry in 30s
2026-09-05 15:37:03 + colab --auth=adc new -s fm-socrates --gpu L4
2026-09-05 15:37:04 [colab] Creating session 'fm-socrates'...
[colab] Backend rejected accelerator 'L4'. You may not have quota or entitlement for this accelerator on your account. Try a different one (e.g. --gpu T4) or omit --gpu/--tpu for a CPU runtime.

2026-09-05 15:37:04 fm-socrates: L4 unavailable — trying next
2026-09-05 15:37:06 + colab --auth=adc new -s fm-socrates --gpu T4
2026-09-05 15:37:08 se Body: {response.text}")           │
│   195 │   │   if not response.ok:                                            │
│ ❱ 196 │   │   │   raise ColabRequestError(                                   │
│   197 │   │   │   │   f"Failed to issue request {method} {endpoint}:         │
│       {response.reason}",                                                    │
│   198 │   │   │   │   request=response.request,                              │
│   199 │   │   │   │   response=response,                                     │
╰──────────────────────────────────────────────────────────────────────────────╯
ColabRequestError: Failed to issue request POST 
https://colab.research.google.com/tun/m/assign?nbh=921ce736_0f94_454d_9533_82293
6893cb8........&variant=GPU&accelerator=T4: Service Unavailable

2026-09-05 15:37:08 fm-socrates: assign T4 flaky — retry in 30s
2026-09-05 15:37:38 + colab --auth=adc new -s fm-socrates --gpu L4
2026-09-05 15:37:39 [colab] Creating session 'fm-socrates'...
[colab] Backend rejected accelerator 'L4'. You may not have quota or entitlement for this accelerator on your account. Try a different one (e.g. --gpu T4) or omit --gpu/--tpu for a CPU runtime.

2026-09-05 15:37:39 fm-socrates: L4 unavailable — trying next
2026-09-05 15:37:41 + colab --auth=adc new -s fm-socrates --gpu T4
2026-09-05 15:37:43 se Body: {response.text}")           │
│   195 │   │   if not response.ok:                                            │
│ ❱ 196 │   │   │   raise ColabRequestError(                                   │
│   197 │   │   │   │   f"Failed to issue request {method} {endpoint}:         │
│       {response.reason}",                                                    │
│   198 │   │   │   │   request=response.request,                              │
│   199 │   │   │   │   response=response,                                     │
╰──────────────────────────────────────────────────────────────────────────────╯
ColabRequestError: Failed to issue request POST 
https://colab.research.google.com/tun/m/assign?nbh=32ea83d5_09a5_439c_a065_bffc7
c35996e........&variant=GPU&accelerator=T4: Service Unavailable

2026-09-05 15:37:43 fm-socrates: assign T4 flaky — retry in 30s
2026-09-05 15:38:13 + colab --auth=adc new -s fm-socrates --gpu L4
2026-09-05 15:38:20 [colab] Creating session 'fm-socrates'...
[colab] Backend rejected accelerator 'L4'. You may not have quota or entitlement for this accelerator on your account. Try a different one (e.g. --gpu T4) or omit --gpu/--tpu for a CPU runtime.

2026-09-05 15:38:20 fm-socrates: L4 unavailable — trying next
2026-09-05 15:38:22 + colab --auth=adc new -s fm-socrates --gpu T4
2026-09-05 15:38:24 se Body: {response.text}")           │
│   195 │   │   if not response.ok:                                            │
│ ❱ 196 │   │   │   raise ColabRequestError(                                   │
│   197 │   │   │   │   f"Failed to issue request {method} {endpoint}:         │
│       {response.reason}",                                                    │
│   198 │   │   │   │   request=response.request,                              │
│   199 │   │   │   │   response=response,                                     │
╰──────────────────────────────────────────────────────────────────────────────╯
ColabRequestError: Failed to issue request POST 
https://colab.research.google.com/tun/m/assign?nbh=f6fb558d_0012_42bd_81cb_aad27
34bff9c........&variant=GPU&accelerator=T4: Service Unavailable

2026-09-05 15:38:24 fm-socrates: assign T4 flaky — retry in 30s
2026-09-05 15:38:54 + colab --auth=adc new -s fm-socrates --gpu L4
2026-09-05 15:38:56 [colab] Creating session 'fm-socrates'...
[colab] Backend rejected accelerator 'L4'. You may not have quota or entitlement for this accelerator on your account. Try a different one (e.g. --gpu T4) or omit --gpu/--tpu for a CPU runtime.

2026-09-05 15:38:56 fm-socrates: L4 unavailable — trying next
2026-09-05 15:38:58 + colab --auth=adc new -s fm-socrates --gpu T4
2026-09-05 15:39:03 se Body: {response.text}")           │
│   195 │   │   if not response.ok:                                            │
│ ❱ 196 │   │   │   raise ColabRequestError(                                   │
│   197 │   │   │   │   f"Failed to issue request {method} {endpoint}:         │
│       {response.reason}",                                                    │
│   198 │   │   │   │   request=response.request,                              │
│   199 │   │   │   │   response=response,                                     │
╰──────────────────────────────────────────────────────────────────────────────╯
ColabRequestError: Failed to issue request POST 
https://colab.research.google.com/tun/m/assign?nbh=b18f6f31_bdf1_4829_8cdc_b5f78
df07e9e........&variant=GPU&accelerator=T4: Service Unavailable

2026-09-05 15:39:03 fm-socrates: assign T4 flaky — retry in 30s
2026-09-05 15:39:33 + colab --auth=adc new -s fm-socrates --gpu L4
2026-09-05 15:39:34 [colab] Creating session 'fm-socrates'...
[colab] Backend rejected accelerator 'L4'. You may not have quota or entitlement for this accelerator on your account. Try a different one (e.g. --gpu T4) or omit --gpu/--tpu for a CPU runtime.

2026-09-05 15:39:34 fm-socrates: L4 unavailable — trying next
2026-09-05 15:39:36 + colab --auth=adc new -s fm-socrates --gpu T4
2026-09-05 15:39:38 se Body: {response.text}")           │
│   195 │   │   if not response.ok:                                            │
│ ❱ 196 │   │   │   raise ColabRequestError(                                   │
│   197 │   │   │   │   f"Failed to issue request {method} {endpoint}:         │
│       {response.reason}",                                                    │
│   198 │   │   │   │   request=response.request,                              │
│   199 │   │   │   │   response=response,                                     │
╰──────────────────────────────────────────────────────────────────────────────╯
ColabRequestError: Failed to issue request POST 
https://colab.research.google.com/tun/m/assign?nbh=944d77c1_4509_4186_9c68_59649
7ad3b91........&variant=GPU&accelerator=T4: Service Unavailable

2026-09-05 15:39:38 fm-socrates: assign T4 flaky — retry in 30s
2026-09-05 15:40:08 + colab --auth=adc new -s fm-socrates --gpu L4
2026-09-05 15:40:14 [colab] Creating session 'fm-socrates'...
[colab] Backend rejected accelerator 'L4'. You may not have quota or entitlement for this accelerator on your account. Try a different one (e.g. --gpu T4) or omit --gpu/--tpu for a CPU runtime.

2026-09-05 15:40:14 fm-socrates: L4 unavailable — trying next
2026-09-05 15:40:16 + colab --auth=adc new -s fm-socrates --gpu T4
2026-09-05 15:40:18 se Body: {response.text}")           │
│   195 │   │   if not response.ok:                                            │
│ ❱ 196 │   │   │   raise ColabRequestError(                                   │
│   197 │   │   │   │   f"Failed to issue request {method} {endpoint}:         │
│       {response.reason}",                                                    │
│   198 │   │   │   │   request=response.request,                              │
│   199 │   │   │   │   response=response,                                     │
╰──────────────────────────────────────────────────────────────────────────────╯
ColabRequestError: Failed to issue request POST 
https://colab.research.google.com/tun/m/assign?nbh=8e2be5de_6bdd_43cc_8824_37458
892a0d3........&variant=GPU&accelerator=T4: Service Unavailable

2026-09-05 15:40:18 fm-socrates: assign T4 flaky — retry in 30s
2026-09-05 15:40:49 + colab --auth=adc new -s fm-socrates --gpu L4
2026-09-05 15:40:50 [colab] Creating session 'fm-socrates'...
[colab] Backend rejected accelerator 'L4'. You may not have quota or entitlement for this accelerator on your account. Try a different one (e.g. --gpu T4) or omit --gpu/--tpu for a CPU runtime.

2026-09-05 15:40:50 fm-socrates: L4 unavailable — trying next
2026-09-05 15:40:52 + colab --auth=adc new -s fm-socrates --gpu T4
2026-09-05 15:40:54 se Body: {response.text}")           │
│   195 │   │   if not response.ok:                                            │
│ ❱ 196 │   │   │   raise ColabRequestError(                                   │
│   197 │   │   │   │   f"Failed to issue request {method} {endpoint}:         │
│       {response.reason}",                                                    │
│   198 │   │   │   │   request=response.request,                              │
│   199 │   │   │   │   response=response,                                     │
╰──────────────────────────────────────────────────────────────────────────────╯
ColabRequestError: Failed to issue request POST 
https://colab.research.google.com/tun/m/assign?nbh=69e0210a_9bb9_4d05_b65b_9e0ee
862afbb........&variant=GPU&accelerator=T4: Service Unavailable

2026-09-05 15:40:54 fm-socrates: assign T4 flaky — retry in 30s
2026-09-05 15:41:24 + colab --auth=adc new -s fm-socrates --gpu L4
2026-09-05 15:41:28 [colab] Creating session 'fm-socrates'...
[colab] Backend rejected accelerator 'L4'. You may not have quota or entitlement for this accelerator on your account. Try a different one (e.g. --gpu T4) or omit --gpu/--tpu for a CPU runtime.

2026-09-05 15:41:28 fm-socrates: L4 unavailable — trying next
2026-09-05 15:41:30 + colab --auth=adc new -s fm-socrates --gpu T4
2026-09-05 15:41:34 se Body: {response.text}")           │
│   195 │   │   if not response.ok:                                            │
│ ❱ 196 │   │   │   raise ColabRequestError(                                   │
│   197 │   │   │   │   f"Failed to issue request {method} {endpoint}:         │
│       {response.reason}",                                                    │
│   198 │   │   │   │   request=response.request,                              │
│   199 │   │   │   │   response=response,                                     │
╰──────────────────────────────────────────────────────────────────────────────╯
ColabRequestError: Failed to issue request POST 
https://colab.research.google.com/tun/m/assign?nbh=0194bf16_cc06_4e8a_a898_4a604
a883adc........&variant=GPU&accelerator=T4: Service Unavailable

2026-09-05 15:41:34 fm-socrates: assign T4 flaky — retry in 30s
2026-09-05 15:42:04 + colab --auth=adc new -s fm-socrates --gpu L4
2026-09-05 15:42:12 [colab] Creating session 'fm-socrates'...
[colab] Backend rejected accelerator 'L4'. You may not have quota or entitlement for this accelerator on your account. Try a different one (e.g. --gpu T4) or omit --gpu/--tpu for a CPU runtime.

2026-09-05 15:42:12 fm-socrates: L4 unavailable — trying next
2026-09-05 15:42:14 + colab --auth=adc new -s fm-socrates --gpu T4
2026-09-05 15:42:19 se Body: {response.text}")           │
│   195 │   │   if not response.ok:                                            │
│ ❱ 196 │   │   │   raise ColabRequestError(                                   │
│   197 │   │   │   │   f"Failed to issue request {method} {endpoint}:         │
│       {response.reason}",                                                    │
│   198 │   │   │   │   request=response.request,                              │
│   199 │   │   │   │   response=response,                                     │
╰──────────────────────────────────────────────────────────────────────────────╯
ColabRequestError: Failed to issue request POST 
https://colab.research.google.com/tun/m/assign?nbh=e09a6fba_8092_4efd_b326_3834a
74b954a........&variant=GPU&accelerator=T4: Service Unavailable

2026-09-05 15:42:19 fm-socrates: assign T4 flaky — retry in 30s
2026-09-05 15:42:49 + colab --auth=adc new -s fm-socrates --gpu L4
2026-09-05 15:42:50 [colab] Creating session 'fm-socrates'...
[colab] Backend rejected accelerator 'L4'. You may not have quota or entitlement for this accelerator on your account. Try a different one (e.g. --gpu T4) or omit --gpu/--tpu for a CPU runtime.

2026-09-05 15:42:50 fm-socrates: L4 unavailable — trying next
2026-09-05 15:42:52 + colab --auth=adc new -s fm-socrates --gpu T4
2026-09-05 15:42:57 se Body: {response.text}")           │
│   195 │   │   if not response.ok:                                            │
│ ❱ 196 │   │   │   raise ColabRequestError(                                   │
│   197 │   │   │   │   f"Failed to issue request {method} {endpoint}:         │
│       {response.reason}",                                                    │
│   198 │   │   │   │   request=response.request,                              │
│   199 │   │   │   │   response=response,                                     │
╰──────────────────────────────────────────────────────────────────────────────╯
ColabRequestError: Failed to issue request POST 
https://colab.research.google.com/tun/m/assign?nbh=dc8968d4_7be9_47ad_b32e_45f1e
bf2d1ba........&variant=GPU&accelerator=T4: Service Unavailable

2026-09-05 15:42:57 fm-socrates: assign T4 flaky — retry in 30s
2026-09-05 15:43:27 + colab --auth=adc new -s fm-socrates --gpu L4
2026-09-05 15:43:31 [colab] Creating session 'fm-socrates'...
[colab] Backend rejected accelerator 'L4'. You may not have quota or entitlement for this accelerator on your account. Try a different one (e.g. --gpu T4) or omit --gpu/--tpu for a CPU runtime.

2026-09-05 15:43:31 fm-socrates: L4 unavailable — trying next
2026-09-05 15:43:33 + colab --auth=adc new -s fm-socrates --gpu T4
2026-09-05 15:43:36 se Body: {response.text}")           │
│   195 │   │   if not response.ok:                                            │
│ ❱ 196 │   │   │   raise ColabRequestError(                                   │
│   197 │   │   │   │   f"Failed to issue request {method} {endpoint}:         │
│       {response.reason}",                                                    │
│   198 │   │   │   │   request=response.request,                              │
│   199 │   │   │   │   response=response,                                     │
╰──────────────────────────────────────────────────────────────────────────────╯
ColabRequestError: Failed to issue request POST 
https://colab.research.google.com/tun/m/assign?nbh=b2890b7e_3645_49a0_82a2_73dcd
37bb94d........&variant=GPU&accelerator=T4: Service Unavailable

2026-09-05 15:43:36 fm-socrates: assign T4 flaky — retry in 30s
2026-09-05 15:44:06 + colab --auth=adc new -s fm-socrates --gpu L4
2026-09-05 15:44:31 [colab] Creating session 'fm-socrates'...
[colab] Backend rejected accelerator 'L4'. You may not have quota or entitlement for this accelerator on your account. Try a different one (e.g. --gpu T4) or omit --gpu/--tpu for a CPU runtime.

2026-09-05 15:44:31 fm-socrates: L4 unavailable — trying next
2026-09-05 15:44:33 + colab --auth=adc new -s fm-socrates --gpu T4
2026-09-05 15:44:48 se Body: {response.text}")           │
│   195 │   │   if not response.ok:                                            │
│ ❱ 196 │   │   │   raise ColabRequestError(                                   │
│   197 │   │   │   │   f"Failed to issue request {method} {endpoint}:         │
│       {response.reason}",                                                    │
│   198 │   │   │   │   request=response.request,                              │
│   199 │   │   │   │   response=response,                                     │
╰──────────────────────────────────────────────────────────────────────────────╯
ColabRequestError: Failed to issue request POST 
https://colab.research.google.com/tun/m/assign?nbh=aabf3621_7b8c_40f1_ad46_a12de
4b352da........&variant=GPU&accelerator=T4: Service Unavailable

2026-09-05 15:44:48 fm-socrates: assign T4 flaky — retry in 30s
2026-09-05 15:45:18 + colab --auth=adc new -s fm-socrates --gpu L4
2026-09-05 15:45:23 [colab] Creating session 'fm-socrates'...
[colab] Backend rejected accelerator 'L4'. You may not have quota or entitlement for this accelerator on your account. Try a different one (e.g. --gpu T4) or omit --gpu/--tpu for a CPU runtime.

2026-09-05 15:45:23 fm-socrates: L4 unavailable — trying next
2026-09-05 15:45:25 + colab --auth=adc new -s fm-socrates --gpu T4
2026-09-05 15:45:26 se Body: {response.text}")           │
│   195 │   │   if not response.ok:                                            │
│ ❱ 196 │   │   │   raise ColabRequestError(                                   │
│   197 │   │   │   │   f"Failed to issue request {method} {endpoint}:         │
│       {response.reason}",                                                    │
│   198 │   │   │   │   request=response.request,                              │
│   199 │   │   │   │   response=response,                                     │
╰──────────────────────────────────────────────────────────────────────────────╯
ColabRequestError: Failed to issue request POST 
https://colab.research.google.com/tun/m/assign?nbh=e5050b8c_be38_4b4f_8b7f_ce8b7
e735084........&variant=GPU&accelerator=T4: Service Unavailable

2026-09-05 15:45:26 fm-socrates: assign T4 flaky — retry in 30s
2026-09-05 15:45:56 + colab --auth=adc new -s fm-socrates --gpu L4
2026-09-05 15:46:00 [colab] Creating session 'fm-socrates'...
[colab] Backend rejected accelerator 'L4'. You may not have quota or entitlement for this accelerator on your account. Try a different one (e.g. --gpu T4) or omit --gpu/--tpu for a CPU runtime.

2026-09-05 15:46:00 fm-socrates: L4 unavailable — trying next
2026-09-05 15:46:02 + colab --auth=adc new -s fm-socrates --gpu T4
2026-09-05 15:46:07 se Body: {response.text}")           │
│   195 │   │   if not response.ok:                                            │
│ ❱ 196 │   │   │   raise ColabRequestError(                                   │
│   197 │   │   │   │   f"Failed to issue request {method} {endpoint}:         │
│       {response.reason}",                                                    │
│   198 │   │   │   │   request=response.request,                              │
│   199 │   │   │   │   response=response,                                     │
╰──────────────────────────────────────────────────────────────────────────────╯
ColabRequestError: Failed to issue request POST 
https://colab.research.google.com/tun/m/assign?nbh=d53c249d_3f8e_4cb1_9a32_de00a
2ced2f0........&variant=GPU&accelerator=T4: Service Unavailable

2026-09-05 15:46:07 fm-socrates: assign T4 flaky — retry in 30s
2026-09-05 15:46:37 + colab --auth=adc new -s fm-socrates --gpu L4
2026-09-05 15:46:42 [colab] Creating session 'fm-socrates'...
[colab] Backend rejected accelerator 'L4'. You may not have quota or entitlement for this accelerator on your account. Try a different one (e.g. --gpu T4) or omit --gpu/--tpu for a CPU runtime.

2026-09-05 15:46:42 fm-socrates: L4 unavailable — trying next
2026-09-05 15:46:44 + colab --auth=adc new -s fm-socrates --gpu T4
2026-09-05 15:46:45 se Body: {response.text}")           │
│   195 │   │   if not response.ok:                                            │
│ ❱ 196 │   │   │   raise ColabRequestError(                                   │
│   197 │   │   │   │   f"Failed to issue request {method} {endpoint}:         │
│       {response.reason}",                                                    │
│   198 │   │   │   │   request=response.request,                              │
│   199 │   │   │   │   response=response,                                     │
╰──────────────────────────────────────────────────────────────────────────────╯
ColabRequestError: Failed to issue request POST 
https://colab.research.google.com/tun/m/assign?nbh=897d75b1_3dd1_4fc5_a054_cbbd5
439495d........&variant=GPU&accelerator=T4: Service Unavailable

2026-09-05 15:46:45 fm-socrates: assign T4 flaky — retry in 30s
2026-09-05 15:47:15 + colab --auth=adc new -s fm-socrates --gpu L4
2026-09-05 15:47:20 [colab] Creating session 'fm-socrates'...
[colab] Backend rejected accelerator 'L4'. You may not have quota or entitlement for this accelerator on your account. Try a different one (e.g. --gpu T4) or omit --gpu/--tpu for a CPU runtime.

2026-09-05 15:47:21 fm-socrates: L4 unavailable — trying next
2026-09-05 15:47:23 + colab --auth=adc new -s fm-socrates --gpu T4
2026-09-05 15:47:27 se Body: {response.text}")           │
│   195 │   │   if not response.ok:                                            │
│ ❱ 196 │   │   │   raise ColabRequestError(                                   │
│   197 │   │   │   │   f"Failed to issue request {method} {endpoint}:         │
│       {response.reason}",                                                    │
│   198 │   │   │   │   request=response.request,                              │
│   199 │   │   │   │   response=response,                                     │
╰──────────────────────────────────────────────────────────────────────────────╯
ColabRequestError: Failed to issue request POST 
https://colab.research.google.com/tun/m/assign?nbh=82b6d79a_0bf6_464b_b0c8_34608
b2e13dc........&variant=GPU&accelerator=T4: Service Unavailable

2026-09-05 15:47:27 fm-socrates: assign T4 flaky — retry in 30s
2026-09-05 15:47:57 + colab --auth=adc new -s fm-socrates --gpu L4
2026-09-05 15:47:58 [colab] Creating session 'fm-socrates'...
[colab] Backend rejected accelerator 'L4'. You may not have quota or entitlement for this accelerator on your account. Try a different one (e.g. --gpu T4) or omit --gpu/--tpu for a CPU runtime.

2026-09-05 15:47:58 fm-socrates: L4 unavailable — trying next
2026-09-05 15:48:00 + colab --auth=adc new -s fm-socrates --gpu T4
2026-09-05 15:48:01 se Body: {response.text}")           │
│   195 │   │   if not response.ok:                                            │
│ ❱ 196 │   │   │   raise ColabRequestError(                                   │
│   197 │   │   │   │   f"Failed to issue request {method} {endpoint}:         │
│       {response.reason}",                                                    │
│   198 │   │   │   │   request=response.request,                              │
│   199 │   │   │   │   response=response,                                     │
╰──────────────────────────────────────────────────────────────────────────────╯
ColabRequestError: Failed to issue request POST 
https://colab.research.google.com/tun/m/assign?nbh=3f66d68b_e856_42a6_8718_96427
0a3de84........&variant=GPU&accelerator=T4: Service Unavailable

2026-09-05 15:48:01 fm-socrates: assign T4 flaky — retry in 30s
2026-09-05 15:48:31 + colab --auth=adc new -s fm-socrates --gpu L4
2026-09-05 15:48:33 [colab] Creating session 'fm-socrates'...
[colab] Backend rejected accelerator 'L4'. You may not have quota or entitlement for this accelerator on your account. Try a different one (e.g. --gpu T4) or omit --gpu/--tpu for a CPU runtime.

2026-09-05 15:48:33 fm-socrates: L4 unavailable — trying next
2026-09-05 15:48:35 + colab --auth=adc new -s fm-socrates --gpu T4
2026-09-05 15:48:38 se Body: {response.text}")           │
│   195 │   │   if not response.ok:                                            │
│ ❱ 196 │   │   │   raise ColabRequestError(                                   │
│   197 │   │   │   │   f"Failed to issue request {method} {endpoint}:         │
│       {response.reason}",                                                    │
│   198 │   │   │   │   request=response.request,                              │
│   199 │   │   │   │   response=response,                                     │
╰──────────────────────────────────────────────────────────────────────────────╯
ColabRequestError: Failed to issue request POST 
https://colab.research.google.com/tun/m/assign?nbh=7301d22d_9cff_4307_9095_810f4
2fbb8a6........&variant=GPU&accelerator=T4: Service Unavailable

2026-09-05 15:48:38 fm-socrates: assign T4 flaky — retry in 30s
2026-09-05 15:49:08 + colab --auth=adc new -s fm-socrates --gpu L4
2026-09-05 15:49:10 [colab] Creating session 'fm-socrates'...
[colab] Backend rejected accelerator 'L4'. You may not have quota or entitlement for this accelerator on your account. Try a different one (e.g. --gpu T4) or omit --gpu/--tpu for a CPU runtime.

2026-09-05 15:49:10 fm-socrates: L4 unavailable — trying next
2026-09-05 15:49:13 + colab --auth=adc new -s fm-socrates --gpu T4
2026-09-05 15:49:14 se Body: {response.text}")           │
│   195 │   │   if not response.ok:                                            │
│ ❱ 196 │   │   │   raise ColabRequestError(                                   │
│   197 │   │   │   │   f"Failed to issue request {method} {endpoint}:         │
│       {response.reason}",                                                    │
│   198 │   │   │   │   request=response.request,                              │
│   199 │   │   │   │   response=response,                                     │
╰──────────────────────────────────────────────────────────────────────────────╯
ColabRequestError: Failed to issue request POST 
https://colab.research.google.com/tun/m/assign?nbh=14fafca3_3e4e_4d2f_9b7a_f7145
df0c0b5........&variant=GPU&accelerator=T4: Service Unavailable

2026-09-05 15:49:14 fm-socrates: assign T4 flaky — retry in 30s
2026-09-05 15:49:44 + colab --auth=adc new -s fm-socrates --gpu L4
2026-09-05 15:49:45 [colab] Creating session 'fm-socrates'...
[colab] Backend rejected accelerator 'L4'. You may not have quota or entitlement for this accelerator on your account. Try a different one (e.g. --gpu T4) or omit --gpu/--tpu for a CPU runtime.

2026-09-05 15:49:45 fm-socrates: L4 unavailable — trying next
2026-09-05 15:49:47 + colab --auth=adc new -s fm-socrates --gpu T4
2026-09-05 15:49:49 se Body: {response.text}")           │
│   195 │   │   if not response.ok:                                            │
│ ❱ 196 │   │   │   raise ColabRequestError(                                   │
│   197 │   │   │   │   f"Failed to issue request {method} {endpoint}:         │
│       {response.reason}",                                                    │
│   198 │   │   │   │   request=response.request,                              │
│   199 │   │   │   │   response=response,                                     │
╰──────────────────────────────────────────────────────────────────────────────╯
ColabRequestError: Failed to issue request POST 
https://colab.research.google.com/tun/m/assign?nbh=7e19a613_e89f_45e0_976d_7bc3d
82240da........&variant=GPU&accelerator=T4: Service Unavailable

2026-09-05 15:49:49 fm-socrates: assign T4 flaky — retry in 30s
2026-09-05 15:50:19 + colab --auth=adc new -s fm-socrates --gpu L4
2026-09-05 15:50:20 [colab] Creating session 'fm-socrates'...
[colab] Backend rejected accelerator 'L4'. You may not have quota or entitlement for this accelerator on your account. Try a different one (e.g. --gpu T4) or omit --gpu/--tpu for a CPU runtime.

2026-09-05 15:50:20 fm-socrates: L4 unavailable — trying next
2026-09-05 15:50:22 + colab --auth=adc new -s fm-socrates --gpu T4
2026-09-05 15:50:24 se Body: {response.text}")           │
│   195 │   │   if not response.ok:                                            │
│ ❱ 196 │   │   │   raise ColabRequestError(                                   │
│   197 │   │   │   │   f"Failed to issue request {method} {endpoint}:         │
│       {response.reason}",                                                    │
│   198 │   │   │   │   request=response.request,                              │
│   199 │   │   │   │   response=response,                                     │
╰──────────────────────────────────────────────────────────────────────────────╯
ColabRequestError: Failed to issue request POST 
https://colab.research.google.com/tun/m/assign?nbh=74a3635d_8211_42a0_831f_50df9
93fcf17........&variant=GPU&accelerator=T4: Service Unavailable

2026-09-05 15:50:24 fm-socrates: assign T4 flaky — retry in 30s
2026-09-05 15:50:54 + colab --auth=adc new -s fm-socrates --gpu L4
2026-09-05 15:50:55 [colab] Creating session 'fm-socrates'...
[colab] Backend rejected accelerator 'L4'. You may not have quota or entitlement for this accelerator on your account. Try a different one (e.g. --gpu T4) or omit --gpu/--tpu for a CPU runtime.

2026-09-05 15:50:55 fm-socrates: L4 unavailable — trying next
2026-09-05 15:50:57 + colab --auth=adc new -s fm-socrates --gpu T4
2026-09-05 15:50:59 se Body: {response.text}")           │
│   195 │   │   if not response.ok:                                            │
│ ❱ 196 │   │   │   raise ColabRequestError(                                   │
│   197 │   │   │   │   f"Failed to issue request {method} {endpoint}:         │
│       {response.reason}",                                                    │
│   198 │   │   │   │   request=response.request,                              │
│   199 │   │   │   │   response=response,                                     │
╰──────────────────────────────────────────────────────────────────────────────╯
ColabRequestError: Failed to issue request POST 
https://colab.research.google.com/tun/m/assign?nbh=dfc37e81_d76e_4997_9fe0_b856b
ed8fc21........&variant=GPU&accelerator=T4: Service Unavailable

2026-09-05 15:50:59 fm-socrates: assign T4 flaky — retry in 30s
2026-09-05 15:51:29 + colab --auth=adc new -s fm-socrates --gpu L4
2026-09-05 15:51:31 [colab] Creating session 'fm-socrates'...
[colab] Backend rejected accelerator 'L4'. You may not have quota or entitlement for this accelerator on your account. Try a different one (e.g. --gpu T4) or omit --gpu/--tpu for a CPU runtime.

2026-09-05 15:51:31 fm-socrates: L4 unavailable — trying next
2026-09-05 15:51:33 + colab --auth=adc new -s fm-socrates --gpu T4
2026-09-05 15:51:34 se Body: {response.text}")           │
│   195 │   │   if not response.ok:                                            │
│ ❱ 196 │   │   │   raise ColabRequestError(                                   │
│   197 │   │   │   │   f"Failed to issue request {method} {endpoint}:         │
│       {response.reason}",                                                    │
│   198 │   │   │   │   request=response.request,                              │
│   199 │   │   │   │   response=response,                                     │
╰──────────────────────────────────────────────────────────────────────────────╯
ColabRequestError: Failed to issue request POST 
https://colab.research.google.com/tun/m/assign?nbh=49ced806_e4b0_405b_aa07_e6ad2
0e1d9f9........&variant=GPU&accelerator=T4: Service Unavailable

2026-09-05 15:51:34 fm-socrates: assign T4 flaky — retry in 30s
2026-09-05 15:52:04 + colab --auth=adc new -s fm-socrates --gpu L4
2026-09-05 15:52:05 [colab] Creating session 'fm-socrates'...
[colab] Backend rejected accelerator 'L4'. You may not have quota or entitlement for this accelerator on your account. Try a different one (e.g. --gpu T4) or omit --gpu/--tpu for a CPU runtime.

2026-09-05 15:52:05 fm-socrates: L4 unavailable — trying next
2026-09-05 15:52:07 + colab --auth=adc new -s fm-socrates --gpu T4
2026-09-05 15:52:08 se Body: {response.text}")           │
│   195 │   │   if not response.ok:                                            │
│ ❱ 196 │   │   │   raise ColabRequestError(                                   │
│   197 │   │   │   │   f"Failed to issue request {method} {endpoint}:         │
│       {response.reason}",                                                    │
│   198 │   │   │   │   request=response.request,                              │
│   199 │   │   │   │   response=response,                                     │
╰──────────────────────────────────────────────────────────────────────────────╯
ColabRequestError: Failed to issue request POST 
https://colab.research.google.com/tun/m/assign?nbh=45f1b143_cf9e_4afe_94c8_b8340
0b91d67........&variant=GPU&accelerator=T4: Service Unavailable

2026-09-05 15:52:08 fm-socrates: assign T4 flaky — retry in 30s
2026-09-05 15:52:38 + colab --auth=adc new -s fm-socrates --gpu L4
2026-09-05 15:52:39 [colab] Creating session 'fm-socrates'...
[colab] Backend rejected accelerator 'L4'. You may not have quota or entitlement for this accelerator on your account. Try a different one (e.g. --gpu T4) or omit --gpu/--tpu for a CPU runtime.

2026-09-05 15:52:39 fm-socrates: L4 unavailable — trying next
2026-09-05 15:52:41 + colab --auth=adc new -s fm-socrates --gpu T4
2026-09-05 15:52:42 se Body: {response.text}")           │
│   195 │   │   if not response.ok:                                            │
│ ❱ 196 │   │   │   raise ColabRequestError(                                   │
│   197 │   │   │   │   f"Failed to issue request {method} {endpoint}:         │
│       {response.reason}",                                                    │
│   198 │   │   │   │   request=response.request,                              │
│   199 │   │   │   │   response=response,                                     │
╰──────────────────────────────────────────────────────────────────────────────╯
ColabRequestError: Failed to issue request POST 
https://colab.research.google.com/tun/m/assign?nbh=98474402_4baf_4743_bdb7_02b55
0894423........&variant=GPU&accelerator=T4: Service Unavailable

2026-09-05 15:52:42 fm-socrates: assign T4 flaky — retry in 30s
2026-09-05 15:53:13 + colab --auth=adc new -s fm-socrates --gpu L4
2026-09-05 15:53:14 [colab] Creating session 'fm-socrates'...
[colab] Backend rejected accelerator 'L4'. You may not have quota or entitlement for this accelerator on your account. Try a different one (e.g. --gpu T4) or omit --gpu/--tpu for a CPU runtime.

2026-09-05 15:53:14 fm-socrates: L4 unavailable — trying next
2026-09-05 15:53:16 + colab --auth=adc new -s fm-socrates --gpu T4
2026-09-05 15:53:18 se Body: {response.text}")           │
│   195 │   │   if not response.ok:                                            │
│ ❱ 196 │   │   │   raise ColabRequestError(                                   │
│   197 │   │   │   │   f"Failed to issue request {method} {endpoint}:         │
│       {response.reason}",                                                    │
│   198 │   │   │   │   request=response.request,                              │
│   199 │   │   │   │   response=response,                                     │
╰──────────────────────────────────────────────────────────────────────────────╯
ColabRequestError: Failed to issue request POST 
https://colab.research.google.com/tun/m/assign?nbh=7edc4992_883f_4e1a_99c4_dde61
2273163........&variant=GPU&accelerator=T4: Service Unavailable

2026-09-05 15:53:18 fm-socrates: assign T4 flaky — retry in 30s
2026-09-05 15:53:48 + colab --auth=adc new -s fm-socrates --gpu L4
2026-09-05 15:53:50 [colab] Creating session 'fm-socrates'...
[colab] Backend rejected accelerator 'L4'. You may not have quota or entitlement for this accelerator on your account. Try a different one (e.g. --gpu T4) or omit --gpu/--tpu for a CPU runtime.

2026-09-05 15:53:50 fm-socrates: L4 unavailable — trying next
2026-09-05 15:53:52 + colab --auth=adc new -s fm-socrates --gpu T4
2026-09-05 15:53:53 se Body: {response.text}")           │
│   195 │   │   if not response.ok:                                            │
│ ❱ 196 │   │   │   raise ColabRequestError(                                   │
│   197 │   │   │   │   f"Failed to issue request {method} {endpoint}:         │
│       {response.reason}",                                                    │
│   198 │   │   │   │   request=response.request,                              │
│   199 │   │   │   │   response=response,                                     │
╰──────────────────────────────────────────────────────────────────────────────╯
ColabRequestError: Failed to issue request POST 
https://colab.research.google.com/tun/m/assign?nbh=44db2a4c_009a_41fc_b99c_7100d
ac994a2........&variant=GPU&accelerator=T4: Service Unavailable

2026-09-05 15:53:53 fm-socrates: assign T4 flaky — retry in 30s
2026-09-05 15:54:23 + colab --auth=adc new -s fm-socrates --gpu L4
2026-09-05 15:54:25 [colab] Creating session 'fm-socrates'...
[colab] Backend rejected accelerator 'L4'. You may not have quota or entitlement for this accelerator on your account. Try a different one (e.g. --gpu T4) or omit --gpu/--tpu for a CPU runtime.

2026-09-05 15:54:25 fm-socrates: L4 unavailable — trying next
2026-09-05 15:54:27 + colab --auth=adc new -s fm-socrates --gpu T4
2026-09-05 15:54:28 se Body: {response.text}")           │
│   195 │   │   if not response.ok:                                            │
│ ❱ 196 │   │   │   raise ColabRequestError(                                   │
│   197 │   │   │   │   f"Failed to issue request {method} {endpoint}:         │
│       {response.reason}",                                                    │
│   198 │   │   │   │   request=response.request,                              │
│   199 │   │   │   │   response=response,                                     │
╰──────────────────────────────────────────────────────────────────────────────╯
ColabRequestError: Failed to issue request POST 
https://colab.research.google.com/tun/m/assign?nbh=c5fe8c14_9dd4_458f_8242_d9ed5
4b4228f........&variant=GPU&accelerator=T4: Service Unavailable

2026-09-05 15:54:28 fm-socrates: assign T4 flaky — retry in 30s
2026-09-05 15:54:58 + colab --auth=adc new -s fm-socrates --gpu L4
2026-09-05 15:55:00 [colab] Creating session 'fm-socrates'...
[colab] Backend rejected accelerator 'L4'. You may not have quota or entitlement for this accelerator on your account. Try a different one (e.g. --gpu T4) or omit --gpu/--tpu for a CPU runtime.

2026-09-05 15:55:00 fm-socrates: L4 unavailable — trying next
2026-09-05 15:55:02 + colab --auth=adc new -s fm-socrates --gpu T4
2026-09-05 15:55:03 se Body: {response.text}")           │
│   195 │   │   if not response.ok:                                            │
│ ❱ 196 │   │   │   raise ColabRequestError(                                   │
│   197 │   │   │   │   f"Failed to issue request {method} {endpoint}:         │
│       {response.reason}",                                                    │
│   198 │   │   │   │   request=response.request,                              │
│   199 │   │   │   │   response=response,                                     │
╰──────────────────────────────────────────────────────────────────────────────╯
ColabRequestError: Failed to issue request POST 
https://colab.research.google.com/tun/m/assign?nbh=95bcebeb_c115_46f8_b5a1_8b002
7b28aee........&variant=GPU&accelerator=T4: Service Unavailable

2026-09-05 15:55:03 fm-socrates: assign T4 flaky — retry in 30s
2026-09-05 15:55:33 + colab --auth=adc new -s fm-socrates --gpu L4
2026-09-05 15:55:35 [colab] Creating session 'fm-socrates'...
[colab] Backend rejected accelerator 'L4'. You may not have quota or entitlement for this accelerator on your account. Try a different one (e.g. --gpu T4) or omit --gpu/--tpu for a CPU runtime.

2026-09-05 15:55:35 fm-socrates: L4 unavailable — trying next
2026-09-05 15:55:37 + colab --auth=adc new -s fm-socrates --gpu T4
2026-09-05 15:55:38 se Body: {response.text}")           │
│   195 │   │   if not response.ok:                                            │
│ ❱ 196 │   │   │   raise ColabRequestError(                                   │
│   197 │   │   │   │   f"Failed to issue request {method} {endpoint}:         │
│       {response.reason}",                                                    │
│   198 │   │   │   │   request=response.request,                              │
│   199 │   │   │   │   response=response,                                     │
╰──────────────────────────────────────────────────────────────────────────────╯
ColabRequestError: Failed to issue request POST 
https://colab.research.google.com/tun/m/assign?nbh=f3bec2a6_0563_48d6_9f5d_26b9b
be0002b........&variant=GPU&accelerator=T4: Service Unavailable

2026-09-05 15:55:38 fm-socrates: assign T4 flaky — retry in 30s
2026-09-05 15:56:08 + colab --auth=adc new -s fm-socrates --gpu L4
2026-09-05 15:56:11 [colab] Creating session 'fm-socrates'...
[colab] Backend rejected accelerator 'L4'. You may not have quota or entitlement for this accelerator on your account. Try a different one (e.g. --gpu T4) or omit --gpu/--tpu for a CPU runtime.

2026-09-05 15:56:11 fm-socrates: L4 unavailable — trying next
2026-09-05 15:56:13 + colab --auth=adc new -s fm-socrates --gpu T4
2026-09-05 15:56:15 se Body: {response.text}")           │
│   195 │   │   if not response.ok:                                            │
│ ❱ 196 │   │   │   raise ColabRequestError(                                   │
│   197 │   │   │   │   f"Failed to issue request {method} {endpoint}:         │
│       {response.reason}",                                                    │
│   198 │   │   │   │   request=response.request,                              │
│   199 │   │   │   │   response=response,                                     │
╰──────────────────────────────────────────────────────────────────────────────╯
ColabRequestError: Failed to issue request POST 
https://colab.research.google.com/tun/m/assign?nbh=01ccc1f4_b64f_4fef_85fc_8c4aa
fd8b8b4........&variant=GPU&accelerator=T4: Service Unavailable

2026-09-05 15:56:15 fm-socrates: assign T4 flaky — retry in 30s
2026-09-05 15:56:45 + colab --auth=adc new -s fm-socrates --gpu L4
2026-09-05 15:56:46 [colab] Creating session 'fm-socrates'...
[colab] Backend rejected accelerator 'L4'. You may not have quota or entitlement for this accelerator on your account. Try a different one (e.g. --gpu T4) or omit --gpu/--tpu for a CPU runtime.

2026-09-05 15:56:46 fm-socrates: L4 unavailable — trying next
2026-09-05 15:56:48 + colab --auth=adc new -s fm-socrates --gpu T4
2026-09-05 15:56:51 se Body: {response.text}")           │
│   195 │   │   if not response.ok:                                            │
│ ❱ 196 │   │   │   raise ColabRequestError(                                   │
│   197 │   │   │   │   f"Failed to issue request {method} {endpoint}:         │
│       {response.reason}",                                                    │
│   198 │   │   │   │   request=response.request,                              │
│   199 │   │   │   │   response=response,                                     │
╰──────────────────────────────────────────────────────────────────────────────╯
ColabRequestError: Failed to issue request POST 
https://colab.research.google.com/tun/m/assign?nbh=41e688d4_42ae_4b64_be4d_5be06
3591b98........&variant=GPU&accelerator=T4: Service Unavailable

2026-09-05 15:56:51 fm-socrates: assign T4 flaky — retry in 30s
2026-09-05 15:57:21 + colab --auth=adc new -s fm-socrates --gpu L4
2026-09-05 15:57:22 [colab] Creating session 'fm-socrates'...
[colab] Backend rejected accelerator 'L4'. You may not have quota or entitlement for this accelerator on your account. Try a different one (e.g. --gpu T4) or omit --gpu/--tpu for a CPU runtime.

2026-09-05 15:57:22 fm-socrates: L4 unavailable — trying next
2026-09-05 15:57:24 + colab --auth=adc new -s fm-socrates --gpu T4
2026-09-05 15:57:26 se Body: {response.text}")           │
│   195 │   │   if not response.ok:                                            │
│ ❱ 196 │   │   │   raise ColabRequestError(                                   │
│   197 │   │   │   │   f"Failed to issue request {method} {endpoint}:         │
│       {response.reason}",                                                    │
│   198 │   │   │   │   request=response.request,                              │
│   199 │   │   │   │   response=response,                                     │
╰──────────────────────────────────────────────────────────────────────────────╯
ColabRequestError: Failed to issue request POST 
https://colab.research.google.com/tun/m/assign?nbh=4eaed867_0a31_4c79_9f80_aba7c
1f9426c........&variant=GPU&accelerator=T4: Service Unavailable

2026-09-05 15:57:26 fm-socrates: assign T4 flaky — retry in 30s
2026-09-05 15:57:56 + colab --auth=adc new -s fm-socrates --gpu L4
2026-09-05 15:57:57 [colab] Creating session 'fm-socrates'...
[colab] Backend rejected accelerator 'L4'. You may not have quota or entitlement for this accelerator on your account. Try a different one (e.g. --gpu T4) or omit --gpu/--tpu for a CPU runtime.

2026-09-05 15:57:57 fm-socrates: L4 unavailable — trying next
2026-09-05 15:57:59 + colab --auth=adc new -s fm-socrates --gpu T4
2026-09-05 15:58:00 se Body: {response.text}")           │
│   195 │   │   if not response.ok:                                            │
│ ❱ 196 │   │   │   raise ColabRequestError(                                   │
│   197 │   │   │   │   f"Failed to issue request {method} {endpoint}:         │
│       {response.reason}",                                                    │
│   198 │   │   │   │   request=response.request,                              │
│   199 │   │   │   │   response=response,                                     │
╰──────────────────────────────────────────────────────────────────────────────╯
ColabRequestError: Failed to issue request POST 
https://colab.research.google.com/tun/m/assign?nbh=05f284ef_0244_4e86_a82f_2f78c
e9fdce6........&variant=GPU&accelerator=T4: Service Unavailable

2026-09-05 15:58:00 fm-socrates: assign T4 flaky — retry in 30s
2026-09-05 15:58:30 + colab --auth=adc new -s fm-socrates --gpu L4
2026-09-05 15:58:32 [colab] Creating session 'fm-socrates'...
[colab] Backend rejected accelerator 'L4'. You may not have quota or entitlement for this accelerator on your account. Try a different one (e.g. --gpu T4) or omit --gpu/--tpu for a CPU runtime.

2026-09-05 15:58:32 fm-socrates: L4 unavailable — trying next
2026-09-05 15:58:34 + colab --auth=adc new -s fm-socrates --gpu T4
2026-09-05 15:58:35 se Body: {response.text}")           │
│   195 │   │   if not response.ok:                                            │
│ ❱ 196 │   │   │   raise ColabRequestError(                                   │
│   197 │   │   │   │   f"Failed to issue request {method} {endpoint}:         │
│       {response.reason}",                                                    │
│   198 │   │   │   │   request=response.request,                              │
│   199 │   │   │   │   response=response,                                     │
╰──────────────────────────────────────────────────────────────────────────────╯
ColabRequestError: Failed to issue request POST 
https://colab.research.google.com/tun/m/assign?nbh=207f6611_2f43_49da_9fad_78585
8b077f6........&variant=GPU&accelerator=T4: Service Unavailable

2026-09-05 15:58:35 fm-socrates: assign T4 flaky — retry in 30s
2026-09-05 15:59:05 + colab --auth=adc new -s fm-socrates --gpu L4
2026-09-05 15:59:08 [colab] Creating session 'fm-socrates'...
[colab] Backend rejected accelerator 'L4'. You may not have quota or entitlement for this accelerator on your account. Try a different one (e.g. --gpu T4) or omit --gpu/--tpu for a CPU runtime.

2026-09-05 15:59:08 fm-socrates: L4 unavailable — trying next
2026-09-05 15:59:10 + colab --auth=adc new -s fm-socrates --gpu T4
2026-09-05 15:59:13 se Body: {response.text}")           │
│   195 │   │   if not response.ok:                                            │
│ ❱ 196 │   │   │   raise ColabRequestError(                                   │
│   197 │   │   │   │   f"Failed to issue request {method} {endpoint}:         │
│       {response.reason}",                                                    │
│   198 │   │   │   │   request=response.request,                              │
│   199 │   │   │   │   response=response,                                     │
╰──────────────────────────────────────────────────────────────────────────────╯
ColabRequestError: Failed to issue request POST 
https://colab.research.google.com/tun/m/assign?nbh=d50ef878_9f6c_42d8_9558_c6da7
a0cd664........&variant=GPU&accelerator=T4: Service Unavailable

2026-09-05 15:59:13 fm-socrates: assign T4 flaky — retry in 30s
2026-09-05 15:59:43 + colab --auth=adc new -s fm-socrates --gpu L4
2026-09-05 15:59:44 [colab] Creating session 'fm-socrates'...
[colab] Backend rejected accelerator 'L4'. You may not have quota or entitlement for this accelerator on your account. Try a different one (e.g. --gpu T4) or omit --gpu/--tpu for a CPU runtime.

2026-09-05 15:59:44 fm-socrates: L4 unavailable — trying next
2026-09-05 15:59:46 + colab --auth=adc new -s fm-socrates --gpu T4
2026-09-05 15:59:47 se Body: {response.text}")           │
│   195 │   │   if not response.ok:                                            │
│ ❱ 196 │   │   │   raise ColabRequestError(                                   │
│   197 │   │   │   │   f"Failed to issue request {method} {endpoint}:         │
│       {response.reason}",                                                    │
│   198 │   │   │   │   request=response.request,                              │
│   199 │   │   │   │   response=response,                                     │
╰──────────────────────────────────────────────────────────────────────────────╯
ColabRequestError: Failed to issue request POST 
https://colab.research.google.com/tun/m/assign?nbh=f5f4131e_2395_4f67_946f_bd755
bba7206........&variant=GPU&accelerator=T4: Service Unavailable

2026-09-05 15:59:47 fm-socrates: assign T4 flaky — retry in 30s
2026-09-05 16:00:17 + colab --auth=adc new -s fm-socrates --gpu L4
2026-09-05 16:00:19 [colab] Creating session 'fm-socrates'...
[colab] Backend rejected accelerator 'L4'. You may not have quota or entitlement for this accelerator on your account. Try a different one (e.g. --gpu T4) or omit --gpu/--tpu for a CPU runtime.

2026-09-05 16:00:19 fm-socrates: L4 unavailable — trying next
2026-09-05 16:00:21 + colab --auth=adc new -s fm-socrates --gpu T4
2026-09-05 16:00:22 se Body: {response.text}")           │
│   195 │   │   if not response.ok:                                            │
│ ❱ 196 │   │   │   raise ColabRequestError(                                   │
│   197 │   │   │   │   f"Failed to issue request {method} {endpoint}:         │
│       {response.reason}",                                                    │
│   198 │   │   │   │   request=response.request,                              │
│   199 │   │   │   │   response=response,                                     │
╰──────────────────────────────────────────────────────────────────────────────╯
ColabRequestError: Failed to issue request POST 
https://colab.research.google.com/tun/m/assign?nbh=bde30fb4_b474_4812_89d5_88f3b
b3852fa........&variant=GPU&accelerator=T4: Service Unavailable

2026-09-05 16:00:22 fm-socrates: assign T4 flaky — retry in 30s
2026-09-05 16:00:52 + colab --auth=adc new -s fm-socrates --gpu L4
2026-09-05 16:00:55 [colab] Creating session 'fm-socrates'...
[colab] Backend rejected accelerator 'L4'. You may not have quota or entitlement for this accelerator on your account. Try a different one (e.g. --gpu T4) or omit --gpu/--tpu for a CPU runtime.

2026-09-05 16:00:55 fm-socrates: L4 unavailable — trying next
2026-09-05 16:00:57 + colab --auth=adc new -s fm-socrates --gpu T4
2026-09-05 16:00:59 se Body: {response.text}")           │
│   195 │   │   if not response.ok:                                            │
│ ❱ 196 │   │   │   raise ColabRequestError(                                   │
│   197 │   │   │   │   f"Failed to issue request {method} {endpoint}:         │
│       {response.reason}",                                                    │
│   198 │   │   │   │   request=response.request,                              │
│   199 │   │   │   │   response=response,                                     │
╰──────────────────────────────────────────────────────────────────────────────╯
ColabRequestError: Failed to issue request POST 
https://colab.research.google.com/tun/m/assign?nbh=d138f0a1_5955_4934_a22b_75a2a
707d3b2........&variant=GPU&accelerator=T4: Service Unavailable

2026-09-05 16:00:59 fm-socrates: assign T4 flaky — retry in 30s
2026-09-05 16:01:29 + colab --auth=adc new -s fm-socrates --gpu L4
2026-09-05 16:01:34 [colab] Creating session 'fm-socrates'...
[colab] Backend rejected accelerator 'L4'. You may not have quota or entitlement for this accelerator on your account. Try a different one (e.g. --gpu T4) or omit --gpu/--tpu for a CPU runtime.

2026-09-05 16:01:34 fm-socrates: L4 unavailable — trying next
2026-09-05 16:01:36 + colab --auth=adc new -s fm-socrates --gpu T4
2026-09-05 16:01:41 se Body: {response.text}")           │
│   195 │   │   if not response.ok:                                            │
│ ❱ 196 │   │   │   raise ColabRequestError(                                   │
│   197 │   │   │   │   f"Failed to issue request {method} {endpoint}:         │
│       {response.reason}",                                                    │
│   198 │   │   │   │   request=response.request,                              │
│   199 │   │   │   │   response=response,                                     │
╰──────────────────────────────────────────────────────────────────────────────╯
ColabRequestError: Failed to issue request POST 
https://colab.research.google.com/tun/m/assign?nbh=61de05bd_40ce_478e_b888_af397
c63029e........&variant=GPU&accelerator=T4: Service Unavailable

2026-09-05 16:01:41 fm-socrates: assign T4 flaky — retry in 30s
2026-09-05 16:02:11 + colab --auth=adc new -s fm-socrates --gpu L4
2026-09-05 16:02:14 [colab] Creating session 'fm-socrates'...
[colab] Backend rejected accelerator 'L4'. You may not have quota or entitlement for this accelerator on your account. Try a different one (e.g. --gpu T4) or omit --gpu/--tpu for a CPU runtime.

2026-09-05 16:02:14 fm-socrates: L4 unavailable — trying next
2026-09-05 16:02:16 + colab --auth=adc new -s fm-socrates --gpu T4
2026-09-05 16:02:17 se Body: {response.text}")           │
│   195 │   │   if not response.ok:                                            │
│ ❱ 196 │   │   │   raise ColabRequestError(                                   │
│   197 │   │   │   │   f"Failed to issue request {method} {endpoint}:         │
│       {response.reason}",                                                    │
│   198 │   │   │   │   request=response.request,                              │
│   199 │   │   │   │   response=response,                                     │
╰──────────────────────────────────────────────────────────────────────────────╯
ColabRequestError: Failed to issue request POST 
https://colab.research.google.com/tun/m/assign?nbh=9e60e790_3716_459a_9e25_ab8b0
09af410........&variant=GPU&accelerator=T4: Service Unavailable

2026-09-05 16:02:17 fm-socrates: assign T4 flaky — retry in 30s
2026-09-05 16:02:47 + colab --auth=adc new -s fm-socrates --gpu L4
2026-09-05 16:02:52 [colab] Creating session 'fm-socrates'...
[colab] Backend rejected accelerator 'L4'. You may not have quota or entitlement for this accelerator on your account. Try a different one (e.g. --gpu T4) or omit --gpu/--tpu for a CPU runtime.

2026-09-05 16:02:52 fm-socrates: L4 unavailable — trying next
2026-09-05 16:02:54 + colab --auth=adc new -s fm-socrates --gpu T4
2026-09-05 16:02:56 se Body: {response.text}")           │
│   195 │   │   if not response.ok:                                            │
│ ❱ 196 │   │   │   raise ColabRequestError(                                   │
│   197 │   │   │   │   f"Failed to issue request {method} {endpoint}:         │
│       {response.reason}",                                                    │
│   198 │   │   │   │   request=response.request,                              │
│   199 │   │   │   │   response=response,                                     │
╰──────────────────────────────────────────────────────────────────────────────╯
ColabRequestError: Failed to issue request POST 
https://colab.research.google.com/tun/m/assign?nbh=22526561_e803_487b_ae05_747c4
da68b38........&variant=GPU&accelerator=T4: Service Unavailable

2026-09-05 16:02:56 fm-socrates: assign T4 flaky — retry in 30s
2026-09-05 16:03:26 + colab --auth=adc new -s fm-socrates --gpu L4
2026-09-05 16:03:27 [colab] Creating session 'fm-socrates'...
[colab] Backend rejected accelerator 'L4'. You may not have quota or entitlement for this accelerator on your account. Try a different one (e.g. --gpu T4) or omit --gpu/--tpu for a CPU runtime.

2026-09-05 16:03:27 fm-socrates: L4 unavailable — trying next
2026-09-05 16:03:29 + colab --auth=adc new -s fm-socrates --gpu T4
2026-09-05 16:03:31 se Body: {response.text}")           │
│   195 │   │   if not response.ok:                                            │
│ ❱ 196 │   │   │   raise ColabRequestError(                                   │
│   197 │   │   │   │   f"Failed to issue request {method} {endpoint}:         │
│       {response.reason}",                                                    │
│   198 │   │   │   │   request=response.request,                              │
│   199 │   │   │   │   response=response,                                     │
╰──────────────────────────────────────────────────────────────────────────────╯
ColabRequestError: Failed to issue request POST 
https://colab.research.google.com/tun/m/assign?nbh=7601c168_3fbe_412c_a728_bb8b5
911eac4........&variant=GPU&accelerator=T4: Service Unavailable

2026-09-05 16:03:31 fm-socrates: assign T4 flaky — retry in 30s
2026-09-05 16:04:01 + colab --auth=adc new -s fm-socrates --gpu L4
2026-09-05 16:04:02 [colab] Creating session 'fm-socrates'...
[colab] Backend rejected accelerator 'L4'. You may not have quota or entitlement for this accelerator on your account. Try a different one (e.g. --gpu T4) or omit --gpu/--tpu for a CPU runtime.

2026-09-05 16:04:02 fm-socrates: L4 unavailable — trying next
2026-09-05 16:04:04 + colab --auth=adc new -s fm-socrates --gpu T4
2026-09-05 16:04:05 se Body: {response.text}")           │
│   195 │   │   if not response.ok:                                            │
│ ❱ 196 │   │   │   raise ColabRequestError(                                   │
│   197 │   │   │   │   f"Failed to issue request {method} {endpoint}:         │
│       {response.reason}",                                                    │
│   198 │   │   │   │   request=response.request,                              │
│   199 │   │   │   │   response=response,                                     │
╰──────────────────────────────────────────────────────────────────────────────╯
ColabRequestError: Failed to issue request POST 
https://colab.research.google.com/tun/m/assign?nbh=bb673360_cb5a_44e8_9dc5_8fc18
4d26a53........&variant=GPU&accelerator=T4: Service Unavailable

2026-09-05 16:04:05 fm-socrates: assign T4 flaky — retry in 30s
2026-09-05 16:04:35 + colab --auth=adc new -s fm-socrates --gpu L4
2026-09-05 16:04:37 [colab] Creating session 'fm-socrates'...
[colab] Backend rejected accelerator 'L4'. You may not have quota or entitlement for this accelerator on your account. Try a different one (e.g. --gpu T4) or omit --gpu/--tpu for a CPU runtime.

2026-09-05 16:04:37 fm-socrates: L4 unavailable — trying next
2026-09-05 16:04:39 + colab --auth=adc new -s fm-socrates --gpu T4
2026-09-05 16:04:41 se Body: {response.text}")           │
│   195 │   │   if not response.ok:                                            │
│ ❱ 196 │   │   │   raise ColabRequestError(                                   │
│   197 │   │   │   │   f"Failed to issue request {method} {endpoint}:         │
│       {response.reason}",                                                    │
│   198 │   │   │   │   request=response.request,                              │
│   199 │   │   │   │   response=response,                                     │
╰──────────────────────────────────────────────────────────────────────────────╯
ColabRequestError: Failed to issue request POST 
https://colab.research.google.com/tun/m/assign?nbh=4eccf90e_a5a8_4496_99a4_08044
7c9ee8c........&variant=GPU&accelerator=T4: Service Unavailable

2026-09-05 16:04:41 fm-socrates: assign T4 flaky — retry in 30s
2026-09-05 16:05:11 + colab --auth=adc new -s fm-socrates --gpu L4
2026-09-05 16:05:18 [colab] Creating session 'fm-socrates'...
[colab] Backend rejected accelerator 'L4'. You may not have quota or entitlement for this accelerator on your account. Try a different one (e.g. --gpu T4) or omit --gpu/--tpu for a CPU runtime.

2026-09-05 16:05:18 fm-socrates: L4 unavailable — trying next
2026-09-05 16:05:20 + colab --auth=adc new -s fm-socrates --gpu T4
2026-09-05 16:05:25 se Body: {response.text}")           │
│   195 │   │   if not response.ok:                                            │
│ ❱ 196 │   │   │   raise ColabRequestError(                                   │
│   197 │   │   │   │   f"Failed to issue request {method} {endpoint}:         │
│       {response.reason}",                                                    │
│   198 │   │   │   │   request=response.request,                              │
│   199 │   │   │   │   response=response,                                     │
╰──────────────────────────────────────────────────────────────────────────────╯
ColabRequestError: Failed to issue request POST 
https://colab.research.google.com/tun/m/assign?nbh=04f6e881_b747_4794_bff8_b9c9c
b925d53........&variant=GPU&accelerator=T4: Service Unavailable

2026-09-05 16:05:25 fm-socrates: assign T4 flaky — retry in 30s
2026-09-05 16:05:55 + colab --auth=adc new -s fm-socrates --gpu L4
2026-09-05 16:05:57 [colab] Creating session 'fm-socrates'...
[colab] Backend rejected accelerator 'L4'. You may not have quota or entitlement for this accelerator on your account. Try a different one (e.g. --gpu T4) or omit --gpu/--tpu for a CPU runtime.

2026-09-05 16:05:57 fm-socrates: L4 unavailable — trying next
2026-09-05 16:05:59 + colab --auth=adc new -s fm-socrates --gpu T4
2026-09-05 16:06:00 se Body: {response.text}")           │
│   195 │   │   if not response.ok:                                            │
│ ❱ 196 │   │   │   raise ColabRequestError(                                   │
│   197 │   │   │   │   f"Failed to issue request {method} {endpoint}:         │
│       {response.reason}",                                                    │
│   198 │   │   │   │   request=response.request,                              │
│   199 │   │   │   │   response=response,                                     │
╰──────────────────────────────────────────────────────────────────────────────╯
ColabRequestError: Failed to issue request POST 
https://colab.research.google.com/tun/m/assign?nbh=e089e72d_d5e7_4f69_8800_8759f
0a15f37........&variant=GPU&accelerator=T4: Service Unavailable

2026-09-05 16:06:00 fm-socrates: assign T4 flaky — retry in 30s
2026-09-05 16:06:30 + colab --auth=adc new -s fm-socrates --gpu L4
2026-09-05 16:06:35 [colab] Creating session 'fm-socrates'...
[colab] Backend rejected accelerator 'L4'. You may not have quota or entitlement for this accelerator on your account. Try a different one (e.g. --gpu T4) or omit --gpu/--tpu for a CPU runtime.

2026-09-05 16:06:35 fm-socrates: L4 unavailable — trying next
2026-09-05 16:06:37 + colab --auth=adc new -s fm-socrates --gpu T4
2026-09-05 16:06:38 se Body: {response.text}")           │
│   195 │   │   if not response.ok:                                            │
│ ❱ 196 │   │   │   raise ColabRequestError(                                   │
│   197 │   │   │   │   f"Failed to issue request {method} {endpoint}:         │
│       {response.reason}",                                                    │
│   198 │   │   │   │   request=response.request,                              │
│   199 │   │   │   │   response=response,                                     │
╰──────────────────────────────────────────────────────────────────────────────╯
ColabRequestError: Failed to issue request POST 
https://colab.research.google.com/tun/m/assign?nbh=60fabf4e_7c46_446e_bc7c_ff281
5348d11........&variant=GPU&accelerator=T4: Service Unavailable

2026-09-05 16:06:38 fm-socrates: assign T4 flaky — retry in 30s
2026-09-05 16:07:08 + colab --auth=adc new -s fm-socrates --gpu L4
2026-09-05 16:07:14 [colab] Creating session 'fm-socrates'...
[colab] Backend rejected accelerator 'L4'. You may not have quota or entitlement for this accelerator on your account. Try a different one (e.g. --gpu T4) or omit --gpu/--tpu for a CPU runtime.

2026-09-05 16:07:14 fm-socrates: L4 unavailable — trying next
2026-09-05 16:07:16 + colab --auth=adc new -s fm-socrates --gpu T4
2026-09-05 16:07:37 se Body: {response.text}")           │
│   195 │   │   if not response.ok:                                            │
│ ❱ 196 │   │   │   raise ColabRequestError(                                   │
│   197 │   │   │   │   f"Failed to issue request {method} {endpoint}:         │
│       {response.reason}",                                                    │
│   198 │   │   │   │   request=response.request,                              │
│   199 │   │   │   │   response=response,                                     │
╰──────────────────────────────────────────────────────────────────────────────╯
ColabRequestError: Failed to issue request POST 
https://colab.research.google.com/tun/m/assign?nbh=260c9d88_a484_4ec8_8edf_e0db5
edfb5e3........&variant=GPU&accelerator=T4: Service Unavailable

2026-09-05 16:07:37 fm-socrates: assign T4 flaky — retry in 30s
2026-09-05 16:08:07 + colab --auth=adc new -s fm-socrates --gpu L4
2026-09-05 16:08:17 [colab] Creating session 'fm-socrates'...
[colab] Backend rejected accelerator 'L4'. You may not have quota or entitlement for this accelerator on your account. Try a different one (e.g. --gpu T4) or omit --gpu/--tpu for a CPU runtime.

2026-09-05 16:08:17 fm-socrates: L4 unavailable — trying next
2026-09-05 16:08:19 + colab --auth=adc new -s fm-socrates --gpu T4
2026-09-05 16:08:23 se Body: {response.text}")           │
│   195 │   │   if not response.ok:                                            │
│ ❱ 196 │   │   │   raise ColabRequestError(                                   │
│   197 │   │   │   │   f"Failed to issue request {method} {endpoint}:         │
│       {response.reason}",                                                    │
│   198 │   │   │   │   request=response.request,                              │
│   199 │   │   │   │   response=response,                                     │
╰──────────────────────────────────────────────────────────────────────────────╯
ColabRequestError: Failed to issue request POST 
https://colab.research.google.com/tun/m/assign?nbh=64eb9c26_996f_4f96_9936_5901f
c6b32c8........&variant=GPU&accelerator=T4: Service Unavailable

2026-09-05 16:08:23 fm-socrates: assign T4 flaky — retry in 30s
2026-09-05 16:08:53 + colab --auth=adc new -s fm-socrates --gpu L4
2026-09-05 16:09:11 [colab] Creating session 'fm-socrates'...
[colab] Backend rejected accelerator 'L4'. You may not have quota or entitlement for this accelerator on your account. Try a different one (e.g. --gpu T4) or omit --gpu/--tpu for a CPU runtime.

2026-09-05 16:09:11 fm-socrates: L4 unavailable — trying next
2026-09-05 16:09:13 + colab --auth=adc new -s fm-socrates --gpu T4
2026-09-05 16:09:25 se Body: {response.text}")           │
│   195 │   │   if not response.ok:                                            │
│ ❱ 196 │   │   │   raise ColabRequestError(                                   │
│   197 │   │   │   │   f"Failed to issue request {method} {endpoint}:         │
│       {response.reason}",                                                    │
│   198 │   │   │   │   request=response.request,                              │
│   199 │   │   │   │   response=response,                                     │
╰──────────────────────────────────────────────────────────────────────────────╯
ColabRequestError: Failed to issue request POST 
https://colab.research.google.com/tun/m/assign?nbh=060b97eb_66df_46e0_9bea_62ed4
82a235c........&variant=GPU&accelerator=T4: Service Unavailable

2026-09-05 16:09:25 fm-socrates: assign T4 flaky — retry in 30s
2026-09-05 16:09:55 + colab --auth=adc new -s fm-socrates --gpu L4
2026-09-05 16:10:20 [colab] Creating session 'fm-socrates'...
[colab] Backend rejected accelerator 'L4'. You may not have quota or entitlement for this accelerator on your account. Try a different one (e.g. --gpu T4) or omit --gpu/--tpu for a CPU runtime.

2026-09-05 16:10:20 fm-socrates: L4 unavailable — trying next
2026-09-05 16:10:22 + colab --auth=adc new -s fm-socrates --gpu T4
2026-09-05 16:10:49 se Body: {response.text}")           │
│   195 │   │   if not response.ok:                                            │
│ ❱ 196 │   │   │   raise ColabRequestError(                                   │
│   197 │   │   │   │   f"Failed to issue request {method} {endpoint}:         │
│       {response.reason}",                                                    │
│   198 │   │   │   │   request=response.request,                              │
│   199 │   │   │   │   response=response,                                     │
╰──────────────────────────────────────────────────────────────────────────────╯
ColabRequestError: Failed to issue request POST 
https://colab.research.google.com/tun/m/assign?nbh=23f41fe8_7128_4bd6_8cec_9d48f
1abe381........&variant=GPU&accelerator=T4: Service Unavailable

2026-09-05 16:10:49 fm-socrates: assign T4 flaky — retry in 30s
2026-09-05 16:11:19 + colab --auth=adc new -s fm-socrates --gpu L4
2026-09-05 16:11:39 [colab] Creating session 'fm-socrates'...
[colab] Backend rejected accelerator 'L4'. You may not have quota or entitlement for this accelerator on your account. Try a different one (e.g. --gpu T4) or omit --gpu/--tpu for a CPU runtime.

2026-09-05 16:11:39 fm-socrates: L4 unavailable — trying next
2026-09-05 16:11:41 + colab --auth=adc new -s fm-socrates --gpu T4
2026-09-05 16:11:49 se Body: {response.text}")           │
│   195 │   │   if not response.ok:                                            │
│ ❱ 196 │   │   │   raise ColabRequestError(                                   │
│   197 │   │   │   │   f"Failed to issue request {method} {endpoint}:         │
│       {response.reason}",                                                    │
│   198 │   │   │   │   request=response.request,                              │
│   199 │   │   │   │   response=response,                                     │
╰──────────────────────────────────────────────────────────────────────────────╯
ColabRequestError: Failed to issue request POST 
https://colab.research.google.com/tun/m/assign?nbh=7ee4ff64_c5d5_45fa_bcad_77952
dfbb147........&variant=GPU&accelerator=T4: Service Unavailable

2026-09-05 16:11:49 fm-socrates: assign T4 flaky — retry in 30s
2026-09-05 16:12:20 + colab --auth=adc new -s fm-socrates --gpu L4
2026-09-05 16:12:44 [colab] Creating session 'fm-socrates'...
[colab] Backend rejected accelerator 'L4'. You may not have quota or entitlement for this accelerator on your account. Try a different one (e.g. --gpu T4) or omit --gpu/--tpu for a CPU runtime.

2026-09-05 16:12:44 fm-socrates: L4 unavailable — trying next
2026-09-05 16:12:46 + colab --auth=adc new -s fm-socrates --gpu T4
2026-09-05 16:12:53 se Body: {response.text}")           │
│   195 │   │   if not response.ok:                                            │
│ ❱ 196 │   │   │   raise ColabRequestError(                                   │
│   197 │   │   │   │   f"Failed to issue request {method} {endpoint}:         │
│       {response.reason}",                                                    │
│   198 │   │   │   │   request=response.request,                              │
│   199 │   │   │   │   response=response,                                     │
╰──────────────────────────────────────────────────────────────────────────────╯
ColabRequestError: Failed to issue request POST 
https://colab.research.google.com/tun/m/assign?nbh=7dd3ff06_7faa_48b4_8772_015a0
5097594........&variant=GPU&accelerator=T4: Service Unavailable

2026-09-05 16:12:53 fm-socrates: assign T4 flaky — retry in 30s
2026-09-05 16:13:24 + colab --auth=adc new -s fm-socrates --gpu L4
2026-09-05 16:13:27 [colab] Creating session 'fm-socrates'...
[colab] Backend rejected accelerator 'L4'. You may not have quota or entitlement for this accelerator on your account. Try a different one (e.g. --gpu T4) or omit --gpu/--tpu for a CPU runtime.

2026-09-05 16:13:27 fm-socrates: L4 unavailable — trying next
2026-09-05 16:13:29 + colab --auth=adc new -s fm-socrates --gpu T4
2026-09-05 16:13:38 se Body: {response.text}")           │
│   195 │   │   if not response.ok:                                            │
│ ❱ 196 │   │   │   raise ColabRequestError(                                   │
│   197 │   │   │   │   f"Failed to issue request {method} {endpoint}:         │
│       {response.reason}",                                                    │
│   198 │   │   │   │   request=response.request,                              │
│   199 │   │   │   │   response=response,                                     │
╰──────────────────────────────────────────────────────────────────────────────╯
ColabRequestError: Failed to issue request POST 
https://colab.research.google.com/tun/m/assign?nbh=5cafc138_13b0_4b30_9dc2_7c481
68bd5c9........&variant=GPU&accelerator=T4: Service Unavailable

2026-09-05 16:13:38 fm-socrates: assign T4 flaky — retry in 30s
2026-09-05 16:14:08 + colab --auth=adc new -s fm-socrates --gpu L4
2026-09-05 16:14:13 [colab] Creating session 'fm-socrates'...
[colab] Backend rejected accelerator 'L4'. You may not have quota or entitlement for this accelerator on your account. Try a different one (e.g. --gpu T4) or omit --gpu/--tpu for a CPU runtime.

2026-09-05 16:14:13 fm-socrates: L4 unavailable — trying next
2026-09-05 16:14:15 + colab --auth=adc new -s fm-socrates --gpu T4
2026-09-05 16:14:24 se Body: {response.text}")           │
│   195 │   │   if not response.ok:                                            │
│ ❱ 196 │   │   │   raise ColabRequestError(                                   │
│   197 │   │   │   │   f"Failed to issue request {method} {endpoint}:         │
│       {response.reason}",                                                    │
│   198 │   │   │   │   request=response.request,                              │
│   199 │   │   │   │   response=response,                                     │
╰──────────────────────────────────────────────────────────────────────────────╯
ColabRequestError: Failed to issue request POST 
https://colab.research.google.com/tun/m/assign?nbh=cca5c595_cbab_43d0_816b_c4dd5
136956e........&variant=GPU&accelerator=T4: Service Unavailable

2026-09-05 16:14:24 fm-socrates: assign T4 flaky — retry in 30s
2026-09-05 16:14:54 + colab --auth=adc new -s fm-socrates --gpu L4
2026-09-05 16:15:08 [colab] Creating session 'fm-socrates'...
[colab] Backend rejected accelerator 'L4'. You may not have quota or entitlement for this accelerator on your account. Try a different one (e.g. --gpu T4) or omit --gpu/--tpu for a CPU runtime.

2026-09-05 16:15:08 fm-socrates: L4 unavailable — trying next
2026-09-05 16:15:10 + colab --auth=adc new -s fm-socrates --gpu T4
2026-09-05 16:15:13 se Body: {response.text}")           │
│   195 │   │   if not response.ok:                                            │
│ ❱ 196 │   │   │   raise ColabRequestError(                                   │
│   197 │   │   │   │   f"Failed to issue request {method} {endpoint}:         │
│       {response.reason}",                                                    │
│   198 │   │   │   │   request=response.request,                              │
│   199 │   │   │   │   response=response,                                     │
╰──────────────────────────────────────────────────────────────────────────────╯
ColabRequestError: Failed to issue request POST 
https://colab.research.google.com/tun/m/assign?nbh=0922ddd8_9b1b_4945_ac3e_c1e47
39e1533........&variant=GPU&accelerator=T4: Service Unavailable

2026-09-05 16:15:13 fm-socrates: assign T4 flaky — retry in 30s
2026-09-05 16:15:43 + colab --auth=adc new -s fm-socrates --gpu L4
2026-09-05 16:15:54 [colab] Creating session 'fm-socrates'...
[colab] Backend rejected accelerator 'L4'. You may not have quota or entitlement for this accelerator on your account. Try a different one (e.g. --gpu T4) or omit --gpu/--tpu for a CPU runtime.

2026-09-05 16:15:54 fm-socrates: L4 unavailable — trying next
2026-09-05 16:15:56 + colab --auth=adc new -s fm-socrates --gpu T4
2026-09-05 16:15:59 se Body: {response.text}")           │
│   195 │   │   if not response.ok:                                            │
│ ❱ 196 │   │   │   raise ColabRequestError(                                   │
│   197 │   │   │   │   f"Failed to issue request {method} {endpoint}:         │
│       {response.reason}",                                                    │
│   198 │   │   │   │   request=response.request,                              │
│   199 │   │   │   │   response=response,                                     │
╰──────────────────────────────────────────────────────────────────────────────╯
ColabRequestError: Failed to issue request POST 
https://colab.research.google.com/tun/m/assign?nbh=8e031b50_7b57_4e2b_b29e_1f6cc
a3ca0ad........&variant=GPU&accelerator=T4: Service Unavailable

2026-09-05 16:15:59 fm-socrates: assign T4 flaky — retry in 30s
2026-09-05 16:16:30 + colab --auth=adc new -s fm-socrates --gpu L4
2026-09-05 16:16:31 [colab] Creating session 'fm-socrates'...
[colab] Backend rejected accelerator 'L4'. You may not have quota or entitlement for this accelerator on your account. Try a different one (e.g. --gpu T4) or omit --gpu/--tpu for a CPU runtime.

2026-09-05 16:16:31 fm-socrates: L4 unavailable — trying next
2026-09-05 16:16:33 + colab --auth=adc new -s fm-socrates --gpu T4
2026-09-05 16:16:35 se Body: {response.text}")           │
│   195 │   │   if not response.ok:                                            │
│ ❱ 196 │   │   │   raise ColabRequestError(                                   │
│   197 │   │   │   │   f"Failed to issue request {method} {endpoint}:         │
│       {response.reason}",                                                    │
│   198 │   │   │   │   request=response.request,                              │
│   199 │   │   │   │   response=response,                                     │
╰──────────────────────────────────────────────────────────────────────────────╯
ColabRequestError: Failed to issue request POST 
https://colab.research.google.com/tun/m/assign?nbh=2cc49256_891c_4608_ad39_a561c
a19f121........&variant=GPU&accelerator=T4: Service Unavailable

2026-09-05 16:16:35 fm-socrates: assign T4 flaky — retry in 30s
2026-09-05 16:17:05 + colab --auth=adc new -s fm-socrates --gpu L4
2026-09-05 16:17:06 [colab] Creating session 'fm-socrates'...
[colab] Backend rejected accelerator 'L4'. You may not have quota or entitlement for this accelerator on your account. Try a different one (e.g. --gpu T4) or omit --gpu/--tpu for a CPU runtime.

2026-09-05 16:17:06 fm-socrates: L4 unavailable — trying next
2026-09-05 16:17:08 + colab --auth=adc new -s fm-socrates --gpu T4
2026-09-05 16:17:09 se Body: {response.text}")           │
│   195 │   │   if not response.ok:                                            │
│ ❱ 196 │   │   │   raise ColabRequestError(                                   │
│   197 │   │   │   │   f"Failed to issue request {method} {endpoint}:         │
│       {response.reason}",                                                    │
│   198 │   │   │   │   request=response.request,                              │
│   199 │   │   │   │   response=response,                                     │
╰──────────────────────────────────────────────────────────────────────────────╯
ColabRequestError: Failed to issue request POST 
https://colab.research.google.com/tun/m/assign?nbh=ef38bafa_3a23_497b_b927_c8842
e581645........&variant=GPU&accelerator=T4: Service Unavailable

2026-09-05 16:17:09 fm-socrates: assign T4 flaky — retry in 30s
2026-09-05 16:17:39 + colab --auth=adc new -s fm-socrates --gpu L4
2026-09-05 16:17:41 [colab] Creating session 'fm-socrates'...
[colab] Backend rejected accelerator 'L4'. You may not have quota or entitlement for this accelerator on your account. Try a different one (e.g. --gpu T4) or omit --gpu/--tpu for a CPU runtime.

2026-09-05 16:17:41 fm-socrates: L4 unavailable — trying next
2026-09-05 16:17:43 + colab --auth=adc new -s fm-socrates --gpu T4
2026-09-05 16:17:44 se Body: {response.text}")           │
│   195 │   │   if not response.ok:                                            │
│ ❱ 196 │   │   │   raise ColabRequestError(                                   │
│   197 │   │   │   │   f"Failed to issue request {method} {endpoint}:         │
│       {response.reason}",                                                    │
│   198 │   │   │   │   request=response.request,                              │
│   199 │   │   │   │   response=response,                                     │
╰──────────────────────────────────────────────────────────────────────────────╯
ColabRequestError: Failed to issue request POST 
https://colab.research.google.com/tun/m/assign?nbh=c1c10c76_bab2_4503_b595_47397
3826692........&variant=GPU&accelerator=T4: Service Unavailable

2026-09-05 16:17:44 fm-socrates: assign T4 flaky — retry in 30s
2026-09-05 16:18:14 + colab --auth=adc new -s fm-socrates --gpu L4
2026-09-05 16:18:16 [colab] Creating session 'fm-socrates'...
[colab] Backend rejected accelerator 'L4'. You may not have quota or entitlement for this accelerator on your account. Try a different one (e.g. --gpu T4) or omit --gpu/--tpu for a CPU runtime.

2026-09-05 16:18:16 fm-socrates: L4 unavailable — trying next
2026-09-05 16:18:18 + colab --auth=adc new -s fm-socrates --gpu T4
2026-09-05 16:18:19 se Body: {response.text}")           │
│   195 │   │   if not response.ok:                                            │
│ ❱ 196 │   │   │   raise ColabRequestError(                                   │
│   197 │   │   │   │   f"Failed to issue request {method} {endpoint}:         │
│       {response.reason}",                                                    │
│   198 │   │   │   │   request=response.request,                              │
│   199 │   │   │   │   response=response,                                     │
╰──────────────────────────────────────────────────────────────────────────────╯
ColabRequestError: Failed to issue request POST 
https://colab.research.google.com/tun/m/assign?nbh=b6a6234a_ae05_44b6_991f_ef14d
5c91579........&variant=GPU&accelerator=T4: Service Unavailable

2026-09-05 16:18:19 fm-socrates: assign T4 flaky — retry in 30s
2026-09-05 16:18:49 + colab --auth=adc new -s fm-socrates --gpu L4
2026-09-05 16:18:50 [colab] Creating session 'fm-socrates'...
[colab] Backend rejected accelerator 'L4'. You may not have quota or entitlement for this accelerator on your account. Try a different one (e.g. --gpu T4) or omit --gpu/--tpu for a CPU runtime.

2026-09-05 16:18:50 fm-socrates: L4 unavailable — trying next
2026-09-05 16:18:52 + colab --auth=adc new -s fm-socrates --gpu T4
2026-09-05 16:18:54 se Body: {response.text}")           │
│   195 │   │   if not response.ok:                                            │
│ ❱ 196 │   │   │   raise ColabRequestError(                                   │
│   197 │   │   │   │   f"Failed to issue request {method} {endpoint}:         │
│       {response.reason}",                                                    │
│   198 │   │   │   │   request=response.request,                              │
│   199 │   │   │   │   response=response,                                     │
╰──────────────────────────────────────────────────────────────────────────────╯
ColabRequestError: Failed to issue request POST 
https://colab.research.google.com/tun/m/assign?nbh=ea423ecf_90ce_4ffa_beef_d0968
8c64762........&variant=GPU&accelerator=T4: Service Unavailable

2026-09-05 16:18:54 fm-socrates: assign T4 flaky — retry in 30s
2026-09-05 16:19:24 + colab --auth=adc new -s fm-socrates --gpu L4
2026-09-05 16:19:25 [colab] Creating session 'fm-socrates'...
[colab] Backend rejected accelerator 'L4'. You may not have quota or entitlement for this accelerator on your account. Try a different one (e.g. --gpu T4) or omit --gpu/--tpu for a CPU runtime.

2026-09-05 16:19:25 fm-socrates: L4 unavailable — trying next
2026-09-05 16:19:27 + colab --auth=adc new -s fm-socrates --gpu T4
2026-09-05 16:19:29 se Body: {response.text}")           │
│   195 │   │   if not response.ok:                                            │
│ ❱ 196 │   │   │   raise ColabRequestError(                                   │
│   197 │   │   │   │   f"Failed to issue request {method} {endpoint}:         │
│       {response.reason}",                                                    │
│   198 │   │   │   │   request=response.request,                              │
│   199 │   │   │   │   response=response,                                     │
╰──────────────────────────────────────────────────────────────────────────────╯
ColabRequestError: Failed to issue request POST 
https://colab.research.google.com/tun/m/assign?nbh=64c05f92_b97c_4792_8b05_1d338
976c7ea........&variant=GPU&accelerator=T4: Service Unavailable

2026-09-05 16:19:29 fm-socrates: assign T4 flaky — retry in 30s
2026-09-05 16:19:59 + colab --auth=adc new -s fm-socrates --gpu L4
2026-09-05 16:20:00 [colab] Creating session 'fm-socrates'...
[colab] Backend rejected accelerator 'L4'. You may not have quota or entitlement for this accelerator on your account. Try a different one (e.g. --gpu T4) or omit --gpu/--tpu for a CPU runtime.

2026-09-05 16:20:00 fm-socrates: L4 unavailable — trying next
2026-09-05 16:20:02 + colab --auth=adc new -s fm-socrates --gpu T4
2026-09-05 16:20:03 se Body: {response.text}")           │
│   195 │   │   if not response.ok:                                            │
│ ❱ 196 │   │   │   raise ColabRequestError(                                   │
│   197 │   │   │   │   f"Failed to issue request {method} {endpoint}:         │
│       {response.reason}",                                                    │
│   198 │   │   │   │   request=response.request,                              │
│   199 │   │   │   │   response=response,                                     │
╰──────────────────────────────────────────────────────────────────────────────╯
ColabRequestError: Failed to issue request POST 
https://colab.research.google.com/tun/m/assign?nbh=1c2d209e_8a75_42ce_bcc1_532f4
a65a7d6........&variant=GPU&accelerator=T4: Service Unavailable

2026-09-05 16:20:03 fm-socrates: assign T4 flaky — retry in 30s
2026-09-05 16:20:33 + colab --auth=adc new -s fm-socrates --gpu L4
2026-09-05 16:20:35 [colab] Creating session 'fm-socrates'...
[colab] Backend rejected accelerator 'L4'. You may not have quota or entitlement for this accelerator on your account. Try a different one (e.g. --gpu T4) or omit --gpu/--tpu for a CPU runtime.

2026-09-05 16:20:35 fm-socrates: L4 unavailable — trying next
2026-09-05 16:20:37 + colab --auth=adc new -s fm-socrates --gpu T4
2026-09-05 16:20:39 se Body: {response.text}")           │
│   195 │   │   if not response.ok:                                            │
│ ❱ 196 │   │   │   raise ColabRequestError(                                   │
│   197 │   │   │   │   f"Failed to issue request {method} {endpoint}:         │
│       {response.reason}",                                                    │
│   198 │   │   │   │   request=response.request,                              │
│   199 │   │   │   │   response=response,                                     │
╰──────────────────────────────────────────────────────────────────────────────╯
ColabRequestError: Failed to issue request POST 
https://colab.research.google.com/tun/m/assign?nbh=f6db2543_f5ec_45e0_ae41_eafc2
05c1c48........&variant=GPU&accelerator=T4: Service Unavailable

2026-09-05 16:20:39 fm-socrates: assign T4 flaky — retry in 30s
2026-09-05 16:21:09 + colab --auth=adc new -s fm-socrates --gpu L4
2026-09-05 16:21:10 [colab] Creating session 'fm-socrates'...
[colab] Backend rejected accelerator 'L4'. You may not have quota or entitlement for this accelerator on your account. Try a different one (e.g. --gpu T4) or omit --gpu/--tpu for a CPU runtime.

2026-09-05 16:21:10 fm-socrates: L4 unavailable — trying next
2026-09-05 16:21:12 + colab --auth=adc new -s fm-socrates --gpu T4
2026-09-05 16:21:14 se Body: {response.text}")           │
│   195 │   │   if not response.ok:                                            │
│ ❱ 196 │   │   │   raise ColabRequestError(                                   │
│   197 │   │   │   │   f"Failed to issue request {method} {endpoint}:         │
│       {response.reason}",                                                    │
│   198 │   │   │   │   request=response.request,                              │
│   199 │   │   │   │   response=response,                                     │
╰──────────────────────────────────────────────────────────────────────────────╯
ColabRequestError: Failed to issue request POST 
https://colab.research.google.com/tun/m/assign?nbh=f979acd6_4e65_4912_be71_f1050
3552dbf........&variant=GPU&accelerator=T4: Service Unavailable

2026-09-05 16:21:14 fm-socrates: assign T4 flaky — retry in 30s
2026-09-05 16:21:44 + colab --auth=adc new -s fm-socrates --gpu L4
2026-09-05 16:21:47 [colab] Creating session 'fm-socrates'...
[colab] Backend rejected accelerator 'L4'. You may not have quota or entitlement for this accelerator on your account. Try a different one (e.g. --gpu T4) or omit --gpu/--tpu for a CPU runtime.

2026-09-05 16:21:47 fm-socrates: L4 unavailable — trying next
2026-09-05 16:21:49 + colab --auth=adc new -s fm-socrates --gpu T4
2026-09-05 16:21:50 se Body: {response.text}")           │
│   195 │   │   if not response.ok:                                            │
│ ❱ 196 │   │   │   raise ColabRequestError(                                   │
│   197 │   │   │   │   f"Failed to issue request {method} {endpoint}:         │
│       {response.reason}",                                                    │
│   198 │   │   │   │   request=response.request,                              │
│   199 │   │   │   │   response=response,                                     │
╰──────────────────────────────────────────────────────────────────────────────╯
ColabRequestError: Failed to issue request POST 
https://colab.research.google.com/tun/m/assign?nbh=8af1a194_6564_4aec_9935_9aef8
e86a475........&variant=GPU&accelerator=T4: Service Unavailable

2026-09-05 16:21:50 fm-socrates: assign T4 flaky — retry in 30s
2026-09-05 16:22:20 + colab --auth=adc new -s fm-socrates --gpu L4
2026-09-05 16:22:22 [colab] Creating session 'fm-socrates'...
[colab] Backend rejected accelerator 'L4'. You may not have quota or entitlement for this accelerator on your account. Try a different one (e.g. --gpu T4) or omit --gpu/--tpu for a CPU runtime.

2026-09-05 16:22:22 fm-socrates: L4 unavailable — trying next
2026-09-05 16:22:24 + colab --auth=adc new -s fm-socrates --gpu T4
2026-09-05 16:22:25 se Body: {response.text}")           │
│   195 │   │   if not response.ok:                                            │
│ ❱ 196 │   │   │   raise ColabRequestError(                                   │
│   197 │   │   │   │   f"Failed to issue request {method} {endpoint}:         │
│       {response.reason}",                                                    │
│   198 │   │   │   │   request=response.request,                              │
│   199 │   │   │   │   response=response,                                     │
╰──────────────────────────────────────────────────────────────────────────────╯
ColabRequestError: Failed to issue request POST 
https://colab.research.google.com/tun/m/assign?nbh=66e2893d_0630_4a14_9660_15fd8
fdc4d73........&variant=GPU&accelerator=T4: Service Unavailable

2026-09-05 16:22:25 fm-socrates: assign T4 flaky — retry in 30s
2026-09-05 16:22:55 + colab --auth=adc new -s fm-socrates --gpu L4
2026-09-05 16:22:56 [colab] Creating session 'fm-socrates'...
[colab] Backend rejected accelerator 'L4'. You may not have quota or entitlement for this accelerator on your account. Try a different one (e.g. --gpu T4) or omit --gpu/--tpu for a CPU runtime.

2026-09-05 16:22:56 fm-socrates: L4 unavailable — trying next
2026-09-05 16:22:58 + colab --auth=adc new -s fm-socrates --gpu T4
2026-09-05 16:22:59 se Body: {response.text}")           │
│   195 │   │   if not response.ok:                                            │
│ ❱ 196 │   │   │   raise ColabRequestError(                                   │
│   197 │   │   │   │   f"Failed to issue request {method} {endpoint}:         │
│       {response.reason}",                                                    │
│   198 │   │   │   │   request=response.request,                              │
│   199 │   │   │   │   response=response,                                     │
╰──────────────────────────────────────────────────────────────────────────────╯
ColabRequestError: Failed to issue request POST 
https://colab.research.google.com/tun/m/assign?nbh=a2393ba9_a205_4460_9c75_7c9e2
662c66d........&variant=GPU&accelerator=T4: Service Unavailable

2026-09-05 16:22:59 fm-socrates: assign T4 flaky — retry in 30s
2026-09-05 16:23:29 + colab --auth=adc new -s fm-socrates --gpu L4
2026-09-05 16:23:31 [colab] Creating session 'fm-socrates'...
[colab] Backend rejected accelerator 'L4'. You may not have quota or entitlement for this accelerator on your account. Try a different one (e.g. --gpu T4) or omit --gpu/--tpu for a CPU runtime.

2026-09-05 16:23:31 fm-socrates: L4 unavailable — trying next
2026-09-05 16:23:33 + colab --auth=adc new -s fm-socrates --gpu T4
2026-09-05 16:23:34 se Body: {response.text}")           │
│   195 │   │   if not response.ok:                                            │
│ ❱ 196 │   │   │   raise ColabRequestError(                                   │
│   197 │   │   │   │   f"Failed to issue request {method} {endpoint}:         │
│       {response.reason}",                                                    │
│   198 │   │   │   │   request=response.request,                              │
│   199 │   │   │   │   response=response,                                     │
╰──────────────────────────────────────────────────────────────────────────────╯
ColabRequestError: Failed to issue request POST 
https://colab.research.google.com/tun/m/assign?nbh=10311dd9_9f1d_4086_8942_c704c
98331de........&variant=GPU&accelerator=T4: Service Unavailable

2026-09-05 16:23:34 fm-socrates: assign T4 flaky — retry in 30s
2026-09-05 16:24:04 + colab --auth=adc new -s fm-socrates --gpu L4
2026-09-05 16:24:06 [colab] Creating session 'fm-socrates'...
[colab] Backend rejected accelerator 'L4'. You may not have quota or entitlement for this accelerator on your account. Try a different one (e.g. --gpu T4) or omit --gpu/--tpu for a CPU runtime.

2026-09-05 16:24:06 fm-socrates: L4 unavailable — trying next
2026-09-05 16:24:08 + colab --auth=adc new -s fm-socrates --gpu T4
2026-09-05 16:24:10 se Body: {response.text}")           │
│   195 │   │   if not response.ok:                                            │
│ ❱ 196 │   │   │   raise ColabRequestError(                                   │
│   197 │   │   │   │   f"Failed to issue request {method} {endpoint}:         │
│       {response.reason}",                                                    │
│   198 │   │   │   │   request=response.request,                              │
│   199 │   │   │   │   response=response,                                     │
╰──────────────────────────────────────────────────────────────────────────────╯
ColabRequestError: Failed to issue request POST 
https://colab.research.google.com/tun/m/assign?nbh=7d721bb3_2fd7_44ea_93a0_06ef5
51b0b47........&variant=GPU&accelerator=T4: Service Unavailable

2026-09-05 16:24:10 fm-socrates: assign T4 flaky — retry in 30s
2026-09-05 16:24:40 + colab --auth=adc new -s fm-socrates --gpu L4
2026-09-05 16:24:43 [colab] Creating session 'fm-socrates'...
[colab] Backend rejected accelerator 'L4'. You may not have quota or entitlement for this accelerator on your account. Try a different one (e.g. --gpu T4) or omit --gpu/--tpu for a CPU runtime.

2026-09-05 16:24:43 fm-socrates: L4 unavailable — trying next
2026-09-05 16:24:45 + colab --auth=adc new -s fm-socrates --gpu T4
2026-09-05 16:24:46 se Body: {response.text}")           │
│   195 │   │   if not response.ok:                                            │
│ ❱ 196 │   │   │   raise ColabRequestError(                                   │
│   197 │   │   │   │   f"Failed to issue request {method} {endpoint}:         │
│       {response.reason}",                                                    │
│   198 │   │   │   │   request=response.request,                              │
│   199 │   │   │   │   response=response,                                     │
╰──────────────────────────────────────────────────────────────────────────────╯
ColabRequestError: Failed to issue request POST 
https://colab.research.google.com/tun/m/assign?nbh=062d664e_ff85_4bad_8d62_e3023
1cf9e2d........&variant=GPU&accelerator=T4: Service Unavailable

2026-09-05 16:24:46 fm-socrates: assign T4 flaky — retry in 30s
2026-09-05 16:25:16 + colab --auth=adc new -s fm-socrates --gpu L4
2026-09-05 16:25:17 [colab] Creating session 'fm-socrates'...
[colab] Backend rejected accelerator 'L4'. You may not have quota or entitlement for this accelerator on your account. Try a different one (e.g. --gpu T4) or omit --gpu/--tpu for a CPU runtime.

2026-09-05 16:25:17 fm-socrates: L4 unavailable — trying next
2026-09-05 16:25:19 + colab --auth=adc new -s fm-socrates --gpu T4
2026-09-05 16:25:21 se Body: {response.text}")           │
│   195 │   │   if not response.ok:                                            │
│ ❱ 196 │   │   │   raise ColabRequestError(                                   │
│   197 │   │   │   │   f"Failed to issue request {method} {endpoint}:         │
│       {response.reason}",                                                    │
│   198 │   │   │   │   request=response.request,                              │
│   199 │   │   │   │   response=response,                                     │
╰──────────────────────────────────────────────────────────────────────────────╯
ColabRequestError: Failed to issue request POST 
https://colab.research.google.com/tun/m/assign?nbh=362c3297_0e4a_4b96_9edc_c09e1
5f74526........&variant=GPU&accelerator=T4: Service Unavailable

2026-09-05 16:25:21 fm-socrates: assign T4 flaky — retry in 30s
2026-09-05 16:25:51 + colab --auth=adc new -s fm-socrates --gpu L4
2026-09-05 16:25:52 [colab] Creating session 'fm-socrates'...
[colab] Backend rejected accelerator 'L4'. You may not have quota or entitlement for this accelerator on your account. Try a different one (e.g. --gpu T4) or omit --gpu/--tpu for a CPU runtime.

2026-09-05 16:25:52 fm-socrates: L4 unavailable — trying next
2026-09-05 16:25:54 + colab --auth=adc new -s fm-socrates --gpu T4
2026-09-05 16:25:55 se Body: {response.text}")           │
│   195 │   │   if not response.ok:                                            │
│ ❱ 196 │   │   │   raise ColabRequestError(                                   │
│   197 │   │   │   │   f"Failed to issue request {method} {endpoint}:         │
│       {response.reason}",                                                    │
│   198 │   │   │   │   request=response.request,                              │
│   199 │   │   │   │   response=response,                                     │
╰──────────────────────────────────────────────────────────────────────────────╯
ColabRequestError: Failed to issue request POST 
https://colab.research.google.com/tun/m/assign?nbh=85842703_d488_4b64_8f44_0dc21
1b82bc3........&variant=GPU&accelerator=T4: Service Unavailable

2026-09-05 16:25:55 fm-socrates: assign T4 flaky — retry in 30s
2026-09-05 16:26:25 + colab --auth=adc new -s fm-socrates --gpu L4
2026-09-05 16:26:26 [colab] Creating session 'fm-socrates'...
[colab] Backend rejected accelerator 'L4'. You may not have quota or entitlement for this accelerator on your account. Try a different one (e.g. --gpu T4) or omit --gpu/--tpu for a CPU runtime.

2026-09-05 16:26:26 fm-socrates: L4 unavailable — trying next
2026-09-05 16:26:28 + colab --auth=adc new -s fm-socrates --gpu T4
2026-09-05 16:26:30 se Body: {response.text}")           │
│   195 │   │   if not response.ok:                                            │
│ ❱ 196 │   │   │   raise ColabRequestError(                                   │
│   197 │   │   │   │   f"Failed to issue request {method} {endpoint}:         │
│       {response.reason}",                                                    │
│   198 │   │   │   │   request=response.request,                              │
│   199 │   │   │   │   response=response,                                     │
╰──────────────────────────────────────────────────────────────────────────────╯
ColabRequestError: Failed to issue request POST 
https://colab.research.google.com/tun/m/assign?nbh=da465596_31b3_44c5_8c84_84dd9
37b0178........&variant=GPU&accelerator=T4: Service Unavailable

2026-09-05 16:26:30 fm-socrates: assign T4 flaky — retry in 30s
2026-09-05 16:27:00 + colab --auth=adc new -s fm-socrates --gpu L4
2026-09-05 16:27:01 [colab] Creating session 'fm-socrates'...
[colab] Backend rejected accelerator 'L4'. You may not have quota or entitlement for this accelerator on your account. Try a different one (e.g. --gpu T4) or omit --gpu/--tpu for a CPU runtime.

2026-09-05 16:27:01 fm-socrates: L4 unavailable — trying next
2026-09-05 16:27:03 + colab --auth=adc new -s fm-socrates --gpu T4
2026-09-05 16:27:04 se Body: {response.text}")           │
│   195 │   │   if not response.ok:                                            │
│ ❱ 196 │   │   │   raise ColabRequestError(                                   │
│   197 │   │   │   │   f"Failed to issue request {method} {endpoint}:         │
│       {response.reason}",                                                    │
│   198 │   │   │   │   request=response.request,                              │
│   199 │   │   │   │   response=response,                                     │
╰──────────────────────────────────────────────────────────────────────────────╯
ColabRequestError: Failed to issue request POST 
https://colab.research.google.com/tun/m/assign?nbh=fdef8f21_3889_44dc_a935_0bdf4
89dd848........&variant=GPU&accelerator=T4: Service Unavailable

2026-09-05 16:27:04 fm-socrates: assign T4 flaky — retry in 30s
2026-09-05 16:27:34 + colab --auth=adc new -s fm-socrates --gpu L4
2026-09-05 16:27:35 [colab] Creating session 'fm-socrates'...
[colab] Backend rejected accelerator 'L4'. You may not have quota or entitlement for this accelerator on your account. Try a different one (e.g. --gpu T4) or omit --gpu/--tpu for a CPU runtime.

2026-09-05 16:27:35 fm-socrates: L4 unavailable — trying next
2026-09-05 16:27:37 + colab --auth=adc new -s fm-socrates --gpu T4
2026-09-05 16:27:39 se Body: {response.text}")           │
│   195 │   │   if not response.ok:                                            │
│ ❱ 196 │   │   │   raise ColabRequestError(                                   │
│   197 │   │   │   │   f"Failed to issue request {method} {endpoint}:         │
│       {response.reason}",                                                    │
│   198 │   │   │   │   request=response.request,                              │
│   199 │   │   │   │   response=response,                                     │
╰──────────────────────────────────────────────────────────────────────────────╯
ColabRequestError: Failed to issue request POST 
https://colab.research.google.com/tun/m/assign?nbh=6e0e05fb_7a5e_4cf3_a7ff_5989d
1f24947........&variant=GPU&accelerator=T4: Service Unavailable

2026-09-05 16:27:39 fm-socrates: assign T4 flaky — retry in 30s
2026-09-05 16:28:09 + colab --auth=adc new -s fm-socrates --gpu L4
2026-09-05 16:28:10 [colab] Creating session 'fm-socrates'...
[colab] Backend rejected accelerator 'L4'. You may not have quota or entitlement for this accelerator on your account. Try a different one (e.g. --gpu T4) or omit --gpu/--tpu for a CPU runtime.

2026-09-05 16:28:10 fm-socrates: L4 unavailable — trying next
2026-09-05 16:28:12 + colab --auth=adc new -s fm-socrates --gpu T4
2026-09-05 16:28:13 se Body: {response.text}")           │
│   195 │   │   if not response.ok:                                            │
│ ❱ 196 │   │   │   raise ColabRequestError(                                   │
│   197 │   │   │   │   f"Failed to issue request {method} {endpoint}:         │
│       {response.reason}",                                                    │
│   198 │   │   │   │   request=response.request,                              │
│   199 │   │   │   │   response=response,                                     │
╰──────────────────────────────────────────────────────────────────────────────╯
ColabRequestError: Failed to issue request POST 
https://colab.research.google.com/tun/m/assign?nbh=aba9e73f_2d8e_4ea6_a8cd_02426
5003281........&variant=GPU&accelerator=T4: Service Unavailable

2026-09-05 16:28:13 fm-socrates: assign T4 flaky — retry in 30s
2026-09-05 16:28:43 + colab --auth=adc new -s fm-socrates --gpu L4
2026-09-05 16:28:45 [colab] Creating session 'fm-socrates'...
[colab] Backend rejected accelerator 'L4'. You may not have quota or entitlement for this accelerator on your account. Try a different one (e.g. --gpu T4) or omit --gpu/--tpu for a CPU runtime.

2026-09-05 16:28:45 fm-socrates: L4 unavailable — trying next
2026-09-05 16:28:47 + colab --auth=adc new -s fm-socrates --gpu T4
2026-09-05 16:28:48 se Body: {response.text}")           │
│   195 │   │   if not response.ok:                                            │
│ ❱ 196 │   │   │   raise ColabRequestError(                                   │
│   197 │   │   │   │   f"Failed to issue request {method} {endpoint}:         │
│       {response.reason}",                                                    │
│   198 │   │   │   │   request=response.request,                              │
│   199 │   │   │   │   response=response,                                     │
╰──────────────────────────────────────────────────────────────────────────────╯
ColabRequestError: Failed to issue request POST 
https://colab.research.google.com/tun/m/assign?nbh=cce1af3a_b5f9_45d1_be28_e0774
d9f6f88........&variant=GPU&accelerator=T4: Service Unavailable

2026-09-05 16:28:48 fm-socrates: assign T4 flaky — retry in 30s
2026-09-05 16:29:18 + colab --auth=adc new -s fm-socrates --gpu L4
2026-09-05 16:29:21 [colab] Creating session 'fm-socrates'...
[colab] Backend rejected accelerator 'L4'. You may not have quota or entitlement for this accelerator on your account. Try a different one (e.g. --gpu T4) or omit --gpu/--tpu for a CPU runtime.

2026-09-05 16:29:21 fm-socrates: L4 unavailable — trying next
2026-09-05 16:29:23 + colab --auth=adc new -s fm-socrates --gpu T4
2026-09-05 16:29:24 se Body: {response.text}")           │
│   195 │   │   if not response.ok:                                            │
│ ❱ 196 │   │   │   raise ColabRequestError(                                   │
│   197 │   │   │   │   f"Failed to issue request {method} {endpoint}:         │
│       {response.reason}",                                                    │
│   198 │   │   │   │   request=response.request,                              │
│   199 │   │   │   │   response=response,                                     │
╰──────────────────────────────────────────────────────────────────────────────╯
ColabRequestError: Failed to issue request POST 
https://colab.research.google.com/tun/m/assign?nbh=45382ed0_2d3f_4f3a_a548_fc296
2e7bf93........&variant=GPU&accelerator=T4: Service Unavailable

2026-09-05 16:29:24 fm-socrates: assign T4 flaky — retry in 30s
2026-09-05 16:29:54 + colab --auth=adc new -s fm-socrates --gpu L4
2026-09-05 16:29:56 [colab] Creating session 'fm-socrates'...
[colab] Backend rejected accelerator 'L4'. You may not have quota or entitlement for this accelerator on your account. Try a different one (e.g. --gpu T4) or omit --gpu/--tpu for a CPU runtime.

2026-09-05 16:29:56 fm-socrates: L4 unavailable — trying next
2026-09-05 16:29:58 + colab --auth=adc new -s fm-socrates --gpu T4
2026-09-05 16:29:59 se Body: {response.text}")           │
│   195 │   │   if not response.ok:                                            │
│ ❱ 196 │   │   │   raise ColabRequestError(                                   │
│   197 │   │   │   │   f"Failed to issue request {method} {endpoint}:         │
│       {response.reason}",                                                    │
│   198 │   │   │   │   request=response.request,                              │
│   199 │   │   │   │   response=response,                                     │
╰──────────────────────────────────────────────────────────────────────────────╯
ColabRequestError: Failed to issue request POST 
https://colab.research.google.com/tun/m/assign?nbh=bfe8bc14_30e4_4f89_ad68_1facc
5d56e27........&variant=GPU&accelerator=T4: Service Unavailable

2026-09-05 16:29:59 fm-socrates: assign T4 flaky — retry in 30s
2026-09-05 16:30:29 + colab --auth=adc new -s fm-socrates --gpu L4
2026-09-05 16:30:31 [colab] Creating session 'fm-socrates'...
[colab] Backend rejected accelerator 'L4'. You may not have quota or entitlement for this accelerator on your account. Try a different one (e.g. --gpu T4) or omit --gpu/--tpu for a CPU runtime.

2026-09-05 16:30:31 fm-socrates: L4 unavailable — trying next
2026-09-05 16:30:33 + colab --auth=adc new -s fm-socrates --gpu T4
2026-09-05 16:30:34 se Body: {response.text}")           │
│   195 │   │   if not response.ok:                                            │
│ ❱ 196 │   │   │   raise ColabRequestError(                                   │
│   197 │   │   │   │   f"Failed to issue request {method} {endpoint}:         │
│       {response.reason}",                                                    │
│   198 │   │   │   │   request=response.request,                              │
│   199 │   │   │   │   response=response,                                     │
╰──────────────────────────────────────────────────────────────────────────────╯
ColabRequestError: Failed to issue request POST 
https://colab.research.google.com/tun/m/assign?nbh=781d5a2c_e9c4_4590_a1ed_90d32
5238960........&variant=GPU&accelerator=T4: Service Unavailable

2026-09-05 16:30:34 fm-socrates: assign T4 flaky — retry in 30s
2026-09-05 16:31:04 + colab --auth=adc new -s fm-socrates --gpu L4
2026-09-05 16:31:05 [colab] Creating session 'fm-socrates'...
[colab] Backend rejected accelerator 'L4'. You may not have quota or entitlement for this accelerator on your account. Try a different one (e.g. --gpu T4) or omit --gpu/--tpu for a CPU runtime.

2026-09-05 16:31:05 fm-socrates: L4 unavailable — trying next
2026-09-05 16:31:07 + colab --auth=adc new -s fm-socrates --gpu T4
2026-09-05 16:31:09 se Body: {response.text}")           │
│   195 │   │   if not response.ok:                                            │
│ ❱ 196 │   │   │   raise ColabRequestError(                                   │
│   197 │   │   │   │   f"Failed to issue request {method} {endpoint}:         │
│       {response.reason}",                                                    │
│   198 │   │   │   │   request=response.request,                              │
│   199 │   │   │   │   response=response,                                     │
╰──────────────────────────────────────────────────────────────────────────────╯
ColabRequestError: Failed to issue request POST 
https://colab.research.google.com/tun/m/assign?nbh=d077a172_1ae6_4e02_81e0_6937b
69484c5........&variant=GPU&accelerator=T4: Service Unavailable

2026-09-05 16:31:09 fm-socrates: assign T4 flaky — retry in 30s
2026-09-05 16:31:39 + colab --auth=adc new -s fm-socrates --gpu L4
2026-09-05 16:31:40 [colab] Creating session 'fm-socrates'...
[colab] Backend rejected accelerator 'L4'. You may not have quota or entitlement for this accelerator on your account. Try a different one (e.g. --gpu T4) or omit --gpu/--tpu for a CPU runtime.

2026-09-05 16:31:40 fm-socrates: L4 unavailable — trying next
2026-09-05 16:31:42 + colab --auth=adc new -s fm-socrates --gpu T4
2026-09-05 16:31:43 se Body: {response.text}")           │
│   195 │   │   if not response.ok:                                            │
│ ❱ 196 │   │   │   raise ColabRequestError(                                   │
│   197 │   │   │   │   f"Failed to issue request {method} {endpoint}:         │
│       {response.reason}",                                                    │
│   198 │   │   │   │   request=response.request,                              │
│   199 │   │   │   │   response=response,                                     │
╰──────────────────────────────────────────────────────────────────────────────╯
ColabRequestError: Failed to issue request POST 
https://colab.research.google.com/tun/m/assign?nbh=43069566_8c08_4a75_8e54_cfda4
bbd0cf1........&variant=GPU&accelerator=T4: Service Unavailable

2026-09-05 16:31:43 fm-socrates: assign T4 flaky — retry in 30s
2026-09-05 16:32:13 + colab --auth=adc new -s fm-socrates --gpu L4
2026-09-05 16:32:15 [colab] Creating session 'fm-socrates'...
[colab] Backend rejected accelerator 'L4'. You may not have quota or entitlement for this accelerator on your account. Try a different one (e.g. --gpu T4) or omit --gpu/--tpu for a CPU runtime.

2026-09-05 16:32:15 fm-socrates: L4 unavailable — trying next
2026-09-05 16:32:17 + colab --auth=adc new -s fm-socrates --gpu T4
2026-09-05 16:32:18 se Body: {response.text}")           │
│   195 │   │   if not response.ok:                                            │
│ ❱ 196 │   │   │   raise ColabRequestError(                                   │
│   197 │   │   │   │   f"Failed to issue request {method} {endpoint}:         │
│       {response.reason}",                                                    │
│   198 │   │   │   │   request=response.request,                              │
│   199 │   │   │   │   response=response,                                     │
╰──────────────────────────────────────────────────────────────────────────────╯
ColabRequestError: Failed to issue request POST 
https://colab.research.google.com/tun/m/assign?nbh=97cd236b_5688_48ef_9059_0eb64
674b1a6........&variant=GPU&accelerator=T4: Service Unavailable

2026-09-05 16:32:18 fm-socrates: assign T4 flaky — retry in 30s
2026-09-05 16:32:48 + colab --auth=adc new -s fm-socrates --gpu L4
2026-09-05 16:32:50 [colab] Creating session 'fm-socrates'...
[colab] Backend rejected accelerator 'L4'. You may not have quota or entitlement for this accelerator on your account. Try a different one (e.g. --gpu T4) or omit --gpu/--tpu for a CPU runtime.

2026-09-05 16:32:50 fm-socrates: L4 unavailable — trying next
2026-09-05 16:32:52 + colab --auth=adc new -s fm-socrates --gpu T4
2026-09-05 16:32:53 se Body: {response.text}")           │
│   195 │   │   if not response.ok:                                            │
│ ❱ 196 │   │   │   raise ColabRequestError(                                   │
│   197 │   │   │   │   f"Failed to issue request {method} {endpoint}:         │
│       {response.reason}",                                                    │
│   198 │   │   │   │   request=response.request,                              │
│   199 │   │   │   │   response=response,                                     │
╰──────────────────────────────────────────────────────────────────────────────╯
ColabRequestError: Failed to issue request POST 
https://colab.research.google.com/tun/m/assign?nbh=69f10d8a_1ec3_4bf3_aafe_eeacc
1511ad3........&variant=GPU&accelerator=T4: Service Unavailable

2026-09-05 16:32:53 fm-socrates: assign T4 flaky — retry in 30s
2026-09-05 16:33:23 + colab --auth=adc new -s fm-socrates --gpu L4
2026-09-05 16:33:24 [colab] Creating session 'fm-socrates'...
[colab] Backend rejected accelerator 'L4'. You may not have quota or entitlement for this accelerator on your account. Try a different one (e.g. --gpu T4) or omit --gpu/--tpu for a CPU runtime.

2026-09-05 16:33:24 fm-socrates: L4 unavailable — trying next
2026-09-05 16:33:26 + colab --auth=adc new -s fm-socrates --gpu T4
2026-09-05 16:33:27 se Body: {response.text}")           │
│   195 │   │   if not response.ok:                                            │
│ ❱ 196 │   │   │   raise ColabRequestError(                                   │
│   197 │   │   │   │   f"Failed to issue request {method} {endpoint}:         │
│       {response.reason}",                                                    │
│   198 │   │   │   │   request=response.request,                              │
│   199 │   │   │   │   response=response,                                     │
╰──────────────────────────────────────────────────────────────────────────────╯
ColabRequestError: Failed to issue request POST 
https://colab.research.google.com/tun/m/assign?nbh=38edaf74_ec7c_43e4_a0da_23bdc
683f868........&variant=GPU&accelerator=T4: Service Unavailable

2026-09-05 16:33:27 fm-socrates: assign T4 flaky — retry in 30s
2026-09-05 16:33:58 + colab --auth=adc new -s fm-socrates --gpu L4
2026-09-05 16:34:00 [colab] Creating session 'fm-socrates'...
[colab] Backend rejected accelerator 'L4'. You may not have quota or entitlement for this accelerator on your account. Try a different one (e.g. --gpu T4) or omit --gpu/--tpu for a CPU runtime.

2026-09-05 16:34:00 fm-socrates: L4 unavailable — trying next
2026-09-05 16:34:02 + colab --auth=adc new -s fm-socrates --gpu T4
2026-09-05 16:34:03 se Body: {response.text}")           │
│   195 │   │   if not response.ok:                                            │
│ ❱ 196 │   │   │   raise ColabRequestError(                                   │
│   197 │   │   │   │   f"Failed to issue request {method} {endpoint}:         │
│       {response.reason}",                                                    │
│   198 │   │   │   │   request=response.request,                              │
│   199 │   │   │   │   response=response,                                     │
╰──────────────────────────────────────────────────────────────────────────────╯
ColabRequestError: Failed to issue request POST 
https://colab.research.google.com/tun/m/assign?nbh=6b09bdcf_721b_4940_afd7_073c9
01108d3........&variant=GPU&accelerator=T4: Service Unavailable

2026-09-05 16:34:03 fm-socrates: assign T4 flaky — retry in 30s
2026-09-05 16:34:33 + colab --auth=adc new -s fm-socrates --gpu L4
2026-09-05 16:34:35 [colab] Creating session 'fm-socrates'...
[colab] Backend rejected accelerator 'L4'. You may not have quota or entitlement for this accelerator on your account. Try a different one (e.g. --gpu T4) or omit --gpu/--tpu for a CPU runtime.

2026-09-05 16:34:35 fm-socrates: L4 unavailable — trying next
2026-09-05 16:34:37 + colab --auth=adc new -s fm-socrates --gpu T4
2026-09-05 16:34:38 se Body: {response.text}")           │
│   195 │   │   if not response.ok:                                            │
│ ❱ 196 │   │   │   raise ColabRequestError(                                   │
│   197 │   │   │   │   f"Failed to issue request {method} {endpoint}:         │
│       {response.reason}",                                                    │
│   198 │   │   │   │   request=response.request,                              │
│   199 │   │   │   │   response=response,                                     │
╰──────────────────────────────────────────────────────────────────────────────╯
ColabRequestError: Failed to issue request POST 
https://colab.research.google.com/tun/m/assign?nbh=af398d08_f4a6_492d_8ca8_7df73
3bf0ca7........&variant=GPU&accelerator=T4: Service Unavailable

2026-09-05 16:34:38 fm-socrates: assign T4 flaky — retry in 30s
2026-09-05 16:35:08 + colab --auth=adc new -s fm-socrates --gpu L4
2026-09-05 16:35:09 [colab] Creating session 'fm-socrates'...
[colab] Backend rejected accelerator 'L4'. You may not have quota or entitlement for this accelerator on your account. Try a different one (e.g. --gpu T4) or omit --gpu/--tpu for a CPU runtime.

2026-09-05 16:35:09 fm-socrates: L4 unavailable — trying next
2026-09-05 16:35:11 + colab --auth=adc new -s fm-socrates --gpu T4
2026-09-05 16:35:13 se Body: {response.text}")           │
│   195 │   │   if not response.ok:                                            │
│ ❱ 196 │   │   │   raise ColabRequestError(                                   │
│   197 │   │   │   │   f"Failed to issue request {method} {endpoint}:         │
│       {response.reason}",                                                    │
│   198 │   │   │   │   request=response.request,                              │
│   199 │   │   │   │   response=response,                                     │
╰──────────────────────────────────────────────────────────────────────────────╯
ColabRequestError: Failed to issue request POST 
https://colab.research.google.com/tun/m/assign?nbh=0e1af2c3_ab87_41df_b818_81343
80f5b89........&variant=GPU&accelerator=T4: Service Unavailable

2026-09-05 16:35:13 fm-socrates: assign T4 flaky — retry in 30s
2026-09-05 16:35:43 + colab --auth=adc new -s fm-socrates --gpu L4
2026-09-05 16:35:44 [colab] Creating session 'fm-socrates'...
[colab] Backend rejected accelerator 'L4'. You may not have quota or entitlement for this accelerator on your account. Try a different one (e.g. --gpu T4) or omit --gpu/--tpu for a CPU runtime.

2026-09-05 16:35:44 fm-socrates: L4 unavailable — trying next
2026-09-05 16:35:46 + colab --auth=adc new -s fm-socrates --gpu T4
2026-09-05 16:35:47 se Body: {response.text}")           │
│   195 │   │   if not response.ok:                                            │
│ ❱ 196 │   │   │   raise ColabRequestError(                                   │
│   197 │   │   │   │   f"Failed to issue request {method} {endpoint}:         │
│       {response.reason}",                                                    │
│   198 │   │   │   │   request=response.request,                              │
│   199 │   │   │   │   response=response,                                     │
╰──────────────────────────────────────────────────────────────────────────────╯
ColabRequestError: Failed to issue request POST 
https://colab.research.google.com/tun/m/assign?nbh=f0462a04_8389_4d1e_a036_7b416
d49d8bc........&variant=GPU&accelerator=T4: Service Unavailable

2026-09-05 16:35:47 fm-socrates: assign T4 flaky — retry in 30s
2026-09-05 16:36:17 + colab --auth=adc new -s fm-socrates --gpu L4
2026-09-05 16:36:19 [colab] Creating session 'fm-socrates'...
[colab] Backend rejected accelerator 'L4'. You may not have quota or entitlement for this accelerator on your account. Try a different one (e.g. --gpu T4) or omit --gpu/--tpu for a CPU runtime.

2026-09-05 16:36:19 fm-socrates: L4 unavailable — trying next
2026-09-05 16:36:21 + colab --auth=adc new -s fm-socrates --gpu T4
2026-09-05 16:36:22 se Body: {response.text}")           │
│   195 │   │   if not response.ok:                                            │
│ ❱ 196 │   │   │   raise ColabRequestError(                                   │
│   197 │   │   │   │   f"Failed to issue request {method} {endpoint}:         │
│       {response.reason}",                                                    │
│   198 │   │   │   │   request=response.request,                              │
│   199 │   │   │   │   response=response,                                     │
╰──────────────────────────────────────────────────────────────────────────────╯
ColabRequestError: Failed to issue request POST 
https://colab.research.google.com/tun/m/assign?nbh=c15ec9b2_cc9a_4429_8ea2_953f5
75e8b42........&variant=GPU&accelerator=T4: Service Unavailable

2026-09-05 16:36:22 fm-socrates: assign T4 flaky — retry in 30s
2026-09-05 16:36:52 + colab --auth=adc new -s fm-socrates --gpu L4
2026-09-05 16:36:54 [colab] Creating session 'fm-socrates'...
[colab] Backend rejected accelerator 'L4'. You may not have quota or entitlement for this accelerator on your account. Try a different one (e.g. --gpu T4) or omit --gpu/--tpu for a CPU runtime.

2026-09-05 16:36:54 fm-socrates: L4 unavailable — trying next
2026-09-05 16:36:56 + colab --auth=adc new -s fm-socrates --gpu T4
2026-09-05 16:36:57 se Body: {response.text}")           │
│   195 │   │   if not response.ok:                                            │
│ ❱ 196 │   │   │   raise ColabRequestError(                                   │
│   197 │   │   │   │   f"Failed to issue request {method} {endpoint}:         │
│       {response.reason}",                                                    │
│   198 │   │   │   │   request=response.request,                              │
│   199 │   │   │   │   response=response,                                     │
╰──────────────────────────────────────────────────────────────────────────────╯
ColabRequestError: Failed to issue request POST 
https://colab.research.google.com/tun/m/assign?nbh=d04dfbad_0221_4d65_ba84_7d0c5
bfa12a9........&variant=GPU&accelerator=T4: Service Unavailable

2026-09-05 16:36:57 fm-socrates: assign T4 flaky — retry in 30s
2026-09-05 16:37:27 + colab --auth=adc new -s fm-socrates --gpu L4
2026-09-05 16:37:28 [colab] Creating session 'fm-socrates'...
[colab] Backend rejected accelerator 'L4'. You may not have quota or entitlement for this accelerator on your account. Try a different one (e.g. --gpu T4) or omit --gpu/--tpu for a CPU runtime.

2026-09-05 16:37:28 fm-socrates: L4 unavailable — trying next
2026-09-05 16:37:30 + colab --auth=adc new -s fm-socrates --gpu T4
2026-09-05 16:37:31 se Body: {response.text}")           │
│   195 │   │   if not response.ok:                                            │
│ ❱ 196 │   │   │   raise ColabRequestError(                                   │
│   197 │   │   │   │   f"Failed to issue request {method} {endpoint}:         │
│       {response.reason}",                                                    │
│   198 │   │   │   │   request=response.request,                              │
│   199 │   │   │   │   response=response,                                     │
╰──────────────────────────────────────────────────────────────────────────────╯
ColabRequestError: Failed to issue request POST 
https://colab.research.google.com/tun/m/assign?nbh=8622e8d6_03be_433c_ac74_693ca
280b735........&variant=GPU&accelerator=T4: Service Unavailable

2026-09-05 16:37:31 fm-socrates: assign T4 flaky — retry in 30s
2026-09-05 16:38:02 + colab --auth=adc new -s fm-socrates --gpu L4
2026-09-05 16:38:04 [colab] Creating session 'fm-socrates'...
[colab] Backend rejected accelerator 'L4'. You may not have quota or entitlement for this accelerator on your account. Try a different one (e.g. --gpu T4) or omit --gpu/--tpu for a CPU runtime.

2026-09-05 16:38:04 fm-socrates: L4 unavailable — trying next
2026-09-05 16:38:06 + colab --auth=adc new -s fm-socrates --gpu T4
2026-09-05 16:38:07 se Body: {response.text}")           │
│   195 │   │   if not response.ok:                                            │
│ ❱ 196 │   │   │   raise ColabRequestError(                                   │
│   197 │   │   │   │   f"Failed to issue request {method} {endpoint}:         │
│       {response.reason}",                                                    │
│   198 │   │   │   │   request=response.request,                              │
│   199 │   │   │   │   response=response,                                     │
╰──────────────────────────────────────────────────────────────────────────────╯
ColabRequestError: Failed to issue request POST 
https://colab.research.google.com/tun/m/assign?nbh=8fb2e2a2_aa91_4fd5_a01a_68be3
e88e4b5........&variant=GPU&accelerator=T4: Service Unavailable

2026-09-05 16:38:07 fm-socrates: assign T4 flaky — retry in 30s
2026-09-05 16:38:37 + colab --auth=adc new -s fm-socrates --gpu L4
2026-09-05 16:38:38 [colab] Creating session 'fm-socrates'...
[colab] Backend rejected accelerator 'L4'. You may not have quota or entitlement for this accelerator on your account. Try a different one (e.g. --gpu T4) or omit --gpu/--tpu for a CPU runtime.

2026-09-05 16:38:38 fm-socrates: L4 unavailable — trying next
2026-09-05 16:38:40 + colab --auth=adc new -s fm-socrates --gpu T4
2026-09-05 16:38:42 se Body: {response.text}")           │
│   195 │   │   if not response.ok:                                            │
│ ❱ 196 │   │   │   raise ColabRequestError(                                   │
│   197 │   │   │   │   f"Failed to issue request {method} {endpoint}:         │
│       {response.reason}",                                                    │
│   198 │   │   │   │   request=response.request,                              │
│   199 │   │   │   │   response=response,                                     │
╰──────────────────────────────────────────────────────────────────────────────╯
ColabRequestError: Failed to issue request POST 
https://colab.research.google.com/tun/m/assign?nbh=6eaed4e8_cd03_4d95_a61e_d7877
a11a268........&variant=GPU&accelerator=T4: Service Unavailable

2026-09-05 16:38:42 fm-socrates: assign T4 flaky — retry in 30s
2026-09-05 16:39:12 + colab --auth=adc new -s fm-socrates --gpu L4
2026-09-05 16:39:14 [colab] Creating session 'fm-socrates'...
[colab] Backend rejected accelerator 'L4'. You may not have quota or entitlement for this accelerator on your account. Try a different one (e.g. --gpu T4) or omit --gpu/--tpu for a CPU runtime.

2026-09-05 16:39:14 fm-socrates: L4 unavailable — trying next
2026-09-05 16:39:16 + colab --auth=adc new -s fm-socrates --gpu T4
2026-09-05 16:39:40 se Body: {response.text}")           │
│   195 │   │   if not response.ok:                                            │
│ ❱ 196 │   │   │   raise ColabRequestError(                                   │
│   197 │   │   │   │   f"Failed to issue request {method} {endpoint}:         │
│       {response.reason}",                                                    │
│   198 │   │   │   │   request=response.request,                              │
│   199 │   │   │   │   response=response,                                     │
╰──────────────────────────────────────────────────────────────────────────────╯
ColabRequestError: Failed to issue request POST 
https://colab.research.google.com/tun/m/assign?nbh=4274aeee_458d_47e2_9bc7_b288e
436f4e8........&variant=GPU&accelerator=T4: Service Unavailable

2026-09-05 16:39:40 fm-socrates: assign T4 flaky — retry in 30s
2026-09-05 16:40:10 + colab --auth=adc new -s fm-socrates --gpu L4
2026-09-05 16:40:11 [colab] Creating session 'fm-socrates'...
[colab] Backend rejected accelerator 'L4'. You may not have quota or entitlement for this accelerator on your account. Try a different one (e.g. --gpu T4) or omit --gpu/--tpu for a CPU runtime.

2026-09-05 16:40:11 fm-socrates: L4 unavailable — trying next
2026-09-05 16:40:13 + colab --auth=adc new -s fm-socrates --gpu T4
2026-09-05 16:40:14 se Body: {response.text}")           │
│   195 │   │   if not response.ok:                                            │
│ ❱ 196 │   │   │   raise ColabRequestError(                                   │
│   197 │   │   │   │   f"Failed to issue request {method} {endpoint}:         │
│       {response.reason}",                                                    │
│   198 │   │   │   │   request=response.request,                              │
│   199 │   │   │   │   response=response,                                     │
╰──────────────────────────────────────────────────────────────────────────────╯
ColabRequestError: Failed to issue request POST 
https://colab.research.google.com/tun/m/assign?nbh=c5480a8f_0a3d_4eb4_bf8f_ed211
d03f1ee........&variant=GPU&accelerator=T4: Service Unavailable

2026-09-05 16:40:14 fm-socrates: assign T4 flaky — retry in 30s
2026-09-05 16:40:44 + colab --auth=adc new -s fm-socrates --gpu L4
2026-09-05 16:40:46 [colab] Creating session 'fm-socrates'...
[colab] Backend rejected accelerator 'L4'. You may not have quota or entitlement for this accelerator on your account. Try a different one (e.g. --gpu T4) or omit --gpu/--tpu for a CPU runtime.

2026-09-05 16:40:46 fm-socrates: L4 unavailable — trying next
2026-09-05 16:40:48 + colab --auth=adc new -s fm-socrates --gpu T4
2026-09-05 16:40:49 se Body: {response.text}")           │
│   195 │   │   if not response.ok:                                            │
│ ❱ 196 │   │   │   raise ColabRequestError(                                   │
│   197 │   │   │   │   f"Failed to issue request {method} {endpoint}:         │
│       {response.reason}",                                                    │
│   198 │   │   │   │   request=response.request,                              │
│   199 │   │   │   │   response=response,                                     │
╰──────────────────────────────────────────────────────────────────────────────╯
ColabRequestError: Failed to issue request POST 
https://colab.research.google.com/tun/m/assign?nbh=8e59363a_d81b_4803_940a_096c7
80c305b........&variant=GPU&accelerator=T4: Service Unavailable

2026-09-05 16:40:49 fm-socrates: assign T4 flaky — retry in 30s
2026-09-05 16:41:19 + colab --auth=adc new -s fm-socrates --gpu L4
2026-09-05 16:41:20 [colab] Creating session 'fm-socrates'...
[colab] Backend rejected accelerator 'L4'. You may not have quota or entitlement for this accelerator on your account. Try a different one (e.g. --gpu T4) or omit --gpu/--tpu for a CPU runtime.

2026-09-05 16:41:20 fm-socrates: L4 unavailable — trying next
2026-09-05 16:41:22 + colab --auth=adc new -s fm-socrates --gpu T4
2026-09-05 16:41:24 se Body: {response.text}")           │
│   195 │   │   if not response.ok:                                            │
│ ❱ 196 │   │   │   raise ColabRequestError(                                   │
│   197 │   │   │   │   f"Failed to issue request {method} {endpoint}:         │
│       {response.reason}",                                                    │
│   198 │   │   │   │   request=response.request,                              │
│   199 │   │   │   │   response=response,                                     │
╰──────────────────────────────────────────────────────────────────────────────╯
ColabRequestError: Failed to issue request POST 
https://colab.research.google.com/tun/m/assign?nbh=21912686_29cb_42cf_ae31_a6a72
1bb9690........&variant=GPU&accelerator=T4: Service Unavailable

2026-09-05 16:41:24 fm-socrates: assign T4 flaky — retry in 30s
2026-09-05 16:41:54 + colab --auth=adc new -s fm-socrates --gpu L4
2026-09-05 16:41:55 [colab] Creating session 'fm-socrates'...
[colab] Backend rejected accelerator 'L4'. You may not have quota or entitlement for this accelerator on your account. Try a different one (e.g. --gpu T4) or omit --gpu/--tpu for a CPU runtime.

2026-09-05 16:41:55 fm-socrates: L4 unavailable — trying next
2026-09-05 16:41:58 + colab --auth=adc new -s fm-socrates --gpu T4
2026-09-05 16:41:59 se Body: {response.text}")           │
│   195 │   │   if not response.ok:                                            │
│ ❱ 196 │   │   │   raise ColabRequestError(                                   │
│   197 │   │   │   │   f"Failed to issue request {method} {endpoint}:         │
│       {response.reason}",                                                    │
│   198 │   │   │   │   request=response.request,                              │
│   199 │   │   │   │   response=response,                                     │
╰──────────────────────────────────────────────────────────────────────────────╯
ColabRequestError: Failed to issue request POST 
https://colab.research.google.com/tun/m/assign?nbh=f8ed0432_68e0_4f44_8cf6_debf9
81cf972........&variant=GPU&accelerator=T4: Service Unavailable

2026-09-05 16:41:59 fm-socrates: assign T4 flaky — retry in 30s
2026-09-05 16:42:29 + colab --auth=adc new -s fm-socrates --gpu L4
2026-09-05 16:42:31 [colab] Creating session 'fm-socrates'...
[colab] Backend rejected accelerator 'L4'. You may not have quota or entitlement for this accelerator on your account. Try a different one (e.g. --gpu T4) or omit --gpu/--tpu for a CPU runtime.

2026-09-05 16:42:31 fm-socrates: L4 unavailable — trying next
2026-09-05 16:42:33 + colab --auth=adc new -s fm-socrates --gpu T4
2026-09-05 16:42:34 se Body: {response.text}")           │
│   195 │   │   if not response.ok:                                            │
│ ❱ 196 │   │   │   raise ColabRequestError(                                   │
│   197 │   │   │   │   f"Failed to issue request {method} {endpoint}:         │
│       {response.reason}",                                                    │
│   198 │   │   │   │   request=response.request,                              │
│   199 │   │   │   │   response=response,                                     │
╰──────────────────────────────────────────────────────────────────────────────╯
ColabRequestError: Failed to issue request POST 
https://colab.research.google.com/tun/m/assign?nbh=db6a397a_e7a2_456f_b547_83aa8
856b386........&variant=GPU&accelerator=T4: Service Unavailable

2026-09-05 16:42:34 fm-socrates: assign T4 flaky — retry in 30s
2026-09-05 16:43:04 + colab --auth=adc new -s fm-socrates --gpu L4
2026-09-05 16:43:06 [colab] Creating session 'fm-socrates'...
[colab] Backend rejected accelerator 'L4'. You may not have quota or entitlement for this accelerator on your account. Try a different one (e.g. --gpu T4) or omit --gpu/--tpu for a CPU runtime.

2026-09-05 16:43:06 fm-socrates: L4 unavailable — trying next
2026-09-05 16:43:08 + colab --auth=adc new -s fm-socrates --gpu T4
2026-09-05 16:43:09 se Body: {response.text}")           │
│   195 │   │   if not response.ok:                                            │
│ ❱ 196 │   │   │   raise ColabRequestError(                                   │
│   197 │   │   │   │   f"Failed to issue request {method} {endpoint}:         │
│       {response.reason}",                                                    │
│   198 │   │   │   │   request=response.request,                              │
│   199 │   │   │   │   response=response,                                     │
╰──────────────────────────────────────────────────────────────────────────────╯
ColabRequestError: Failed to issue request POST 
https://colab.research.google.com/tun/m/assign?nbh=93004d68_d897_46eb_b808_39046
a389a8a........&variant=GPU&accelerator=T4: Service Unavailable

2026-09-05 16:43:09 fm-socrates: assign T4 flaky — retry in 30s
2026-09-05 16:43:39 + colab --auth=adc new -s fm-socrates --gpu L4
2026-09-05 16:43:41 [colab] Creating session 'fm-socrates'...
[colab] Backend rejected accelerator 'L4'. You may not have quota or entitlement for this accelerator on your account. Try a different one (e.g. --gpu T4) or omit --gpu/--tpu for a CPU runtime.

2026-09-05 16:43:41 fm-socrates: L4 unavailable — trying next
2026-09-05 16:43:43 + colab --auth=adc new -s fm-socrates --gpu T4
2026-09-05 16:43:44 se Body: {response.text}")           │
│   195 │   │   if not response.ok:                                            │
│ ❱ 196 │   │   │   raise ColabRequestError(                                   │
│   197 │   │   │   │   f"Failed to issue request {method} {endpoint}:         │
│       {response.reason}",                                                    │
│   198 │   │   │   │   request=response.request,                              │
│   199 │   │   │   │   response=response,                                     │
╰──────────────────────────────────────────────────────────────────────────────╯
ColabRequestError: Failed to issue request POST 
https://colab.research.google.com/tun/m/assign?nbh=a311972d_2905_4719_b334_df92d
9afdc91........&variant=GPU&accelerator=T4: Service Unavailable

2026-09-05 16:43:44 fm-socrates: assign T4 flaky — retry in 30s
2026-09-05 16:44:14 + colab --auth=adc new -s fm-socrates --gpu L4
2026-09-05 16:44:16 [colab] Creating session 'fm-socrates'...
[colab] Backend rejected accelerator 'L4'. You may not have quota or entitlement for this accelerator on your account. Try a different one (e.g. --gpu T4) or omit --gpu/--tpu for a CPU runtime.

2026-09-05 16:44:16 fm-socrates: L4 unavailable — trying next
2026-09-05 16:44:18 + colab --auth=adc new -s fm-socrates --gpu T4
2026-09-05 16:44:19 se Body: {response.text}")           │
│   195 │   │   if not response.ok:                                            │
│ ❱ 196 │   │   │   raise ColabRequestError(                                   │
│   197 │   │   │   │   f"Failed to issue request {method} {endpoint}:         │
│       {response.reason}",                                                    │
│   198 │   │   │   │   request=response.request,                              │
│   199 │   │   │   │   response=response,                                     │
╰──────────────────────────────────────────────────────────────────────────────╯
ColabRequestError: Failed to issue request POST 
https://colab.research.google.com/tun/m/assign?nbh=6ff8d774_edc7_499b_86a2_f49e8
93f3b78........&variant=GPU&accelerator=T4: Service Unavailable

2026-09-05 16:44:19 fm-socrates: assign T4 flaky — retry in 30s
2026-09-05 16:44:49 + colab --auth=adc new -s fm-socrates --gpu L4
2026-09-05 16:44:51 [colab] Creating session 'fm-socrates'...
[colab] Backend rejected accelerator 'L4'. You may not have quota or entitlement for this accelerator on your account. Try a different one (e.g. --gpu T4) or omit --gpu/--tpu for a CPU runtime.

2026-09-05 16:44:51 fm-socrates: L4 unavailable — trying next
2026-09-05 16:44:53 + colab --auth=adc new -s fm-socrates --gpu T4
2026-09-05 16:44:54 se Body: {response.text}")           │
│   195 │   │   if not response.ok:                                            │
│ ❱ 196 │   │   │   raise ColabRequestError(                                   │
│   197 │   │   │   │   f"Failed to issue request {method} {endpoint}:         │
│       {response.reason}",                                                    │
│   198 │   │   │   │   request=response.request,                              │
│   199 │   │   │   │   response=response,                                     │
╰──────────────────────────────────────────────────────────────────────────────╯
ColabRequestError: Failed to issue request POST 
https://colab.research.google.com/tun/m/assign?nbh=80695f4d_9459_4f65_8267_5bc8b
3ac5bb0........&variant=GPU&accelerator=T4: Service Unavailable

2026-09-05 16:44:54 fm-socrates: assign T4 flaky — retry in 30s
2026-09-05 16:45:24 + colab --auth=adc new -s fm-socrates --gpu L4
2026-09-05 16:45:25 [colab] Creating session 'fm-socrates'...
[colab] Backend rejected accelerator 'L4'. You may not have quota or entitlement for this accelerator on your account. Try a different one (e.g. --gpu T4) or omit --gpu/--tpu for a CPU runtime.

2026-09-05 16:45:25 fm-socrates: L4 unavailable — trying next
2026-09-05 16:45:27 + colab --auth=adc new -s fm-socrates --gpu T4
2026-09-05 16:45:28 se Body: {response.text}")           │
│   195 │   │   if not response.ok:                                            │
│ ❱ 196 │   │   │   raise ColabRequestError(                                   │
│   197 │   │   │   │   f"Failed to issue request {method} {endpoint}:         │
│       {response.reason}",                                                    │
│   198 │   │   │   │   request=response.request,                              │
│   199 │   │   │   │   response=response,                                     │
╰──────────────────────────────────────────────────────────────────────────────╯
ColabRequestError: Failed to issue request POST 
https://colab.research.google.com/tun/m/assign?nbh=e2f9d7b7_7709_4a49_9dab_7090b
4337943........&variant=GPU&accelerator=T4: Service Unavailable

2026-09-05 16:45:28 fm-socrates: assign T4 flaky — retry in 30s
2026-09-05 16:45:58 + colab --auth=adc new -s fm-socrates --gpu L4
2026-09-05 16:46:00 [colab] Creating session 'fm-socrates'...
[colab] Backend rejected accelerator 'L4'. You may not have quota or entitlement for this accelerator on your account. Try a different one (e.g. --gpu T4) or omit --gpu/--tpu for a CPU runtime.

2026-09-05 16:46:00 fm-socrates: L4 unavailable — trying next
2026-09-05 16:46:02 + colab --auth=adc new -s fm-socrates --gpu T4
2026-09-05 16:46:03 se Body: {response.text}")           │
│   195 │   │   if not response.ok:                                            │
│ ❱ 196 │   │   │   raise ColabRequestError(                                   │
│   197 │   │   │   │   f"Failed to issue request {method} {endpoint}:         │
│       {response.reason}",                                                    │
│   198 │   │   │   │   request=response.request,                              │
│   199 │   │   │   │   response=response,                                     │
╰──────────────────────────────────────────────────────────────────────────────╯
ColabRequestError: Failed to issue request POST 
https://colab.research.google.com/tun/m/assign?nbh=d91c8793_5b74_4aa5_b0fd_08ba4
89a551c........&variant=GPU&accelerator=T4: Service Unavailable

2026-09-05 16:46:03 fm-socrates: assign T4 flaky — retry in 30s
2026-09-05 16:46:33 + colab --auth=adc new -s fm-socrates --gpu L4
2026-09-05 16:46:34 [colab] Creating session 'fm-socrates'...
[colab] Backend rejected accelerator 'L4'. You may not have quota or entitlement for this accelerator on your account. Try a different one (e.g. --gpu T4) or omit --gpu/--tpu for a CPU runtime.

2026-09-05 16:46:34 fm-socrates: L4 unavailable — trying next
2026-09-05 16:46:36 + colab --auth=adc new -s fm-socrates --gpu T4
2026-09-05 16:46:38 se Body: {response.text}")           │
│   195 │   │   if not response.ok:                                            │
│ ❱ 196 │   │   │   raise ColabRequestError(                                   │
│   197 │   │   │   │   f"Failed to issue request {method} {endpoint}:         │
│       {response.reason}",                                                    │
│   198 │   │   │   │   request=response.request,                              │
│   199 │   │   │   │   response=response,                                     │
╰──────────────────────────────────────────────────────────────────────────────╯
ColabRequestError: Failed to issue request POST 
https://colab.research.google.com/tun/m/assign?nbh=73f1c162_4320_40ad_aff6_17c0a
044336d........&variant=GPU&accelerator=T4: Service Unavailable

2026-09-05 16:46:38 fm-socrates: assign T4 flaky — retry in 30s
2026-09-05 16:47:08 + colab --auth=adc new -s fm-socrates --gpu L4
2026-09-05 16:47:09 [colab] Creating session 'fm-socrates'...
[colab] Backend rejected accelerator 'L4'. You may not have quota or entitlement for this accelerator on your account. Try a different one (e.g. --gpu T4) or omit --gpu/--tpu for a CPU runtime.

2026-09-05 16:47:09 fm-socrates: L4 unavailable — trying next
2026-09-05 16:47:11 + colab --auth=adc new -s fm-socrates --gpu T4
2026-09-05 16:47:12 se Body: {response.text}")           │
│   195 │   │   if not response.ok:                                            │
│ ❱ 196 │   │   │   raise ColabRequestError(                                   │
│   197 │   │   │   │   f"Failed to issue request {method} {endpoint}:         │
│       {response.reason}",                                                    │
│   198 │   │   │   │   request=response.request,                              │
│   199 │   │   │   │   response=response,                                     │
╰──────────────────────────────────────────────────────────────────────────────╯
ColabRequestError: Failed to issue request POST 
https://colab.research.google.com/tun/m/assign?nbh=9ffa9fa6_0a65_4738_a9bf_4fe8f
3f28b10........&variant=GPU&accelerator=T4: Service Unavailable

2026-09-05 16:47:12 fm-socrates: assign T4 flaky — retry in 30s
2026-09-05 16:47:43 + colab --auth=adc new -s fm-socrates --gpu L4
2026-09-05 16:47:44 [colab] Creating session 'fm-socrates'...
[colab] Backend rejected accelerator 'L4'. You may not have quota or entitlement for this accelerator on your account. Try a different one (e.g. --gpu T4) or omit --gpu/--tpu for a CPU runtime.

2026-09-05 16:47:44 fm-socrates: L4 unavailable — trying next
2026-09-05 16:47:46 + colab --auth=adc new -s fm-socrates --gpu T4
2026-09-05 16:47:47 se Body: {response.text}")           │
│   195 │   │   if not response.ok:                                            │
│ ❱ 196 │   │   │   raise ColabRequestError(                                   │
│   197 │   │   │   │   f"Failed to issue request {method} {endpoint}:         │
│       {response.reason}",                                                    │
│   198 │   │   │   │   request=response.request,                              │
│   199 │   │   │   │   response=response,                                     │
╰──────────────────────────────────────────────────────────────────────────────╯
ColabRequestError: Failed to issue request POST 
https://colab.research.google.com/tun/m/assign?nbh=539ca7bd_94e6_4fc8_817b_7f4e9
8a01cc3........&variant=GPU&accelerator=T4: Service Unavailable

2026-09-05 16:47:47 fm-socrates: assign T4 flaky — retry in 30s
2026-09-05 16:48:17 + colab --auth=adc new -s fm-socrates --gpu L4
2026-09-05 16:48:18 [colab] Creating session 'fm-socrates'...
[colab] Backend rejected accelerator 'L4'. You may not have quota or entitlement for this accelerator on your account. Try a different one (e.g. --gpu T4) or omit --gpu/--tpu for a CPU runtime.

2026-09-05 16:48:18 fm-socrates: L4 unavailable — trying next
2026-09-05 16:48:20 + colab --auth=adc new -s fm-socrates --gpu T4
2026-09-05 16:48:21 se Body: {response.text}")           │
│   195 │   │   if not response.ok:                                            │
│ ❱ 196 │   │   │   raise ColabRequestError(                                   │
│   197 │   │   │   │   f"Failed to issue request {method} {endpoint}:         │
│       {response.reason}",                                                    │
│   198 │   │   │   │   request=response.request,                              │
│   199 │   │   │   │   response=response,                                     │
╰──────────────────────────────────────────────────────────────────────────────╯
ColabRequestError: Failed to issue request POST 
https://colab.research.google.com/tun/m/assign?nbh=813f52c4_c6a9_48a0_94ee_e7d44
56c41f1........&variant=GPU&accelerator=T4: Service Unavailable

2026-09-05 16:48:21 fm-socrates: assign T4 flaky — retry in 30s
2026-09-05 16:48:52 + colab --auth=adc new -s fm-socrates --gpu L4
2026-09-05 16:48:53 [colab] Creating session 'fm-socrates'...
[colab] Backend rejected accelerator 'L4'. You may not have quota or entitlement for this accelerator on your account. Try a different one (e.g. --gpu T4) or omit --gpu/--tpu for a CPU runtime.

2026-09-05 16:48:53 fm-socrates: L4 unavailable — trying next
2026-09-05 16:48:55 + colab --auth=adc new -s fm-socrates --gpu T4
2026-09-05 16:48:56 se Body: {response.text}")           │
│   195 │   │   if not response.ok:                                            │
│ ❱ 196 │   │   │   raise ColabRequestError(                                   │
│   197 │   │   │   │   f"Failed to issue request {method} {endpoint}:         │
│       {response.reason}",                                                    │
│   198 │   │   │   │   request=response.request,                              │
│   199 │   │   │   │   response=response,                                     │
╰──────────────────────────────────────────────────────────────────────────────╯
ColabRequestError: Failed to issue request POST 
https://colab.research.google.com/tun/m/assign?nbh=baacf932_fb5d_42fe_8925_78c34
ce84e6f........&variant=GPU&accelerator=T4: Service Unavailable

2026-09-05 16:48:56 fm-socrates: assign T4 flaky — retry in 30s
2026-09-05 16:49:26 + colab --auth=adc new -s fm-socrates --gpu L4
2026-09-05 16:49:27 [colab] Creating session 'fm-socrates'...
[colab] Backend rejected accelerator 'L4'. You may not have quota or entitlement for this accelerator on your account. Try a different one (e.g. --gpu T4) or omit --gpu/--tpu for a CPU runtime.

2026-09-05 16:49:27 fm-socrates: L4 unavailable — trying next
2026-09-05 16:49:29 + colab --auth=adc new -s fm-socrates --gpu T4
2026-09-05 16:49:31 se Body: {response.text}")           │
│   195 │   │   if not response.ok:                                            │
│ ❱ 196 │   │   │   raise ColabRequestError(                                   │
│   197 │   │   │   │   f"Failed to issue request {method} {endpoint}:         │
│       {response.reason}",                                                    │
│   198 │   │   │   │   request=response.request,                              │
│   199 │   │   │   │   response=response,                                     │
╰──────────────────────────────────────────────────────────────────────────────╯
ColabRequestError: Failed to issue request POST 
https://colab.research.google.com/tun/m/assign?nbh=262f5ca7_7bd8_4714_88cf_7e5f2
fef7a56........&variant=GPU&accelerator=T4: Service Unavailable

2026-09-05 16:49:31 fm-socrates: assign T4 flaky — retry in 30s
2026-09-05 16:50:01 + colab --auth=adc new -s fm-socrates --gpu L4
2026-09-05 16:50:02 [colab] Creating session 'fm-socrates'...
[colab] Backend rejected accelerator 'L4'. You may not have quota or entitlement for this accelerator on your account. Try a different one (e.g. --gpu T4) or omit --gpu/--tpu for a CPU runtime.

2026-09-05 16:50:02 fm-socrates: L4 unavailable — trying next
2026-09-05 16:50:04 + colab --auth=adc new -s fm-socrates --gpu T4
2026-09-05 16:50:05 se Body: {response.text}")           │
│   195 │   │   if not response.ok:                                            │
│ ❱ 196 │   │   │   raise ColabRequestError(                                   │
│   197 │   │   │   │   f"Failed to issue request {method} {endpoint}:         │
│       {response.reason}",                                                    │
│   198 │   │   │   │   request=response.request,                              │
│   199 │   │   │   │   response=response,                                     │
╰──────────────────────────────────────────────────────────────────────────────╯
ColabRequestError: Failed to issue request POST 
https://colab.research.google.com/tun/m/assign?nbh=e80cde94_34a9_46de_b4e4_9a565
e0cebc9........&variant=GPU&accelerator=T4: Service Unavailable

2026-09-05 16:50:05 fm-socrates: assign T4 flaky — retry in 30s
2026-09-05 16:50:35 + colab --auth=adc new -s fm-socrates --gpu L4
2026-09-05 16:50:36 [colab] Creating session 'fm-socrates'...
[colab] Backend rejected accelerator 'L4'. You may not have quota or entitlement for this accelerator on your account. Try a different one (e.g. --gpu T4) or omit --gpu/--tpu for a CPU runtime.

2026-09-05 16:50:36 fm-socrates: L4 unavailable — trying next
2026-09-05 16:50:38 + colab --auth=adc new -s fm-socrates --gpu T4
2026-09-05 16:50:39 se Body: {response.text}")           │
│   195 │   │   if not response.ok:                                            │
│ ❱ 196 │   │   │   raise ColabRequestError(                                   │
│   197 │   │   │   │   f"Failed to issue request {method} {endpoint}:         │
│       {response.reason}",                                                    │
│   198 │   │   │   │   request=response.request,                              │
│   199 │   │   │   │   response=response,                                     │
╰──────────────────────────────────────────────────────────────────────────────╯
ColabRequestError: Failed to issue request POST 
https://colab.research.google.com/tun/m/assign?nbh=52f9c0b3_41fc_4b63_987c_c9465
0b1d86f........&variant=GPU&accelerator=T4: Service Unavailable

2026-09-05 16:50:39 fm-socrates: assign T4 flaky — retry in 30s
2026-09-05 16:51:09 + colab --auth=adc new -s fm-socrates --gpu L4
2026-09-05 16:51:11 [colab] Creating session 'fm-socrates'...
[colab] Backend rejected accelerator 'L4'. You may not have quota or entitlement for this accelerator on your account. Try a different one (e.g. --gpu T4) or omit --gpu/--tpu for a CPU runtime.

2026-09-05 16:51:11 fm-socrates: L4 unavailable — trying next
2026-09-05 16:51:13 + colab --auth=adc new -s fm-socrates --gpu T4
2026-09-05 16:51:14 se Body: {response.text}")           │
│   195 │   │   if not response.ok:                                            │
│ ❱ 196 │   │   │   raise ColabRequestError(                                   │
│   197 │   │   │   │   f"Failed to issue request {method} {endpoint}:         │
│       {response.reason}",                                                    │
│   198 │   │   │   │   request=response.request,                              │
│   199 │   │   │   │   response=response,                                     │
╰──────────────────────────────────────────────────────────────────────────────╯
ColabRequestError: Failed to issue request POST 
https://colab.research.google.com/tun/m/assign?nbh=53acd2ed_6457_4640_b768_b5fd6
7b2f3cd........&variant=GPU&accelerator=T4: Service Unavailable

2026-09-05 16:51:14 fm-socrates: assign T4 flaky — retry in 30s
2026-09-05 16:51:44 + colab --auth=adc new -s fm-socrates --gpu L4
2026-09-05 16:51:45 [colab] Creating session 'fm-socrates'...
[colab] Backend rejected accelerator 'L4'. You may not have quota or entitlement for this accelerator on your account. Try a different one (e.g. --gpu T4) or omit --gpu/--tpu for a CPU runtime.

2026-09-05 16:51:45 fm-socrates: L4 unavailable — trying next
2026-09-05 16:51:47 + colab --auth=adc new -s fm-socrates --gpu T4
2026-09-05 16:51:48 se Body: {response.text}")           │
│   195 │   │   if not response.ok:                                            │
│ ❱ 196 │   │   │   raise ColabRequestError(                                   │
│   197 │   │   │   │   f"Failed to issue request {method} {endpoint}:         │
│       {response.reason}",                                                    │
│   198 │   │   │   │   request=response.request,                              │
│   199 │   │   │   │   response=response,                                     │
╰──────────────────────────────────────────────────────────────────────────────╯
ColabRequestError: Failed to issue request POST 
https://colab.research.google.com/tun/m/assign?nbh=e3ffa4c2_1e17_4632_83b5_232c8
f50b62d........&variant=GPU&accelerator=T4: Service Unavailable

2026-09-05 16:51:48 fm-socrates: assign T4 flaky — retry in 30s
2026-09-05 16:52:19 + colab --auth=adc new -s fm-socrates --gpu L4
2026-09-05 16:52:21 [colab] Creating session 'fm-socrates'...
[colab] Backend rejected accelerator 'L4'. You may not have quota or entitlement for this accelerator on your account. Try a different one (e.g. --gpu T4) or omit --gpu/--tpu for a CPU runtime.

2026-09-05 16:52:21 fm-socrates: L4 unavailable — trying next
2026-09-05 16:52:23 + colab --auth=adc new -s fm-socrates --gpu T4
2026-09-05 16:52:24 se Body: {response.text}")           │
│   195 │   │   if not response.ok:                                            │
│ ❱ 196 │   │   │   raise ColabRequestError(                                   │
│   197 │   │   │   │   f"Failed to issue request {method} {endpoint}:         │
│       {response.reason}",                                                    │
│   198 │   │   │   │   request=response.request,                              │
│   199 │   │   │   │   response=response,                                     │
╰──────────────────────────────────────────────────────────────────────────────╯
ColabRequestError: Failed to issue request POST 
https://colab.research.google.com/tun/m/assign?nbh=43965f00_81df_4379_8ece_a7f9f
2e0599c........&variant=GPU&accelerator=T4: Service Unavailable

2026-09-05 16:52:24 fm-socrates: assign T4 flaky — retry in 30s
2026-09-05 16:52:54 + colab --auth=adc new -s fm-socrates --gpu L4
2026-09-05 16:52:55 [colab] Creating session 'fm-socrates'...
[colab] Backend rejected accelerator 'L4'. You may not have quota or entitlement for this accelerator on your account. Try a different one (e.g. --gpu T4) or omit --gpu/--tpu for a CPU runtime.

2026-09-05 16:52:55 fm-socrates: L4 unavailable — trying next
2026-09-05 16:52:57 + colab --auth=adc new -s fm-socrates --gpu T4
2026-09-05 16:52:58 se Body: {response.text}")           │
│   195 │   │   if not response.ok:                                            │
│ ❱ 196 │   │   │   raise ColabRequestError(                                   │
│   197 │   │   │   │   f"Failed to issue request {method} {endpoint}:         │
│       {response.reason}",                                                    │
│   198 │   │   │   │   request=response.request,                              │
│   199 │   │   │   │   response=response,                                     │
╰──────────────────────────────────────────────────────────────────────────────╯
ColabRequestError: Failed to issue request POST 
https://colab.research.google.com/tun/m/assign?nbh=3b591c9d_d412_411e_bcfb_e957a
5b8c87a........&variant=GPU&accelerator=T4: Service Unavailable

2026-09-05 16:52:58 fm-socrates: assign T4 flaky — retry in 30s
2026-09-05 16:53:28 + colab --auth=adc new -s fm-socrates --gpu L4
2026-09-05 16:53:30 [colab] Creating session 'fm-socrates'...
[colab] Backend rejected accelerator 'L4'. You may not have quota or entitlement for this accelerator on your account. Try a different one (e.g. --gpu T4) or omit --gpu/--tpu for a CPU runtime.

2026-09-05 16:53:30 fm-socrates: L4 unavailable — trying next
2026-09-05 16:53:32 + colab --auth=adc new -s fm-socrates --gpu T4
2026-09-05 16:53:33 se Body: {response.text}")           │
│   195 │   │   if not response.ok:                                            │
│ ❱ 196 │   │   │   raise ColabRequestError(                                   │
│   197 │   │   │   │   f"Failed to issue request {method} {endpoint}:         │
│       {response.reason}",                                                    │
│   198 │   │   │   │   request=response.request,                              │
│   199 │   │   │   │   response=response,                                     │
╰──────────────────────────────────────────────────────────────────────────────╯
ColabRequestError: Failed to issue request POST 
https://colab.research.google.com/tun/m/assign?nbh=691482ed_e4ac_4ebe_9e4a_52f18
60bc94e........&variant=GPU&accelerator=T4: Service Unavailable

2026-09-05 16:53:33 fm-socrates: assign T4 flaky — retry in 30s
2026-09-05 16:54:03 + colab --auth=adc new -s fm-socrates --gpu L4
2026-09-05 16:54:05 [colab] Creating session 'fm-socrates'...
[colab] Backend rejected accelerator 'L4'. You may not have quota or entitlement for this accelerator on your account. Try a different one (e.g. --gpu T4) or omit --gpu/--tpu for a CPU runtime.

2026-09-05 16:54:05 fm-socrates: L4 unavailable — trying next
2026-09-05 16:54:07 + colab --auth=adc new -s fm-socrates --gpu T4
2026-09-05 16:54:09 se Body: {response.text}")           │
│   195 │   │   if not response.ok:                                            │
│ ❱ 196 │   │   │   raise ColabRequestError(                                   │
│   197 │   │   │   │   f"Failed to issue request {method} {endpoint}:         │
│       {response.reason}",                                                    │
│   198 │   │   │   │   request=response.request,                              │
│   199 │   │   │   │   response=response,                                     │
╰──────────────────────────────────────────────────────────────────────────────╯
ColabRequestError: Failed to issue request POST 
https://colab.research.google.com/tun/m/assign?nbh=9e97f0ff_7f86_4f45_b382_7622f
c0d30d2........&variant=GPU&accelerator=T4: Service Unavailable

2026-09-05 16:54:09 fm-socrates: assign T4 flaky — retry in 30s
2026-09-05 16:54:39 + colab --auth=adc new -s fm-socrates --gpu L4
2026-09-05 16:54:40 [colab] Creating session 'fm-socrates'...
[colab] Backend rejected accelerator 'L4'. You may not have quota or entitlement for this accelerator on your account. Try a different one (e.g. --gpu T4) or omit --gpu/--tpu for a CPU runtime.

2026-09-05 16:54:40 fm-socrates: L4 unavailable — trying next
2026-09-05 16:54:42 + colab --auth=adc new -s fm-socrates --gpu T4
2026-09-05 16:54:43 se Body: {response.text}")           │
│   195 │   │   if not response.ok:                                            │
│ ❱ 196 │   │   │   raise ColabRequestError(                                   │
│   197 │   │   │   │   f"Failed to issue request {method} {endpoint}:         │
│       {response.reason}",                                                    │
│   198 │   │   │   │   request=response.request,                              │
│   199 │   │   │   │   response=response,                                     │
╰──────────────────────────────────────────────────────────────────────────────╯
ColabRequestError: Failed to issue request POST 
https://colab.research.google.com/tun/m/assign?nbh=3614aa08_0592_4657_b298_8d30e
e84a6f4........&variant=GPU&accelerator=T4: Service Unavailable

2026-09-05 16:54:43 fm-socrates: assign T4 flaky — retry in 30s
2026-09-05 16:55:13 + colab --auth=adc new -s fm-socrates --gpu L4
2026-09-05 16:55:15 [colab] Creating session 'fm-socrates'...
[colab] Backend rejected accelerator 'L4'. You may not have quota or entitlement for this accelerator on your account. Try a different one (e.g. --gpu T4) or omit --gpu/--tpu for a CPU runtime.

2026-09-05 16:55:15 fm-socrates: L4 unavailable — trying next
2026-09-05 16:55:17 + colab --auth=adc new -s fm-socrates --gpu T4
2026-09-05 16:55:18 se Body: {response.text}")           │
│   195 │   │   if not response.ok:                                            │
│ ❱ 196 │   │   │   raise ColabRequestError(                                   │
│   197 │   │   │   │   f"Failed to issue request {method} {endpoint}:         │
│       {response.reason}",                                                    │
│   198 │   │   │   │   request=response.request,                              │
│   199 │   │   │   │   response=response,                                     │
╰──────────────────────────────────────────────────────────────────────────────╯
ColabRequestError: Failed to issue request POST 
https://colab.research.google.com/tun/m/assign?nbh=c96e7170_50a0_450d_bc9e_14cd2
cc861a9........&variant=GPU&accelerator=T4: Service Unavailable

2026-09-05 16:55:18 fm-socrates: assign T4 flaky — retry in 30s
2026-09-05 16:55:48 + colab --auth=adc new -s fm-socrates --gpu L4
2026-09-05 16:55:49 [colab] Creating session 'fm-socrates'...
[colab] Backend rejected accelerator 'L4'. You may not have quota or entitlement for this accelerator on your account. Try a different one (e.g. --gpu T4) or omit --gpu/--tpu for a CPU runtime.

2026-09-05 16:55:49 fm-socrates: L4 unavailable — trying next
2026-09-05 16:55:51 + colab --auth=adc new -s fm-socrates --gpu T4
2026-09-05 16:55:53 se Body: {response.text}")           │
│   195 │   │   if not response.ok:                                            │
│ ❱ 196 │   │   │   raise ColabRequestError(                                   │
│   197 │   │   │   │   f"Failed to issue request {method} {endpoint}:         │
│       {response.reason}",                                                    │
│   198 │   │   │   │   request=response.request,                              │
│   199 │   │   │   │   response=response,                                     │
╰──────────────────────────────────────────────────────────────────────────────╯
ColabRequestError: Failed to issue request POST 
https://colab.research.google.com/tun/m/assign?nbh=0a6fe7d9_22ea_44af_8696_0d85b
b1ac2fc........&variant=GPU&accelerator=T4: Service Unavailable

2026-09-05 16:55:53 fm-socrates: assign T4 flaky — retry in 30s
2026-09-05 16:56:23 + colab --auth=adc new -s fm-socrates --gpu L4
2026-09-05 16:56:24 [colab] Creating session 'fm-socrates'...
[colab] Backend rejected accelerator 'L4'. You may not have quota or entitlement for this accelerator on your account. Try a different one (e.g. --gpu T4) or omit --gpu/--tpu for a CPU runtime.

2026-09-05 16:56:24 fm-socrates: L4 unavailable — trying next
2026-09-05 16:56:26 + colab --auth=adc new -s fm-socrates --gpu T4
2026-09-05 16:56:27 se Body: {response.text}")           │
│   195 │   │   if not response.ok:                                            │
│ ❱ 196 │   │   │   raise ColabRequestError(                                   │
│   197 │   │   │   │   f"Failed to issue request {method} {endpoint}:         │
│       {response.reason}",                                                    │
│   198 │   │   │   │   request=response.request,                              │
│   199 │   │   │   │   response=response,                                     │
╰──────────────────────────────────────────────────────────────────────────────╯
ColabRequestError: Failed to issue request POST 
https://colab.research.google.com/tun/m/assign?nbh=be0455d5_2df6_4d82_836c_aaf37
eedd4d5........&variant=GPU&accelerator=T4: Service Unavailable

2026-09-05 16:56:27 fm-socrates: assign T4 flaky — retry in 30s
2026-09-05 16:56:58 + colab --auth=adc new -s fm-socrates --gpu L4
2026-09-05 16:56:59 [colab] Creating session 'fm-socrates'...
[colab] Backend rejected accelerator 'L4'. You may not have quota or entitlement for this accelerator on your account. Try a different one (e.g. --gpu T4) or omit --gpu/--tpu for a CPU runtime.

2026-09-05 16:56:59 fm-socrates: L4 unavailable — trying next
2026-09-05 16:57:01 + colab --auth=adc new -s fm-socrates --gpu T4
2026-09-05 16:57:02 se Body: {response.text}")           │
│   195 │   │   if not response.ok:                                            │
│ ❱ 196 │   │   │   raise ColabRequestError(                                   │
│   197 │   │   │   │   f"Failed to issue request {method} {endpoint}:         │
│       {response.reason}",                                                    │
│   198 │   │   │   │   request=response.request,                              │
│   199 │   │   │   │   response=response,                                     │
╰──────────────────────────────────────────────────────────────────────────────╯
ColabRequestError: Failed to issue request POST 
https://colab.research.google.com/tun/m/assign?nbh=e1f900a4_2157_47e7_9309_e6a76
5b29a2c........&variant=GPU&accelerator=T4: Service Unavailable

2026-09-05 16:57:02 fm-socrates: assign T4 flaky — retry in 30s
2026-09-05 16:57:32 + colab --auth=adc new -s fm-socrates --gpu L4
2026-09-05 16:57:33 [colab] Creating session 'fm-socrates'...
[colab] Backend rejected accelerator 'L4'. You may not have quota or entitlement for this accelerator on your account. Try a different one (e.g. --gpu T4) or omit --gpu/--tpu for a CPU runtime.

2026-09-05 16:57:34 fm-socrates: L4 unavailable — trying next
2026-09-05 16:57:36 + colab --auth=adc new -s fm-socrates --gpu T4
2026-09-05 16:57:37 se Body: {response.text}")           │
│   195 │   │   if not response.ok:                                            │
│ ❱ 196 │   │   │   raise ColabRequestError(                                   │
│   197 │   │   │   │   f"Failed to issue request {method} {endpoint}:         │
│       {response.reason}",                                                    │
│   198 │   │   │   │   request=response.request,                              │
│   199 │   │   │   │   response=response,                                     │
╰──────────────────────────────────────────────────────────────────────────────╯
ColabRequestError: Failed to issue request POST 
https://colab.research.google.com/tun/m/assign?nbh=2d400eaa_ed17_4f38_a94c_234f3
1425c34........&variant=GPU&accelerator=T4: Service Unavailable

2026-09-05 16:57:37 fm-socrates: assign T4 flaky — retry in 30s
2026-09-05 16:58:07 + colab --auth=adc new -s fm-socrates --gpu L4
2026-09-05 16:58:09 [colab] Creating session 'fm-socrates'...
[colab] Backend rejected accelerator 'L4'. You may not have quota or entitlement for this accelerator on your account. Try a different one (e.g. --gpu T4) or omit --gpu/--tpu for a CPU runtime.

2026-09-05 16:58:09 fm-socrates: L4 unavailable — trying next
2026-09-05 16:58:11 + colab --auth=adc new -s fm-socrates --gpu T4
2026-09-05 16:58:12 se Body: {response.text}")           │
│   195 │   │   if not response.ok:                                            │
│ ❱ 196 │   │   │   raise ColabRequestError(                                   │
│   197 │   │   │   │   f"Failed to issue request {method} {endpoint}:         │
│       {response.reason}",                                                    │
│   198 │   │   │   │   request=response.request,                              │
│   199 │   │   │   │   response=response,                                     │
╰──────────────────────────────────────────────────────────────────────────────╯
ColabRequestError: Failed to issue request POST 
https://colab.research.google.com/tun/m/assign?nbh=5f18f9fb_8d80_4cfe_bb1c_4149f
75cf9a3........&variant=GPU&accelerator=T4: Service Unavailable

2026-09-05 16:58:12 fm-socrates: assign T4 flaky — retry in 30s
2026-09-05 16:58:42 + colab --auth=adc new -s fm-socrates --gpu L4
2026-09-05 16:58:43 [colab] Creating session 'fm-socrates'...
[colab] Backend rejected accelerator 'L4'. You may not have quota or entitlement for this accelerator on your account. Try a different one (e.g. --gpu T4) or omit --gpu/--tpu for a CPU runtime.

2026-09-05 16:58:43 fm-socrates: L4 unavailable — trying next
2026-09-05 16:58:45 + colab --auth=adc new -s fm-socrates --gpu T4
2026-09-05 16:58:47 se Body: {response.text}")           │
│   195 │   │   if not response.ok:                                            │
│ ❱ 196 │   │   │   raise ColabRequestError(                                   │
│   197 │   │   │   │   f"Failed to issue request {method} {endpoint}:         │
│       {response.reason}",                                                    │
│   198 │   │   │   │   request=response.request,                              │
│   199 │   │   │   │   response=response,                                     │
╰──────────────────────────────────────────────────────────────────────────────╯
ColabRequestError: Failed to issue request POST 
https://colab.research.google.com/tun/m/assign?nbh=0d3579c6_7d30_4b30_80f8_a5412
1ca150b........&variant=GPU&accelerator=T4: Service Unavailable

2026-09-05 16:58:47 fm-socrates: assign T4 flaky — retry in 30s
2026-09-05 16:59:17 + colab --auth=adc new -s fm-socrates --gpu L4
2026-09-05 16:59:18 [colab] Creating session 'fm-socrates'...
[colab] Backend rejected accelerator 'L4'. You may not have quota or entitlement for this accelerator on your account. Try a different one (e.g. --gpu T4) or omit --gpu/--tpu for a CPU runtime.

2026-09-05 16:59:18 fm-socrates: L4 unavailable — trying next
2026-09-05 16:59:20 + colab --auth=adc new -s fm-socrates --gpu T4
2026-09-05 16:59:21 se Body: {response.text}")           │
│   195 │   │   if not response.ok:                                            │
│ ❱ 196 │   │   │   raise ColabRequestError(                                   │
│   197 │   │   │   │   f"Failed to issue request {method} {endpoint}:         │
│       {response.reason}",                                                    │
│   198 │   │   │   │   request=response.request,                              │
│   199 │   │   │   │   response=response,                                     │
╰──────────────────────────────────────────────────────────────────────────────╯
ColabRequestError: Failed to issue request POST 
https://colab.research.google.com/tun/m/assign?nbh=c05c9c49_7e84_4e01_b9f6_59ea7
6ef23a2........&variant=GPU&accelerator=T4: Service Unavailable

2026-09-05 16:59:21 fm-socrates: assign T4 flaky — retry in 30s
2026-09-05 16:59:51 + colab --auth=adc new -s fm-socrates --gpu L4
2026-09-05 16:59:53 [colab] Creating session 'fm-socrates'...
[colab] Backend rejected accelerator 'L4'. You may not have quota or entitlement for this accelerator on your account. Try a different one (e.g. --gpu T4) or omit --gpu/--tpu for a CPU runtime.

2026-09-05 16:59:53 fm-socrates: L4 unavailable — trying next
2026-09-05 16:59:55 + colab --auth=adc new -s fm-socrates --gpu T4
2026-09-05 16:59:56 se Body: {response.text}")           │
│   195 │   │   if not response.ok:                                            │
│ ❱ 196 │   │   │   raise ColabRequestError(                                   │
│   197 │   │   │   │   f"Failed to issue request {method} {endpoint}:         │
│       {response.reason}",                                                    │
│   198 │   │   │   │   request=response.request,                              │
│   199 │   │   │   │   response=response,                                     │
╰──────────────────────────────────────────────────────────────────────────────╯
ColabRequestError: Failed to issue request POST 
https://colab.research.google.com/tun/m/assign?nbh=dace2dfd_8c75_459d_8f03_33cfe
69320ec........&variant=GPU&accelerator=T4: Service Unavailable

2026-09-05 16:59:56 fm-socrates: assign T4 flaky — retry in 30s
2026-09-05 17:00:26 + colab --auth=adc new -s fm-socrates --gpu L4
2026-09-05 17:00:28 [colab] Creating session 'fm-socrates'...
[colab] Backend rejected accelerator 'L4'. You may not have quota or entitlement for this accelerator on your account. Try a different one (e.g. --gpu T4) or omit --gpu/--tpu for a CPU runtime.

2026-09-05 17:00:28 fm-socrates: L4 unavailable — trying next
2026-09-05 17:00:30 + colab --auth=adc new -s fm-socrates --gpu T4
2026-09-05 17:00:31 se Body: {response.text}")           │
│   195 │   │   if not response.ok:                                            │
│ ❱ 196 │   │   │   raise ColabRequestError(                                   │
│   197 │   │   │   │   f"Failed to issue request {method} {endpoint}:         │
│       {response.reason}",                                                    │
│   198 │   │   │   │   request=response.request,                              │
│   199 │   │   │   │   response=response,                                     │
╰──────────────────────────────────────────────────────────────────────────────╯
ColabRequestError: Failed to issue request POST 
https://colab.research.google.com/tun/m/assign?nbh=25329d33_5808_480a_a2f3_52dbb
4353ac8........&variant=GPU&accelerator=T4: Service Unavailable

2026-09-05 17:00:31 fm-socrates: assign T4 flaky — retry in 30s
2026-09-05 17:01:01 + colab --auth=adc new -s fm-socrates --gpu L4
2026-09-05 17:01:02 [colab] Creating session 'fm-socrates'...
[colab] Backend rejected accelerator 'L4'. You may not have quota or entitlement for this accelerator on your account. Try a different one (e.g. --gpu T4) or omit --gpu/--tpu for a CPU runtime.

2026-09-05 17:01:02 fm-socrates: L4 unavailable — trying next
2026-09-05 17:01:04 + colab --auth=adc new -s fm-socrates --gpu T4
2026-09-05 17:01:05 se Body: {response.text}")           │
│   195 │   │   if not response.ok:                                            │
│ ❱ 196 │   │   │   raise ColabRequestError(                                   │
│   197 │   │   │   │   f"Failed to issue request {method} {endpoint}:         │
│       {response.reason}",                                                    │
│   198 │   │   │   │   request=response.request,                              │
│   199 │   │   │   │   response=response,                                     │
╰──────────────────────────────────────────────────────────────────────────────╯
ColabRequestError: Failed to issue request POST 
https://colab.research.google.com/tun/m/assign?nbh=45b6c0ae_5398_4d73_a740_7810e
d621a97........&variant=GPU&accelerator=T4: Service Unavailable

2026-09-05 17:01:05 fm-socrates: assign T4 flaky — retry in 30s
2026-09-05 17:01:35 + colab --auth=adc new -s fm-socrates --gpu L4
2026-09-05 17:01:37 [colab] Creating session 'fm-socrates'...
[colab] Backend rejected accelerator 'L4'. You may not have quota or entitlement for this accelerator on your account. Try a different one (e.g. --gpu T4) or omit --gpu/--tpu for a CPU runtime.

2026-09-05 17:01:37 fm-socrates: L4 unavailable — trying next
2026-09-05 17:01:39 + colab --auth=adc new -s fm-socrates --gpu T4
2026-09-05 17:01:40 se Body: {response.text}")           │
│   195 │   │   if not response.ok:                                            │
│ ❱ 196 │   │   │   raise ColabRequestError(                                   │
│   197 │   │   │   │   f"Failed to issue request {method} {endpoint}:         │
│       {response.reason}",                                                    │
│   198 │   │   │   │   request=response.request,                              │
│   199 │   │   │   │   response=response,                                     │
╰──────────────────────────────────────────────────────────────────────────────╯
ColabRequestError: Failed to issue request POST 
https://colab.research.google.com/tun/m/assign?nbh=31925a36_6d55_4b12_964e_97bba
d6fffcb........&variant=GPU&accelerator=T4: Service Unavailable

2026-09-05 17:01:40 fm-socrates: assign T4 flaky — retry in 30s
2026-09-05 17:02:10 + colab --auth=adc new -s fm-socrates --gpu L4
2026-09-05 17:02:12 [colab] Creating session 'fm-socrates'...
[colab] Backend rejected accelerator 'L4'. You may not have quota or entitlement for this accelerator on your account. Try a different one (e.g. --gpu T4) or omit --gpu/--tpu for a CPU runtime.

2026-09-05 17:02:12 fm-socrates: L4 unavailable — trying next
2026-09-05 17:02:14 + colab --auth=adc new -s fm-socrates --gpu T4
2026-09-05 17:02:15 se Body: {response.text}")           │
│   195 │   │   if not response.ok:                                            │
│ ❱ 196 │   │   │   raise ColabRequestError(                                   │
│   197 │   │   │   │   f"Failed to issue request {method} {endpoint}:         │
│       {response.reason}",                                                    │
│   198 │   │   │   │   request=response.request,                              │
│   199 │   │   │   │   response=response,                                     │
╰──────────────────────────────────────────────────────────────────────────────╯
ColabRequestError: Failed to issue request POST 
https://colab.research.google.com/tun/m/assign?nbh=c9f62106_6ccd_43d4_af65_18f7f
97fe29d........&variant=GPU&accelerator=T4: Service Unavailable

2026-09-05 17:02:15 fm-socrates: assign T4 flaky — retry in 30s
2026-09-05 17:02:45 + colab --auth=adc new -s fm-socrates --gpu L4
2026-09-05 17:02:46 [colab] Creating session 'fm-socrates'...
[colab] Backend rejected accelerator 'L4'. You may not have quota or entitlement for this accelerator on your account. Try a different one (e.g. --gpu T4) or omit --gpu/--tpu for a CPU runtime.

2026-09-05 17:02:46 fm-socrates: L4 unavailable — trying next
2026-09-05 17:02:48 + colab --auth=adc new -s fm-socrates --gpu T4
2026-09-05 17:02:49 se Body: {response.text}")           │
│   195 │   │   if not response.ok:                                            │
│ ❱ 196 │   │   │   raise ColabRequestError(                                   │
│   197 │   │   │   │   f"Failed to issue request {method} {endpoint}:         │
│       {response.reason}",                                                    │
│   198 │   │   │   │   request=response.request,                              │
│   199 │   │   │   │   response=response,                                     │
╰──────────────────────────────────────────────────────────────────────────────╯
ColabRequestError: Failed to issue request POST 
https://colab.research.google.com/tun/m/assign?nbh=ea054ba7_b42a_404e_81f1_6de0f
eefc209........&variant=GPU&accelerator=T4: Service Unavailable

2026-09-05 17:02:49 fm-socrates: assign T4 flaky — retry in 30s
2026-09-05 17:03:19 + colab --auth=adc new -s fm-socrates --gpu L4
2026-09-05 17:03:21 [colab] Creating session 'fm-socrates'...
[colab] Backend rejected accelerator 'L4'. You may not have quota or entitlement for this accelerator on your account. Try a different one (e.g. --gpu T4) or omit --gpu/--tpu for a CPU runtime.

2026-09-05 17:03:21 fm-socrates: L4 unavailable — trying next
2026-09-05 17:03:23 + colab --auth=adc new -s fm-socrates --gpu T4
2026-09-05 17:03:24 se Body: {response.text}")           │
│   195 │   │   if not response.ok:                                            │
│ ❱ 196 │   │   │   raise ColabRequestError(                                   │
│   197 │   │   │   │   f"Failed to issue request {method} {endpoint}:         │
│       {response.reason}",                                                    │
│   198 │   │   │   │   request=response.request,                              │
│   199 │   │   │   │   response=response,                                     │
╰──────────────────────────────────────────────────────────────────────────────╯
ColabRequestError: Failed to issue request POST 
https://colab.research.google.com/tun/m/assign?nbh=ebc5c665_089a_43a3_96c5_c29b5
f43273a........&variant=GPU&accelerator=T4: Service Unavailable

2026-09-05 17:03:24 fm-socrates: assign T4 flaky — retry in 30s
2026-09-05 17:03:54 + colab --auth=adc new -s fm-socrates --gpu L4
2026-09-05 17:03:55 [colab] Creating session 'fm-socrates'...
[colab] Backend rejected accelerator 'L4'. You may not have quota or entitlement for this accelerator on your account. Try a different one (e.g. --gpu T4) or omit --gpu/--tpu for a CPU runtime.

2026-09-05 17:03:55 fm-socrates: L4 unavailable — trying next
2026-09-05 17:03:57 + colab --auth=adc new -s fm-socrates --gpu T4
2026-09-05 17:03:58 se Body: {response.text}")           │
│   195 │   │   if not response.ok:                                            │
│ ❱ 196 │   │   │   raise ColabRequestError(                                   │
│   197 │   │   │   │   f"Failed to issue request {method} {endpoint}:         │
│       {response.reason}",                                                    │
│   198 │   │   │   │   request=response.request,                              │
│   199 │   │   │   │   response=response,                                     │
╰──────────────────────────────────────────────────────────────────────────────╯
ColabRequestError: Failed to issue request POST 
https://colab.research.google.com/tun/m/assign?nbh=6eaacc3d_16a6_4f95_845f_bb9f8
380ec11........&variant=GPU&accelerator=T4: Service Unavailable

2026-09-05 17:03:58 fm-socrates: assign T4 flaky — retry in 30s
2026-09-05 17:04:28 + colab --auth=adc new -s fm-socrates --gpu L4
2026-09-05 17:04:31 [colab] Creating session 'fm-socrates'...
[colab] Backend rejected accelerator 'L4'. You may not have quota or entitlement for this accelerator on your account. Try a different one (e.g. --gpu T4) or omit --gpu/--tpu for a CPU runtime.

2026-09-05 17:04:31 fm-socrates: L4 unavailable — trying next
2026-09-05 17:04:33 + colab --auth=adc new -s fm-socrates --gpu T4
2026-09-05 17:04:34 se Body: {response.text}")           │
│   195 │   │   if not response.ok:                                            │
│ ❱ 196 │   │   │   raise ColabRequestError(                                   │
│   197 │   │   │   │   f"Failed to issue request {method} {endpoint}:         │
│       {response.reason}",                                                    │
│   198 │   │   │   │   request=response.request,                              │
│   199 │   │   │   │   response=response,                                     │
╰──────────────────────────────────────────────────────────────────────────────╯
ColabRequestError: Failed to issue request POST 
https://colab.research.google.com/tun/m/assign?nbh=0ba2704d_78e5_4846_8fc6_8466e
dc44181........&variant=GPU&accelerator=T4: Service Unavailable

2026-09-05 17:04:34 fm-socrates: assign T4 flaky — retry in 30s
2026-09-05 17:05:04 + colab --auth=adc new -s fm-socrates --gpu L4
2026-09-05 17:05:06 [colab] Creating session 'fm-socrates'...
[colab] Backend rejected accelerator 'L4'. You may not have quota or entitlement for this accelerator on your account. Try a different one (e.g. --gpu T4) or omit --gpu/--tpu for a CPU runtime.

2026-09-05 17:05:06 fm-socrates: L4 unavailable — trying next
2026-09-05 17:05:08 + colab --auth=adc new -s fm-socrates --gpu T4
2026-09-05 17:05:11 se Body: {response.text}")           │
│   195 │   │   if not response.ok:                                            │
│ ❱ 196 │   │   │   raise ColabRequestError(                                   │
│   197 │   │   │   │   f"Failed to issue request {method} {endpoint}:         │
│       {response.reason}",                                                    │
│   198 │   │   │   │   request=response.request,                              │
│   199 │   │   │   │   response=response,                                     │
╰──────────────────────────────────────────────────────────────────────────────╯
ColabRequestError: Failed to issue request POST 
https://colab.research.google.com/tun/m/assign?nbh=6a89b7b9_de61_4a8d_b9b9_ed46c
22b8757........&variant=GPU&accelerator=T4: Service Unavailable

2026-09-05 17:05:11 fm-socrates: assign T4 flaky — retry in 30s
2026-09-05 17:05:41 + colab --auth=adc new -s fm-socrates --gpu L4
2026-09-05 17:05:42 [colab] Creating session 'fm-socrates'...
[colab] Backend rejected accelerator 'L4'. You may not have quota or entitlement for this accelerator on your account. Try a different one (e.g. --gpu T4) or omit --gpu/--tpu for a CPU runtime.

2026-09-05 17:05:42 fm-socrates: L4 unavailable — trying next
2026-09-05 17:05:44 + colab --auth=adc new -s fm-socrates --gpu T4
2026-09-05 17:05:46 se Body: {response.text}")           │
│   195 │   │   if not response.ok:                                            │
│ ❱ 196 │   │   │   raise ColabRequestError(                                   │
│   197 │   │   │   │   f"Failed to issue request {method} {endpoint}:         │
│       {response.reason}",                                                    │
│   198 │   │   │   │   request=response.request,                              │
│   199 │   │   │   │   response=response,                                     │
╰──────────────────────────────────────────────────────────────────────────────╯
ColabRequestError: Failed to issue request POST 
https://colab.research.google.com/tun/m/assign?nbh=c6064081_9863_44fc_94e7_3cc86
3ceeb46........&variant=GPU&accelerator=T4: Service Unavailable

2026-09-05 17:05:46 fm-socrates: assign T4 flaky — retry in 30s
2026-09-05 17:06:16 + colab --auth=adc new -s fm-socrates --gpu L4
2026-09-05 17:06:17 [colab] Creating session 'fm-socrates'...
[colab] Backend rejected accelerator 'L4'. You may not have quota or entitlement for this accelerator on your account. Try a different one (e.g. --gpu T4) or omit --gpu/--tpu for a CPU runtime.

2026-09-05 17:06:17 fm-socrates: L4 unavailable — trying next
2026-09-05 17:06:19 + colab --auth=adc new -s fm-socrates --gpu T4
2026-09-05 17:06:20 se Body: {response.text}")           │
│   195 │   │   if not response.ok:                                            │
│ ❱ 196 │   │   │   raise ColabRequestError(                                   │
│   197 │   │   │   │   f"Failed to issue request {method} {endpoint}:         │
│       {response.reason}",                                                    │
│   198 │   │   │   │   request=response.request,                              │
│   199 │   │   │   │   response=response,                                     │
╰──────────────────────────────────────────────────────────────────────────────╯
ColabRequestError: Failed to issue request POST 
https://colab.research.google.com/tun/m/assign?nbh=a12ff127_e36d_4338_af60_03e69
bcd06ec........&variant=GPU&accelerator=T4: Service Unavailable

2026-09-05 17:06:20 fm-socrates: assign T4 flaky — retry in 30s
2026-09-05 17:06:50 + colab --auth=adc new -s fm-socrates --gpu L4
2026-09-05 17:06:52 [colab] Creating session 'fm-socrates'...
[colab] Backend rejected accelerator 'L4'. You may not have quota or entitlement for this accelerator on your account. Try a different one (e.g. --gpu T4) or omit --gpu/--tpu for a CPU runtime.

2026-09-05 17:06:52 fm-socrates: L4 unavailable — trying next
2026-09-05 17:06:54 + colab --auth=adc new -s fm-socrates --gpu T4
2026-09-05 17:06:55 se Body: {response.text}")           │
│   195 │   │   if not response.ok:                                            │
│ ❱ 196 │   │   │   raise ColabRequestError(                                   │
│   197 │   │   │   │   f"Failed to issue request {method} {endpoint}:         │
│       {response.reason}",                                                    │
│   198 │   │   │   │   request=response.request,                              │
│   199 │   │   │   │   response=response,                                     │
╰──────────────────────────────────────────────────────────────────────────────╯
ColabRequestError: Failed to issue request POST 
https://colab.research.google.com/tun/m/assign?nbh=4034761f_1d58_4139_b993_290ec
c165018........&variant=GPU&accelerator=T4: Service Unavailable

2026-09-05 17:06:55 fm-socrates: assign T4 flaky — retry in 30s
2026-09-05 17:07:25 + colab --auth=adc new -s fm-socrates --gpu L4
2026-09-05 17:07:26 [colab] Creating session 'fm-socrates'...
[colab] Backend rejected accelerator 'L4'. You may not have quota or entitlement for this accelerator on your account. Try a different one (e.g. --gpu T4) or omit --gpu/--tpu for a CPU runtime.

2026-09-05 17:07:26 fm-socrates: L4 unavailable — trying next
2026-09-05 17:07:28 + colab --auth=adc new -s fm-socrates --gpu T4
2026-09-05 17:07:29 se Body: {response.text}")           │
│   195 │   │   if not response.ok:                                            │
│ ❱ 196 │   │   │   raise ColabRequestError(                                   │
│   197 │   │   │   │   f"Failed to issue request {method} {endpoint}:         │
│       {response.reason}",                                                    │
│   198 │   │   │   │   request=response.request,                              │
│   199 │   │   │   │   response=response,                                     │
╰──────────────────────────────────────────────────────────────────────────────╯
ColabRequestError: Failed to issue request POST 
https://colab.research.google.com/tun/m/assign?nbh=a6093763_220b_4087_b31e_0bc4f
466c892........&variant=GPU&accelerator=T4: Service Unavailable

2026-09-05 17:07:29 fm-socrates: assign T4 flaky — retry in 30s
2026-09-05 17:07:59 + colab --auth=adc new -s fm-socrates --gpu L4
2026-09-05 17:08:01 [colab] Creating session 'fm-socrates'...
[colab] Backend rejected accelerator 'L4'. You may not have quota or entitlement for this accelerator on your account. Try a different one (e.g. --gpu T4) or omit --gpu/--tpu for a CPU runtime.

2026-09-05 17:08:01 fm-socrates: L4 unavailable — trying next
2026-09-05 17:08:03 + colab --auth=adc new -s fm-socrates --gpu T4
2026-09-05 17:08:04 se Body: {response.text}")           │
│   195 │   │   if not response.ok:                                            │
│ ❱ 196 │   │   │   raise ColabRequestError(                                   │
│   197 │   │   │   │   f"Failed to issue request {method} {endpoint}:         │
│       {response.reason}",                                                    │
│   198 │   │   │   │   request=response.request,                              │
│   199 │   │   │   │   response=response,                                     │
╰──────────────────────────────────────────────────────────────────────────────╯
ColabRequestError: Failed to issue request POST 
https://colab.research.google.com/tun/m/assign?nbh=e94e3b7b_4864_44e7_9cbc_ef78d
770129b........&variant=GPU&accelerator=T4: Service Unavailable

2026-09-05 17:08:04 fm-socrates: assign T4 flaky — retry in 30s
2026-09-05 17:08:34 + colab --auth=adc new -s fm-socrates --gpu L4
2026-09-05 17:08:35 [colab] Creating session 'fm-socrates'...
[colab] Backend rejected accelerator 'L4'. You may not have quota or entitlement for this accelerator on your account. Try a different one (e.g. --gpu T4) or omit --gpu/--tpu for a CPU runtime.

2026-09-05 17:08:35 fm-socrates: L4 unavailable — trying next
2026-09-05 17:08:37 + colab --auth=adc new -s fm-socrates --gpu T4
2026-09-05 17:08:39 se Body: {response.text}")           │
│   195 │   │   if not response.ok:                                            │
│ ❱ 196 │   │   │   raise ColabRequestError(                                   │
│   197 │   │   │   │   f"Failed to issue request {method} {endpoint}:         │
│       {response.reason}",                                                    │
│   198 │   │   │   │   request=response.request,                              │
│   199 │   │   │   │   response=response,                                     │
╰──────────────────────────────────────────────────────────────────────────────╯
ColabRequestError: Failed to issue request POST 
https://colab.research.google.com/tun/m/assign?nbh=dbf76aad_d6be_43aa_abfb_fe0a0
432cd7d........&variant=GPU&accelerator=T4: Service Unavailable

2026-09-05 17:08:39 fm-socrates: assign T4 flaky — retry in 30s
2026-09-05 17:09:09 + colab --auth=adc new -s fm-socrates --gpu L4
2026-09-05 17:09:12 [colab] Creating session 'fm-socrates'...
[colab] Backend rejected accelerator 'L4'. You may not have quota or entitlement for this accelerator on your account. Try a different one (e.g. --gpu T4) or omit --gpu/--tpu for a CPU runtime.

2026-09-05 17:09:12 fm-socrates: L4 unavailable — trying next
2026-09-05 17:09:14 + colab --auth=adc new -s fm-socrates --gpu T4
2026-09-05 17:09:16 se Body: {response.text}")           │
│   195 │   │   if not response.ok:                                            │
│ ❱ 196 │   │   │   raise ColabRequestError(                                   │
│   197 │   │   │   │   f"Failed to issue request {method} {endpoint}:         │
│       {response.reason}",                                                    │
│   198 │   │   │   │   request=response.request,                              │
│   199 │   │   │   │   response=response,                                     │
╰──────────────────────────────────────────────────────────────────────────────╯
ColabRequestError: Failed to issue request POST 
https://colab.research.google.com/tun/m/assign?nbh=c347de8b_ef5e_4755_bc3b_b4899
e81a57f........&variant=GPU&accelerator=T4: Service Unavailable

2026-09-05 17:09:16 fm-socrates: assign T4 flaky — retry in 30s
2026-09-05 17:09:46 + colab --auth=adc new -s fm-socrates --gpu L4
2026-09-05 17:09:47 [colab] Creating session 'fm-socrates'...
[colab] Backend rejected accelerator 'L4'. You may not have quota or entitlement for this accelerator on your account. Try a different one (e.g. --gpu T4) or omit --gpu/--tpu for a CPU runtime.

2026-09-05 17:09:47 fm-socrates: L4 unavailable — trying next
2026-09-05 17:09:49 + colab --auth=adc new -s fm-socrates --gpu T4
2026-09-05 17:09:50 se Body: {response.text}")           │
│   195 │   │   if not response.ok:                                            │
│ ❱ 196 │   │   │   raise ColabRequestError(                                   │
│   197 │   │   │   │   f"Failed to issue request {method} {endpoint}:         │
│       {response.reason}",                                                    │
│   198 │   │   │   │   request=response.request,                              │
│   199 │   │   │   │   response=response,                                     │
╰──────────────────────────────────────────────────────────────────────────────╯
ColabRequestError: Failed to issue request POST 
https://colab.research.google.com/tun/m/assign?nbh=05e74ba5_819e_449c_9f89_7978c
96f4a0f........&variant=GPU&accelerator=T4: Service Unavailable

2026-09-05 17:09:50 fm-socrates: assign T4 flaky — retry in 30s
2026-09-05 17:10:20 + colab --auth=adc new -s fm-socrates --gpu L4
2026-09-05 17:10:22 [colab] Creating session 'fm-socrates'...
[colab] Backend rejected accelerator 'L4'. You may not have quota or entitlement for this accelerator on your account. Try a different one (e.g. --gpu T4) or omit --gpu/--tpu for a CPU runtime.

2026-09-05 17:10:22 fm-socrates: L4 unavailable — trying next
2026-09-05 17:10:24 + colab --auth=adc new -s fm-socrates --gpu T4
2026-09-05 17:10:25 se Body: {response.text}")           │
│   195 │   │   if not response.ok:                                            │
│ ❱ 196 │   │   │   raise ColabRequestError(                                   │
│   197 │   │   │   │   f"Failed to issue request {method} {endpoint}:         │
│       {response.reason}",                                                    │
│   198 │   │   │   │   request=response.request,                              │
│   199 │   │   │   │   response=response,                                     │
╰──────────────────────────────────────────────────────────────────────────────╯
ColabRequestError: Failed to issue request POST 
https://colab.research.google.com/tun/m/assign?nbh=5115b447_9c3a_4eae_8e8d_80d76
e37c540........&variant=GPU&accelerator=T4: Service Unavailable

2026-09-05 17:10:25 fm-socrates: assign T4 flaky — retry in 30s
2026-09-05 17:10:55 + colab --auth=adc new -s fm-socrates --gpu L4
2026-09-05 17:10:57 [colab] Creating session 'fm-socrates'...
[colab] Backend rejected accelerator 'L4'. You may not have quota or entitlement for this accelerator on your account. Try a different one (e.g. --gpu T4) or omit --gpu/--tpu for a CPU runtime.

2026-09-05 17:10:57 fm-socrates: L4 unavailable — trying next
2026-09-05 17:10:59 + colab --auth=adc new -s fm-socrates --gpu T4
2026-09-05 17:11:01 se Body: {response.text}")           │
│   195 │   │   if not response.ok:                                            │
│ ❱ 196 │   │   │   raise ColabRequestError(                                   │
│   197 │   │   │   │   f"Failed to issue request {method} {endpoint}:         │
│       {response.reason}",                                                    │
│   198 │   │   │   │   request=response.request,                              │
│   199 │   │   │   │   response=response,                                     │
╰──────────────────────────────────────────────────────────────────────────────╯
ColabRequestError: Failed to issue request POST 
https://colab.research.google.com/tun/m/assign?nbh=63027457_0b9d_45d5_a499_3ea51
beab057........&variant=GPU&accelerator=T4: Service Unavailable

2026-09-05 17:11:01 fm-socrates: assign T4 flaky — retry in 30s
2026-09-05 17:11:31 + colab --auth=adc new -s fm-socrates --gpu L4
2026-09-05 17:11:32 [colab] Creating session 'fm-socrates'...
[colab] Backend rejected accelerator 'L4'. You may not have quota or entitlement for this accelerator on your account. Try a different one (e.g. --gpu T4) or omit --gpu/--tpu for a CPU runtime.

2026-09-05 17:11:32 fm-socrates: L4 unavailable — trying next
2026-09-05 17:11:34 + colab --auth=adc new -s fm-socrates --gpu T4
2026-09-05 17:11:36 se Body: {response.text}")           │
│   195 │   │   if not response.ok:                                            │
│ ❱ 196 │   │   │   raise ColabRequestError(                                   │
│   197 │   │   │   │   f"Failed to issue request {method} {endpoint}:         │
│       {response.reason}",                                                    │
│   198 │   │   │   │   request=response.request,                              │
│   199 │   │   │   │   response=response,                                     │
╰──────────────────────────────────────────────────────────────────────────────╯
ColabRequestError: Failed to issue request POST 
https://colab.research.google.com/tun/m/assign?nbh=fbd21ca4_23d6_4f7e_a61d_3b153
19cd4f3........&variant=GPU&accelerator=T4: Service Unavailable

2026-09-05 17:11:36 fm-socrates: assign T4 flaky — retry in 30s
2026-09-05 17:12:06 + colab --auth=adc new -s fm-socrates --gpu L4
2026-09-05 17:12:08 [colab] Creating session 'fm-socrates'...
[colab] Backend rejected accelerator 'L4'. You may not have quota or entitlement for this accelerator on your account. Try a different one (e.g. --gpu T4) or omit --gpu/--tpu for a CPU runtime.

2026-09-05 17:12:08 fm-socrates: L4 unavailable — trying next
2026-09-05 17:12:10 + colab --auth=adc new -s fm-socrates --gpu T4
2026-09-05 17:12:12 se Body: {response.text}")           │
│   195 │   │   if not response.ok:                                            │
│ ❱ 196 │   │   │   raise ColabRequestError(                                   │
│   197 │   │   │   │   f"Failed to issue request {method} {endpoint}:         │
│       {response.reason}",                                                    │
│   198 │   │   │   │   request=response.request,                              │
│   199 │   │   │   │   response=response,                                     │
╰──────────────────────────────────────────────────────────────────────────────╯
ColabRequestError: Failed to issue request POST 
https://colab.research.google.com/tun/m/assign?nbh=08423de0_6910_4003_aeac_8b06f
bce1f96........&variant=GPU&accelerator=T4: Service Unavailable

2026-09-05 17:12:12 fm-socrates: assign T4 flaky — retry in 30s
2026-09-05 17:12:42 + colab --auth=adc new -s fm-socrates --gpu L4
2026-09-05 17:12:43 [colab] Creating session 'fm-socrates'...
[colab] Backend rejected accelerator 'L4'. You may not have quota or entitlement for this accelerator on your account. Try a different one (e.g. --gpu T4) or omit --gpu/--tpu for a CPU runtime.

2026-09-05 17:12:43 fm-socrates: L4 unavailable — trying next
2026-09-05 17:12:45 + colab --auth=adc new -s fm-socrates --gpu T4
2026-09-05 17:12:47 se Body: {response.text}")           │
│   195 │   │   if not response.ok:                                            │
│ ❱ 196 │   │   │   raise ColabRequestError(                                   │
│   197 │   │   │   │   f"Failed to issue request {method} {endpoint}:         │
│       {response.reason}",                                                    │
│   198 │   │   │   │   request=response.request,                              │
│   199 │   │   │   │   response=response,                                     │
╰──────────────────────────────────────────────────────────────────────────────╯
ColabRequestError: Failed to issue request POST 
https://colab.research.google.com/tun/m/assign?nbh=1390eeef_6f81_4913_86f6_6267f
e2f3df2........&variant=GPU&accelerator=T4: Service Unavailable

2026-09-05 17:12:47 fm-socrates: assign T4 flaky — retry in 30s
2026-09-05 17:13:17 + colab --auth=adc new -s fm-socrates --gpu L4
2026-09-05 17:13:18 [colab] Creating session 'fm-socrates'...
[colab] Backend rejected accelerator 'L4'. You may not have quota or entitlement for this accelerator on your account. Try a different one (e.g. --gpu T4) or omit --gpu/--tpu for a CPU runtime.

2026-09-05 17:13:18 fm-socrates: L4 unavailable — trying next
2026-09-05 17:13:20 + colab --auth=adc new -s fm-socrates --gpu T4
2026-09-05 17:13:21 se Body: {response.text}")           │
│   195 │   │   if not response.ok:                                            │
│ ❱ 196 │   │   │   raise ColabRequestError(                                   │
│   197 │   │   │   │   f"Failed to issue request {method} {endpoint}:         │
│       {response.reason}",                                                    │
│   198 │   │   │   │   request=response.request,                              │
│   199 │   │   │   │   response=response,                                     │
╰──────────────────────────────────────────────────────────────────────────────╯
ColabRequestError: Failed to issue request POST 
https://colab.research.google.com/tun/m/assign?nbh=5bd6f476_f2f6_4822_a941_26522
3da5d0a........&variant=GPU&accelerator=T4: Service Unavailable

2026-09-05 17:13:21 fm-socrates: assign T4 flaky — retry in 30s
2026-09-05 17:13:51 + colab --auth=adc new -s fm-socrates --gpu L4
2026-09-05 17:13:53 [colab] Creating session 'fm-socrates'...
[colab] Backend rejected accelerator 'L4'. You may not have quota or entitlement for this accelerator on your account. Try a different one (e.g. --gpu T4) or omit --gpu/--tpu for a CPU runtime.

2026-09-05 17:13:53 fm-socrates: L4 unavailable — trying next
2026-09-05 17:13:55 + colab --auth=adc new -s fm-socrates --gpu T4
2026-09-05 17:13:56 se Body: {response.text}")           │
│   195 │   │   if not response.ok:                                            │
│ ❱ 196 │   │   │   raise ColabRequestError(                                   │
│   197 │   │   │   │   f"Failed to issue request {method} {endpoint}:         │
│       {response.reason}",                                                    │
│   198 │   │   │   │   request=response.request,                              │
│   199 │   │   │   │   response=response,                                     │
╰──────────────────────────────────────────────────────────────────────────────╯
ColabRequestError: Failed to issue request POST 
https://colab.research.google.com/tun/m/assign?nbh=ebf921f7_ae60_48f7_af32_ac574
59b7596........&variant=GPU&accelerator=T4: Service Unavailable

2026-09-05 17:13:56 fm-socrates: assign T4 flaky — retry in 30s
2026-09-05 17:14:26 + colab --auth=adc new -s fm-socrates --gpu L4
2026-09-05 17:14:27 [colab] Creating session 'fm-socrates'...
[colab] Backend rejected accelerator 'L4'. You may not have quota or entitlement for this accelerator on your account. Try a different one (e.g. --gpu T4) or omit --gpu/--tpu for a CPU runtime.

2026-09-05 17:14:27 fm-socrates: L4 unavailable — trying next
2026-09-05 17:14:29 + colab --auth=adc new -s fm-socrates --gpu T4
2026-09-05 17:14:31 se Body: {response.text}")           │
│   195 │   │   if not response.ok:                                            │
│ ❱ 196 │   │   │   raise ColabRequestError(                                   │
│   197 │   │   │   │   f"Failed to issue request {method} {endpoint}:         │
│       {response.reason}",                                                    │
│   198 │   │   │   │   request=response.request,                              │
│   199 │   │   │   │   response=response,                                     │
╰──────────────────────────────────────────────────────────────────────────────╯
ColabRequestError: Failed to issue request POST 
https://colab.research.google.com/tun/m/assign?nbh=bee80d62_3c74_4ecd_a573_79512
65fcf8c........&variant=GPU&accelerator=T4: Service Unavailable

2026-09-05 17:14:31 fm-socrates: assign T4 flaky — retry in 30s
2026-09-05 17:15:01 + colab --auth=adc new -s fm-socrates --gpu L4
2026-09-05 17:15:02 [colab] Creating session 'fm-socrates'...
[colab] Backend rejected accelerator 'L4'. You may not have quota or entitlement for this accelerator on your account. Try a different one (e.g. --gpu T4) or omit --gpu/--tpu for a CPU runtime.

2026-09-05 17:15:02 fm-socrates: L4 unavailable — trying next
2026-09-05 17:15:04 + colab --auth=adc new -s fm-socrates --gpu T4
2026-09-05 17:15:05 se Body: {response.text}")           │
│   195 │   │   if not response.ok:                                            │
│ ❱ 196 │   │   │   raise ColabRequestError(                                   │
│   197 │   │   │   │   f"Failed to issue request {method} {endpoint}:         │
│       {response.reason}",                                                    │
│   198 │   │   │   │   request=response.request,                              │
│   199 │   │   │   │   response=response,                                     │
╰──────────────────────────────────────────────────────────────────────────────╯
ColabRequestError: Failed to issue request POST 
https://colab.research.google.com/tun/m/assign?nbh=dacefdcc_1ccc_46c8_926f_56d1b
d1233fb........&variant=GPU&accelerator=T4: Service Unavailable

2026-09-05 17:15:05 fm-socrates: assign T4 flaky — retry in 30s
2026-09-05 17:15:35 + colab --auth=adc new -s fm-socrates --gpu L4
2026-09-05 17:15:36 [colab] Creating session 'fm-socrates'...
[colab] Backend rejected accelerator 'L4'. You may not have quota or entitlement for this accelerator on your account. Try a different one (e.g. --gpu T4) or omit --gpu/--tpu for a CPU runtime.

2026-09-05 17:15:36 fm-socrates: L4 unavailable — trying next
2026-09-05 17:15:38 + colab --auth=adc new -s fm-socrates --gpu T4
2026-09-05 17:15:40 se Body: {response.text}")           │
│   195 │   │   if not response.ok:                                            │
│ ❱ 196 │   │   │   raise ColabRequestError(                                   │
│   197 │   │   │   │   f"Failed to issue request {method} {endpoint}:         │
│       {response.reason}",                                                    │
│   198 │   │   │   │   request=response.request,                              │
│   199 │   │   │   │   response=response,                                     │
╰──────────────────────────────────────────────────────────────────────────────╯
ColabRequestError: Failed to issue request POST 
https://colab.research.google.com/tun/m/assign?nbh=5c6f7332_8fab_4599_84ea_4ad81
2929109........&variant=GPU&accelerator=T4: Service Unavailable

2026-09-05 17:15:40 fm-socrates: assign T4 flaky — retry in 30s
2026-09-05 17:16:10 + colab --auth=adc new -s fm-socrates --gpu L4
2026-09-05 17:16:11 [colab] Creating session 'fm-socrates'...
[colab] Backend rejected accelerator 'L4'. You may not have quota or entitlement for this accelerator on your account. Try a different one (e.g. --gpu T4) or omit --gpu/--tpu for a CPU runtime.

2026-09-05 17:16:11 fm-socrates: L4 unavailable — trying next
2026-09-05 17:16:13 + colab --auth=adc new -s fm-socrates --gpu T4
2026-09-05 17:16:14 se Body: {response.text}")           │
│   195 │   │   if not response.ok:                                            │
│ ❱ 196 │   │   │   raise ColabRequestError(                                   │
│   197 │   │   │   │   f"Failed to issue request {method} {endpoint}:         │
│       {response.reason}",                                                    │
│   198 │   │   │   │   request=response.request,                              │
│   199 │   │   │   │   response=response,                                     │
╰──────────────────────────────────────────────────────────────────────────────╯
ColabRequestError: Failed to issue request POST 
https://colab.research.google.com/tun/m/assign?nbh=8fd46cf6_2d8d_471a_a1c2_e39e5
ad1d736........&variant=GPU&accelerator=T4: Service Unavailable

2026-09-05 17:16:14 fm-socrates: assign T4 flaky — retry in 30s
2026-09-05 17:16:44 + colab --auth=adc new -s fm-socrates --gpu L4
2026-09-05 17:16:46 [colab] Creating session 'fm-socrates'...
[colab] Backend rejected accelerator 'L4'. You may not have quota or entitlement for this accelerator on your account. Try a different one (e.g. --gpu T4) or omit --gpu/--tpu for a CPU runtime.

2026-09-05 17:16:46 fm-socrates: L4 unavailable — trying next
2026-09-05 17:16:48 + colab --auth=adc new -s fm-socrates --gpu T4
2026-09-05 17:16:49 se Body: {response.text}")           │
│   195 │   │   if not response.ok:                                            │
│ ❱ 196 │   │   │   raise ColabRequestError(                                   │
│   197 │   │   │   │   f"Failed to issue request {method} {endpoint}:         │
│       {response.reason}",                                                    │
│   198 │   │   │   │   request=response.request,                              │
│   199 │   │   │   │   response=response,                                     │
╰──────────────────────────────────────────────────────────────────────────────╯
ColabRequestError: Failed to issue request POST 
https://colab.research.google.com/tun/m/assign?nbh=1359bdf6_e0cb_495f_b342_733f8
981c60e........&variant=GPU&accelerator=T4: Service Unavailable

2026-09-05 17:16:49 fm-socrates: assign T4 flaky — retry in 30s
2026-09-05 17:17:19 + colab --auth=adc new -s fm-socrates --gpu L4
2026-09-05 17:17:21 [colab] Creating session 'fm-socrates'...
[colab] Backend rejected accelerator 'L4'. You may not have quota or entitlement for this accelerator on your account. Try a different one (e.g. --gpu T4) or omit --gpu/--tpu for a CPU runtime.

2026-09-05 17:17:21 fm-socrates: L4 unavailable — trying next
2026-09-05 17:17:23 + colab --auth=adc new -s fm-socrates --gpu T4
2026-09-05 17:17:24 se Body: {response.text}")           │
│   195 │   │   if not response.ok:                                            │
│ ❱ 196 │   │   │   raise ColabRequestError(                                   │
│   197 │   │   │   │   f"Failed to issue request {method} {endpoint}:         │
│       {response.reason}",                                                    │
│   198 │   │   │   │   request=response.request,                              │
│   199 │   │   │   │   response=response,                                     │
╰──────────────────────────────────────────────────────────────────────────────╯
ColabRequestError: Failed to issue request POST 
https://colab.research.google.com/tun/m/assign?nbh=8d0b0a7b_7e02_48d8_8915_7e9a9
f8ed46d........&variant=GPU&accelerator=T4: Service Unavailable

2026-09-05 17:17:24 fm-socrates: assign T4 flaky — retry in 30s
2026-09-05 17:17:54 + colab --auth=adc new -s fm-socrates --gpu L4
2026-09-05 17:17:55 [colab] Creating session 'fm-socrates'...
[colab] Backend rejected accelerator 'L4'. You may not have quota or entitlement for this accelerator on your account. Try a different one (e.g. --gpu T4) or omit --gpu/--tpu for a CPU runtime.

2026-09-05 17:17:55 fm-socrates: L4 unavailable — trying next
2026-09-05 17:17:57 + colab --auth=adc new -s fm-socrates --gpu T4
2026-09-05 17:17:59 se Body: {response.text}")           │
│   195 │   │   if not response.ok:                                            │
│ ❱ 196 │   │   │   raise ColabRequestError(                                   │
│   197 │   │   │   │   f"Failed to issue request {method} {endpoint}:         │
│       {response.reason}",                                                    │
│   198 │   │   │   │   request=response.request,                              │
│   199 │   │   │   │   response=response,                                     │
╰──────────────────────────────────────────────────────────────────────────────╯
ColabRequestError: Failed to issue request POST 
https://colab.research.google.com/tun/m/assign?nbh=1a4bf723_d6cc_485d_9b41_345ff
3cf54b6........&variant=GPU&accelerator=T4: Service Unavailable

2026-09-05 17:17:59 fm-socrates: assign T4 flaky — retry in 30s
2026-09-05 17:18:29 + colab --auth=adc new -s fm-socrates --gpu L4
2026-09-05 17:18:30 [colab] Creating session 'fm-socrates'...
[colab] Backend rejected accelerator 'L4'. You may not have quota or entitlement for this accelerator on your account. Try a different one (e.g. --gpu T4) or omit --gpu/--tpu for a CPU runtime.

2026-09-05 17:18:30 fm-socrates: L4 unavailable — trying next
2026-09-05 17:18:32 + colab --auth=adc new -s fm-socrates --gpu T4
2026-09-05 17:18:34 se Body: {response.text}")           │
│   195 │   │   if not response.ok:                                            │
│ ❱ 196 │   │   │   raise ColabRequestError(                                   │
│   197 │   │   │   │   f"Failed to issue request {method} {endpoint}:         │
│       {response.reason}",                                                    │
│   198 │   │   │   │   request=response.request,                              │
│   199 │   │   │   │   response=response,                                     │
╰──────────────────────────────────────────────────────────────────────────────╯
ColabRequestError: Failed to issue request POST 
https://colab.research.google.com/tun/m/assign?nbh=ea9ffa89_b6d3_4d92_907e_cf514
600e8e4........&variant=GPU&accelerator=T4: Service Unavailable

2026-09-05 17:18:34 fm-socrates: assign T4 flaky — retry in 30s
2026-09-05 17:19:04 + colab --auth=adc new -s fm-socrates --gpu L4
2026-09-05 17:19:05 [colab] Creating session 'fm-socrates'...
[colab] Backend rejected accelerator 'L4'. You may not have quota or entitlement for this accelerator on your account. Try a different one (e.g. --gpu T4) or omit --gpu/--tpu for a CPU runtime.

2026-09-05 17:19:05 fm-socrates: L4 unavailable — trying next
2026-09-05 17:19:07 + colab --auth=adc new -s fm-socrates --gpu T4
2026-09-05 17:19:09 se Body: {response.text}")           │
│   195 │   │   if not response.ok:                                            │
│ ❱ 196 │   │   │   raise ColabRequestError(                                   │
│   197 │   │   │   │   f"Failed to issue request {method} {endpoint}:         │
│       {response.reason}",                                                    │
│   198 │   │   │   │   request=response.request,                              │
│   199 │   │   │   │   response=response,                                     │
╰──────────────────────────────────────────────────────────────────────────────╯
ColabRequestError: Failed to issue request POST 
https://colab.research.google.com/tun/m/assign?nbh=74a5722b_bbee_4e83_9928_da078
7ca1aad........&variant=GPU&accelerator=T4: Service Unavailable

2026-09-05 17:19:09 fm-socrates: assign T4 flaky — retry in 30s
2026-09-05 17:19:39 + colab --auth=adc new -s fm-socrates --gpu L4
2026-09-05 17:19:41 [colab] Creating session 'fm-socrates'...
[colab] Backend rejected accelerator 'L4'. You may not have quota or entitlement for this accelerator on your account. Try a different one (e.g. --gpu T4) or omit --gpu/--tpu for a CPU runtime.

2026-09-05 17:19:41 fm-socrates: L4 unavailable — trying next
2026-09-05 17:19:43 + colab --auth=adc new -s fm-socrates --gpu T4
2026-09-05 17:19:44 se Body: {response.text}")           │
│   195 │   │   if not response.ok:                                            │
│ ❱ 196 │   │   │   raise ColabRequestError(                                   │
│   197 │   │   │   │   f"Failed to issue request {method} {endpoint}:         │
│       {response.reason}",                                                    │
│   198 │   │   │   │   request=response.request,                              │
│   199 │   │   │   │   response=response,                                     │
╰──────────────────────────────────────────────────────────────────────────────╯
ColabRequestError: Failed to issue request POST 
https://colab.research.google.com/tun/m/assign?nbh=c241e668_4c24_49ea_9e41_c9f1b
83c554b........&variant=GPU&accelerator=T4: Service Unavailable

2026-09-05 17:19:44 fm-socrates: assign T4 flaky — retry in 30s
2026-09-05 17:20:14 + colab --auth=adc new -s fm-socrates --gpu L4
2026-09-05 17:20:16 [colab] Creating session 'fm-socrates'...
[colab] Backend rejected accelerator 'L4'. You may not have quota or entitlement for this accelerator on your account. Try a different one (e.g. --gpu T4) or omit --gpu/--tpu for a CPU runtime.

2026-09-05 17:20:16 fm-socrates: L4 unavailable — trying next
2026-09-05 17:20:18 + colab --auth=adc new -s fm-socrates --gpu T4
2026-09-05 17:20:19 se Body: {response.text}")           │
│   195 │   │   if not response.ok:                                            │
│ ❱ 196 │   │   │   raise ColabRequestError(                                   │
│   197 │   │   │   │   f"Failed to issue request {method} {endpoint}:         │
│       {response.reason}",                                                    │
│   198 │   │   │   │   request=response.request,                              │
│   199 │   │   │   │   response=response,                                     │
╰──────────────────────────────────────────────────────────────────────────────╯
ColabRequestError: Failed to issue request POST 
https://colab.research.google.com/tun/m/assign?nbh=8d0f33ad_38fa_4d7c_b2fe_4bb68
eba494a........&variant=GPU&accelerator=T4: Service Unavailable

2026-09-05 17:20:19 fm-socrates: assign T4 flaky — retry in 30s
2026-09-05 17:20:49 + colab --auth=adc new -s fm-socrates --gpu L4
2026-09-05 17:20:50 [colab] Creating session 'fm-socrates'...
[colab] Backend rejected accelerator 'L4'. You may not have quota or entitlement for this accelerator on your account. Try a different one (e.g. --gpu T4) or omit --gpu/--tpu for a CPU runtime.

2026-09-05 17:20:50 fm-socrates: L4 unavailable — trying next
2026-09-05 17:20:52 + colab --auth=adc new -s fm-socrates --gpu T4
2026-09-05 17:20:54 se Body: {response.text}")           │
│   195 │   │   if not response.ok:                                            │
│ ❱ 196 │   │   │   raise ColabRequestError(                                   │
│   197 │   │   │   │   f"Failed to issue request {method} {endpoint}:         │
│       {response.reason}",                                                    │
│   198 │   │   │   │   request=response.request,                              │
│   199 │   │   │   │   response=response,                                     │
╰──────────────────────────────────────────────────────────────────────────────╯
ColabRequestError: Failed to issue request POST 
https://colab.research.google.com/tun/m/assign?nbh=12427de5_af4f_4339_ae30_6e141
0d62ccd........&variant=GPU&accelerator=T4: Service Unavailable

2026-09-05 17:20:54 fm-socrates: assign T4 flaky — retry in 30s
2026-09-05 17:21:24 + colab --auth=adc new -s fm-socrates --gpu L4
2026-09-05 17:21:25 [colab] Creating session 'fm-socrates'...
[colab] Backend rejected accelerator 'L4'. You may not have quota or entitlement for this accelerator on your account. Try a different one (e.g. --gpu T4) or omit --gpu/--tpu for a CPU runtime.

2026-09-05 17:21:25 fm-socrates: L4 unavailable — trying next
2026-09-05 17:21:27 + colab --auth=adc new -s fm-socrates --gpu T4
2026-09-05 17:21:29 se Body: {response.text}")           │
│   195 │   │   if not response.ok:                                            │
│ ❱ 196 │   │   │   raise ColabRequestError(                                   │
│   197 │   │   │   │   f"Failed to issue request {method} {endpoint}:         │
│       {response.reason}",                                                    │
│   198 │   │   │   │   request=response.request,                              │
│   199 │   │   │   │   response=response,                                     │
╰──────────────────────────────────────────────────────────────────────────────╯
ColabRequestError: Failed to issue request POST 
https://colab.research.google.com/tun/m/assign?nbh=d284702c_3196_4dda_90c1_1fd31
adc776c........&variant=GPU&accelerator=T4: Service Unavailable

2026-09-05 17:21:29 fm-socrates: assign T4 flaky — retry in 30s
2026-09-05 17:21:59 + colab --auth=adc new -s fm-socrates --gpu L4
2026-09-05 17:22:00 [colab] Creating session 'fm-socrates'...
[colab] Backend rejected accelerator 'L4'. You may not have quota or entitlement for this accelerator on your account. Try a different one (e.g. --gpu T4) or omit --gpu/--tpu for a CPU runtime.

2026-09-05 17:22:00 fm-socrates: L4 unavailable — trying next
2026-09-05 17:22:02 + colab --auth=adc new -s fm-socrates --gpu T4
2026-09-05 17:22:05 se Body: {response.text}")           │
│   195 │   │   if not response.ok:                                            │
│ ❱ 196 │   │   │   raise ColabRequestError(                                   │
│   197 │   │   │   │   f"Failed to issue request {method} {endpoint}:         │
│       {response.reason}",                                                    │
│   198 │   │   │   │   request=response.request,                              │
│   199 │   │   │   │   response=response,                                     │
╰──────────────────────────────────────────────────────────────────────────────╯
ColabRequestError: Failed to issue request POST 
https://colab.research.google.com/tun/m/assign?nbh=507003f0_552a_4ae9_a950_e3248
b0663ac........&variant=GPU&accelerator=T4: Service Unavailable

2026-09-05 17:22:05 fm-socrates: assign T4 flaky — retry in 30s
2026-09-05 17:22:35 + colab --auth=adc new -s fm-socrates --gpu L4
2026-09-05 17:22:37 [colab] Creating session 'fm-socrates'...
[colab] Backend rejected accelerator 'L4'. You may not have quota or entitlement for this accelerator on your account. Try a different one (e.g. --gpu T4) or omit --gpu/--tpu for a CPU runtime.

2026-09-05 17:22:37 fm-socrates: L4 unavailable — trying next
2026-09-05 17:22:39 + colab --auth=adc new -s fm-socrates --gpu T4
2026-09-05 17:22:40 se Body: {response.text}")           │
│   195 │   │   if not response.ok:                                            │
│ ❱ 196 │   │   │   raise ColabRequestError(                                   │
│   197 │   │   │   │   f"Failed to issue request {method} {endpoint}:         │
│       {response.reason}",                                                    │
│   198 │   │   │   │   request=response.request,                              │
│   199 │   │   │   │   response=response,                                     │
╰──────────────────────────────────────────────────────────────────────────────╯
ColabRequestError: Failed to issue request POST 
https://colab.research.google.com/tun/m/assign?nbh=75848866_e1b3_498a_8b3e_178d1
bb488ad........&variant=GPU&accelerator=T4: Service Unavailable

2026-09-05 17:22:40 fm-socrates: assign T4 flaky — retry in 30s
2026-09-05 17:23:10 + colab --auth=adc new -s fm-socrates --gpu L4
2026-09-05 17:23:14 [colab] Creating session 'fm-socrates'...
[colab] Backend rejected accelerator 'L4'. You may not have quota or entitlement for this accelerator on your account. Try a different one (e.g. --gpu T4) or omit --gpu/--tpu for a CPU runtime.

2026-09-05 17:23:14 fm-socrates: L4 unavailable — trying next
2026-09-05 17:23:16 + colab --auth=adc new -s fm-socrates --gpu T4
2026-09-05 17:23:17 se Body: {response.text}")           │
│   195 │   │   if not response.ok:                                            │
│ ❱ 196 │   │   │   raise ColabRequestError(                                   │
│   197 │   │   │   │   f"Failed to issue request {method} {endpoint}:         │
│       {response.reason}",                                                    │
│   198 │   │   │   │   request=response.request,                              │
│   199 │   │   │   │   response=response,                                     │
╰──────────────────────────────────────────────────────────────────────────────╯
ColabRequestError: Failed to issue request POST 
https://colab.research.google.com/tun/m/assign?nbh=169b67e4_e140_4cdd_a601_4ae44
33740d1........&variant=GPU&accelerator=T4: Service Unavailable

2026-09-05 17:23:17 fm-socrates: assign T4 flaky — retry in 30s
2026-09-05 17:23:47 + colab --auth=adc new -s fm-socrates --gpu L4
2026-09-05 17:23:48 [colab] Creating session 'fm-socrates'...
[colab] Backend rejected accelerator 'L4'. You may not have quota or entitlement for this accelerator on your account. Try a different one (e.g. --gpu T4) or omit --gpu/--tpu for a CPU runtime.

2026-09-05 17:23:48 fm-socrates: L4 unavailable — trying next
2026-09-05 17:23:50 + colab --auth=adc new -s fm-socrates --gpu T4
2026-09-05 17:23:51 se Body: {response.text}")           │
│   195 │   │   if not response.ok:                                            │
│ ❱ 196 │   │   │   raise ColabRequestError(                                   │
│   197 │   │   │   │   f"Failed to issue request {method} {endpoint}:         │
│       {response.reason}",                                                    │
│   198 │   │   │   │   request=response.request,                              │
│   199 │   │   │   │   response=response,                                     │
╰──────────────────────────────────────────────────────────────────────────────╯
ColabRequestError: Failed to issue request POST 
https://colab.research.google.com/tun/m/assign?nbh=05712100_db4e_4ffc_8818_3338a
3d229db........&variant=GPU&accelerator=T4: Service Unavailable

2026-09-05 17:23:51 fm-socrates: assign T4 flaky — retry in 30s
2026-09-05 17:24:21 + colab --auth=adc new -s fm-socrates --gpu L4
2026-09-05 17:24:23 [colab] Creating session 'fm-socrates'...
[colab] Backend rejected accelerator 'L4'. You may not have quota or entitlement for this accelerator on your account. Try a different one (e.g. --gpu T4) or omit --gpu/--tpu for a CPU runtime.

2026-09-05 17:24:23 fm-socrates: L4 unavailable — trying next
2026-09-05 17:24:25 + colab --auth=adc new -s fm-socrates --gpu T4
2026-09-05 17:24:26 se Body: {response.text}")           │
│   195 │   │   if not response.ok:                                            │
│ ❱ 196 │   │   │   raise ColabRequestError(                                   │
│   197 │   │   │   │   f"Failed to issue request {method} {endpoint}:         │
│       {response.reason}",                                                    │
│   198 │   │   │   │   request=response.request,                              │
│   199 │   │   │   │   response=response,                                     │
╰──────────────────────────────────────────────────────────────────────────────╯
ColabRequestError: Failed to issue request POST 
https://colab.research.google.com/tun/m/assign?nbh=fea852ff_592e_4f28_ba4a_a848a
a322b4e........&variant=GPU&accelerator=T4: Service Unavailable

2026-09-05 17:24:26 fm-socrates: assign T4 flaky — retry in 30s
2026-09-05 17:24:56 + colab --auth=adc new -s fm-socrates --gpu L4
2026-09-05 17:24:57 [colab] Creating session 'fm-socrates'...
[colab] Backend rejected accelerator 'L4'. You may not have quota or entitlement for this accelerator on your account. Try a different one (e.g. --gpu T4) or omit --gpu/--tpu for a CPU runtime.

2026-09-05 17:24:57 fm-socrates: L4 unavailable — trying next
2026-09-05 17:24:59 + colab --auth=adc new -s fm-socrates --gpu T4
2026-09-05 17:25:01 se Body: {response.text}")           │
│   195 │   │   if not response.ok:                                            │
│ ❱ 196 │   │   │   raise ColabRequestError(                                   │
│   197 │   │   │   │   f"Failed to issue request {method} {endpoint}:         │
│       {response.reason}",                                                    │
│   198 │   │   │   │   request=response.request,                              │
│   199 │   │   │   │   response=response,                                     │
╰──────────────────────────────────────────────────────────────────────────────╯
ColabRequestError: Failed to issue request POST 
https://colab.research.google.com/tun/m/assign?nbh=7b0a31e2_a526_4327_bab6_183b4
be8d998........&variant=GPU&accelerator=T4: Service Unavailable

2026-09-05 17:25:01 fm-socrates: assign T4 flaky — retry in 30s
2026-09-05 17:25:31 + colab --auth=adc new -s fm-socrates --gpu L4
2026-09-05 17:25:32 [colab] Creating session 'fm-socrates'...
[colab] Backend rejected accelerator 'L4'. You may not have quota or entitlement for this accelerator on your account. Try a different one (e.g. --gpu T4) or omit --gpu/--tpu for a CPU runtime.

2026-09-05 17:25:32 fm-socrates: L4 unavailable — trying next
2026-09-05 17:25:34 + colab --auth=adc new -s fm-socrates --gpu T4
2026-09-05 17:25:35 se Body: {response.text}")           │
│   195 │   │   if not response.ok:                                            │
│ ❱ 196 │   │   │   raise ColabRequestError(                                   │
│   197 │   │   │   │   f"Failed to issue request {method} {endpoint}:         │
│       {response.reason}",                                                    │
│   198 │   │   │   │   request=response.request,                              │
│   199 │   │   │   │   response=response,                                     │
╰──────────────────────────────────────────────────────────────────────────────╯
ColabRequestError: Failed to issue request POST 
https://colab.research.google.com/tun/m/assign?nbh=abaaf051_4a3a_441a_9f09_f98aa
c5d7fdc........&variant=GPU&accelerator=T4: Service Unavailable

2026-09-05 17:25:35 fm-socrates: assign T4 flaky — retry in 30s
2026-09-05 17:26:05 + colab --auth=adc new -s fm-socrates --gpu L4
2026-09-05 17:26:07 [colab] Creating session 'fm-socrates'...
[colab] Backend rejected accelerator 'L4'. You may not have quota or entitlement for this accelerator on your account. Try a different one (e.g. --gpu T4) or omit --gpu/--tpu for a CPU runtime.

2026-09-05 17:26:07 fm-socrates: L4 unavailable — trying next
2026-09-05 17:26:09 + colab --auth=adc new -s fm-socrates --gpu T4
2026-09-05 17:26:10 se Body: {response.text}")           │
│   195 │   │   if not response.ok:                                            │
│ ❱ 196 │   │   │   raise ColabRequestError(                                   │
│   197 │   │   │   │   f"Failed to issue request {method} {endpoint}:         │
│       {response.reason}",                                                    │
│   198 │   │   │   │   request=response.request,                              │
│   199 │   │   │   │   response=response,                                     │
╰──────────────────────────────────────────────────────────────────────────────╯
ColabRequestError: Failed to issue request POST 
https://colab.research.google.com/tun/m/assign?nbh=a2846414_c5c6_45bf_a85a_582ba
38044ee........&variant=GPU&accelerator=T4: Service Unavailable

2026-09-05 17:26:10 fm-socrates: assign T4 flaky — retry in 30s
2026-09-05 17:26:40 + colab --auth=adc new -s fm-socrates --gpu L4
2026-09-05 17:26:42 [colab] Creating session 'fm-socrates'...
[colab] Backend rejected accelerator 'L4'. You may not have quota or entitlement for this accelerator on your account. Try a different one (e.g. --gpu T4) or omit --gpu/--tpu for a CPU runtime.

2026-09-05 17:26:42 fm-socrates: L4 unavailable — trying next
2026-09-05 17:26:44 + colab --auth=adc new -s fm-socrates --gpu T4
2026-09-05 17:26:45 se Body: {response.text}")           │
│   195 │   │   if not response.ok:                                            │
│ ❱ 196 │   │   │   raise ColabRequestError(                                   │
│   197 │   │   │   │   f"Failed to issue request {method} {endpoint}:         │
│       {response.reason}",                                                    │
│   198 │   │   │   │   request=response.request,                              │
│   199 │   │   │   │   response=response,                                     │
╰──────────────────────────────────────────────────────────────────────────────╯
ColabRequestError: Failed to issue request POST 
https://colab.research.google.com/tun/m/assign?nbh=3782553b_eac5_44ef_94cf_790f2
a37bdb3........&variant=GPU&accelerator=T4: Service Unavailable

2026-09-05 17:26:45 fm-socrates: assign T4 flaky — retry in 30s
2026-09-05 17:27:15 + colab --auth=adc new -s fm-socrates --gpu L4
2026-09-05 17:27:16 [colab] Creating session 'fm-socrates'...
[colab] Backend rejected accelerator 'L4'. You may not have quota or entitlement for this accelerator on your account. Try a different one (e.g. --gpu T4) or omit --gpu/--tpu for a CPU runtime.

2026-09-05 17:27:16 fm-socrates: L4 unavailable — trying next
2026-09-05 17:27:18 + colab --auth=adc new -s fm-socrates --gpu T4
2026-09-05 17:27:19 se Body: {response.text}")           │
│   195 │   │   if not response.ok:                                            │
│ ❱ 196 │   │   │   raise ColabRequestError(                                   │
│   197 │   │   │   │   f"Failed to issue request {method} {endpoint}:         │
│       {response.reason}",                                                    │
│   198 │   │   │   │   request=response.request,                              │
│   199 │   │   │   │   response=response,                                     │
╰──────────────────────────────────────────────────────────────────────────────╯
ColabRequestError: Failed to issue request POST 
https://colab.research.google.com/tun/m/assign?nbh=89c338c7_8afc_47b5_9fd5_f1238
e684280........&variant=GPU&accelerator=T4: Service Unavailable

2026-09-05 17:27:19 fm-socrates: assign T4 flaky — retry in 30s
2026-09-05 17:27:49 + colab --auth=adc new -s fm-socrates --gpu L4
2026-09-05 17:27:51 [colab] Creating session 'fm-socrates'...
[colab] Backend rejected accelerator 'L4'. You may not have quota or entitlement for this accelerator on your account. Try a different one (e.g. --gpu T4) or omit --gpu/--tpu for a CPU runtime.

2026-09-05 17:27:51 fm-socrates: L4 unavailable — trying next
2026-09-05 17:27:53 + colab --auth=adc new -s fm-socrates --gpu T4
2026-09-05 17:27:54 se Body: {response.text}")           │
│   195 │   │   if not response.ok:                                            │
│ ❱ 196 │   │   │   raise ColabRequestError(                                   │
│   197 │   │   │   │   f"Failed to issue request {method} {endpoint}:         │
│       {response.reason}",                                                    │
│   198 │   │   │   │   request=response.request,                              │
│   199 │   │   │   │   response=response,                                     │
╰──────────────────────────────────────────────────────────────────────────────╯
ColabRequestError: Failed to issue request POST 
https://colab.research.google.com/tun/m/assign?nbh=42c44b1a_38ae_470f_83b9_f201d
d756d41........&variant=GPU&accelerator=T4: Service Unavailable

2026-09-05 17:27:54 fm-socrates: assign T4 flaky — retry in 30s
2026-09-05 17:28:24 + colab --auth=adc new -s fm-socrates --gpu L4
2026-09-05 17:28:25 [colab] Creating session 'fm-socrates'...
[colab] Backend rejected accelerator 'L4'. You may not have quota or entitlement for this accelerator on your account. Try a different one (e.g. --gpu T4) or omit --gpu/--tpu for a CPU runtime.

2026-09-05 17:28:25 fm-socrates: L4 unavailable — trying next
2026-09-05 17:28:27 + colab --auth=adc new -s fm-socrates --gpu T4
2026-09-05 17:28:28 se Body: {response.text}")           │
│   195 │   │   if not response.ok:                                            │
│ ❱ 196 │   │   │   raise ColabRequestError(                                   │
│   197 │   │   │   │   f"Failed to issue request {method} {endpoint}:         │
│       {response.reason}",                                                    │
│   198 │   │   │   │   request=response.request,                              │
│   199 │   │   │   │   response=response,                                     │
╰──────────────────────────────────────────────────────────────────────────────╯
ColabRequestError: Failed to issue request POST 
https://colab.research.google.com/tun/m/assign?nbh=8c3d0768_10a8_46af_83e9_953ec
5fb7f2d........&variant=GPU&accelerator=T4: Service Unavailable

2026-09-05 17:28:28 fm-socrates: assign T4 flaky — retry in 30s
2026-09-05 17:28:58 + colab --auth=adc new -s fm-socrates --gpu L4
2026-09-05 17:28:59 [colab] Creating session 'fm-socrates'...
[colab] Backend rejected accelerator 'L4'. You may not have quota or entitlement for this accelerator on your account. Try a different one (e.g. --gpu T4) or omit --gpu/--tpu for a CPU runtime.

2026-09-05 17:28:59 fm-socrates: L4 unavailable — trying next
2026-09-05 17:29:02 + colab --auth=adc new -s fm-socrates --gpu T4
2026-09-05 17:29:03 se Body: {response.text}")           │
│   195 │   │   if not response.ok:                                            │
│ ❱ 196 │   │   │   raise ColabRequestError(                                   │
│   197 │   │   │   │   f"Failed to issue request {method} {endpoint}:         │
│       {response.reason}",                                                    │
│   198 │   │   │   │   request=response.request,                              │
│   199 │   │   │   │   response=response,                                     │
╰──────────────────────────────────────────────────────────────────────────────╯
ColabRequestError: Failed to issue request POST 
https://colab.research.google.com/tun/m/assign?nbh=4a68bc5c_f45c_4023_9573_32c3c
379fb09........&variant=GPU&accelerator=T4: Service Unavailable

2026-09-05 17:29:03 fm-socrates: assign T4 flaky — retry in 30s
2026-09-05 17:29:33 + colab --auth=adc new -s fm-socrates --gpu L4
2026-09-05 17:29:34 [colab] Creating session 'fm-socrates'...
[colab] Backend rejected accelerator 'L4'. You may not have quota or entitlement for this accelerator on your account. Try a different one (e.g. --gpu T4) or omit --gpu/--tpu for a CPU runtime.

2026-09-05 17:29:34 fm-socrates: L4 unavailable — trying next
2026-09-05 17:29:36 + colab --auth=adc new -s fm-socrates --gpu T4
2026-09-05 17:29:37 se Body: {response.text}")           │
│   195 │   │   if not response.ok:                                            │
│ ❱ 196 │   │   │   raise ColabRequestError(                                   │
│   197 │   │   │   │   f"Failed to issue request {method} {endpoint}:         │
│       {response.reason}",                                                    │
│   198 │   │   │   │   request=response.request,                              │
│   199 │   │   │   │   response=response,                                     │
╰──────────────────────────────────────────────────────────────────────────────╯
ColabRequestError: Failed to issue request POST 
https://colab.research.google.com/tun/m/assign?nbh=3220b56b_f1db_4e6a_b89e_e5d31
8dde282........&variant=GPU&accelerator=T4: Service Unavailable

2026-09-05 17:29:37 fm-socrates: assign T4 flaky — retry in 30s
2026-09-05 17:30:07 + colab --auth=adc new -s fm-socrates --gpu L4
2026-09-05 17:30:09 [colab] Creating session 'fm-socrates'...
[colab] Backend rejected accelerator 'L4'. You may not have quota or entitlement for this accelerator on your account. Try a different one (e.g. --gpu T4) or omit --gpu/--tpu for a CPU runtime.

2026-09-05 17:30:09 fm-socrates: L4 unavailable — trying next
2026-09-05 17:30:11 + colab --auth=adc new -s fm-socrates --gpu T4
2026-09-05 17:30:12 se Body: {response.text}")           │
│   195 │   │   if not response.ok:                                            │
│ ❱ 196 │   │   │   raise ColabRequestError(                                   │
│   197 │   │   │   │   f"Failed to issue request {method} {endpoint}:         │
│       {response.reason}",                                                    │
│   198 │   │   │   │   request=response.request,                              │
│   199 │   │   │   │   response=response,                                     │
╰──────────────────────────────────────────────────────────────────────────────╯
ColabRequestError: Failed to issue request POST 
https://colab.research.google.com/tun/m/assign?nbh=8315c029_7df5_4321_94b8_faf8f
6f6f82d........&variant=GPU&accelerator=T4: Service Unavailable

2026-09-05 17:30:12 fm-socrates: assign T4 flaky — retry in 30s
2026-09-05 17:30:42 + colab --auth=adc new -s fm-socrates --gpu L4
2026-09-05 17:30:43 [colab] Creating session 'fm-socrates'...
[colab] Backend rejected accelerator 'L4'. You may not have quota or entitlement for this accelerator on your account. Try a different one (e.g. --gpu T4) or omit --gpu/--tpu for a CPU runtime.

2026-09-05 17:30:43 fm-socrates: L4 unavailable — trying next
2026-09-05 17:30:45 + colab --auth=adc new -s fm-socrates --gpu T4
2026-09-05 17:30:47 se Body: {response.text}")           │
│   195 │   │   if not response.ok:                                            │
│ ❱ 196 │   │   │   raise ColabRequestError(                                   │
│   197 │   │   │   │   f"Failed to issue request {method} {endpoint}:         │
│       {response.reason}",                                                    │
│   198 │   │   │   │   request=response.request,                              │
│   199 │   │   │   │   response=response,                                     │
╰──────────────────────────────────────────────────────────────────────────────╯
ColabRequestError: Failed to issue request POST 
https://colab.research.google.com/tun/m/assign?nbh=1f6c1451_13a3_43b6_b7b1_c0224
4a4d944........&variant=GPU&accelerator=T4: Service Unavailable

2026-09-05 17:30:47 fm-socrates: assign T4 flaky — retry in 30s
2026-09-05 17:31:17 + colab --auth=adc new -s fm-socrates --gpu L4
2026-09-05 17:31:19 [colab] Creating session 'fm-socrates'...
[colab] Backend rejected accelerator 'L4'. You may not have quota or entitlement for this accelerator on your account. Try a different one (e.g. --gpu T4) or omit --gpu/--tpu for a CPU runtime.

2026-09-05 17:31:19 fm-socrates: L4 unavailable — trying next
2026-09-05 17:31:21 + colab --auth=adc new -s fm-socrates --gpu T4
2026-09-05 17:31:23 se Body: {response.text}")           │
│   195 │   │   if not response.ok:                                            │
│ ❱ 196 │   │   │   raise ColabRequestError(                                   │
│   197 │   │   │   │   f"Failed to issue request {method} {endpoint}:         │
│       {response.reason}",                                                    │
│   198 │   │   │   │   request=response.request,                              │
│   199 │   │   │   │   response=response,                                     │
╰──────────────────────────────────────────────────────────────────────────────╯
ColabRequestError: Failed to issue request POST 
https://colab.research.google.com/tun/m/assign?nbh=0c564460_424f_4c7d_93ac_03a4b
9651f6f........&variant=GPU&accelerator=T4: Service Unavailable

2026-09-05 17:31:23 fm-socrates: assign T4 flaky — retry in 30s
2026-09-05 17:31:53 + colab --auth=adc new -s fm-socrates --gpu L4
2026-09-05 17:31:55 [colab] Creating session 'fm-socrates'...
[colab] Backend rejected accelerator 'L4'. You may not have quota or entitlement for this accelerator on your account. Try a different one (e.g. --gpu T4) or omit --gpu/--tpu for a CPU runtime.

2026-09-05 17:31:55 fm-socrates: L4 unavailable — trying next
2026-09-05 17:31:57 + colab --auth=adc new -s fm-socrates --gpu T4
2026-09-05 17:31:58 se Body: {response.text}")           │
│   195 │   │   if not response.ok:                                            │
│ ❱ 196 │   │   │   raise ColabRequestError(                                   │
│   197 │   │   │   │   f"Failed to issue request {method} {endpoint}:         │
│       {response.reason}",                                                    │
│   198 │   │   │   │   request=response.request,                              │
│   199 │   │   │   │   response=response,                                     │
╰──────────────────────────────────────────────────────────────────────────────╯
ColabRequestError: Failed to issue request POST 
https://colab.research.google.com/tun/m/assign?nbh=4e22c73f_d255_4f87_916e_9ddb8
9c0c1e8........&variant=GPU&accelerator=T4: Service Unavailable

2026-09-05 17:31:58 fm-socrates: assign T4 flaky — retry in 30s
2026-09-05 17:32:28 + colab --auth=adc new -s fm-socrates --gpu L4
2026-09-05 17:32:30 [colab] Creating session 'fm-socrates'...
[colab] Backend rejected accelerator 'L4'. You may not have quota or entitlement for this accelerator on your account. Try a different one (e.g. --gpu T4) or omit --gpu/--tpu for a CPU runtime.

2026-09-05 17:32:30 fm-socrates: L4 unavailable — trying next
2026-09-05 17:32:32 + colab --auth=adc new -s fm-socrates --gpu T4
2026-09-05 17:32:33 se Body: {response.text}")           │
│   195 │   │   if not response.ok:                                            │
│ ❱ 196 │   │   │   raise ColabRequestError(                                   │
│   197 │   │   │   │   f"Failed to issue request {method} {endpoint}:         │
│       {response.reason}",                                                    │
│   198 │   │   │   │   request=response.request,                              │
│   199 │   │   │   │   response=response,                                     │
╰──────────────────────────────────────────────────────────────────────────────╯
ColabRequestError: Failed to issue request POST 
https://colab.research.google.com/tun/m/assign?nbh=a3ab9cec_f3e9_415d_a022_4900d
7fc437c........&variant=GPU&accelerator=T4: Service Unavailable

2026-09-05 17:32:33 fm-socrates: assign T4 flaky — retry in 30s
2026-09-05 17:33:03 + colab --auth=adc new -s fm-socrates --gpu L4
2026-09-05 17:33:04 [colab] Creating session 'fm-socrates'...
[colab] Backend rejected accelerator 'L4'. You may not have quota or entitlement for this accelerator on your account. Try a different one (e.g. --gpu T4) or omit --gpu/--tpu for a CPU runtime.

2026-09-05 17:33:04 fm-socrates: L4 unavailable — trying next
2026-09-05 17:33:06 + colab --auth=adc new -s fm-socrates --gpu T4
2026-09-05 17:33:08 se Body: {response.text}")           │
│   195 │   │   if not response.ok:                                            │
│ ❱ 196 │   │   │   raise ColabRequestError(                                   │
│   197 │   │   │   │   f"Failed to issue request {method} {endpoint}:         │
│       {response.reason}",                                                    │
│   198 │   │   │   │   request=response.request,                              │
│   199 │   │   │   │   response=response,                                     │
╰──────────────────────────────────────────────────────────────────────────────╯
ColabRequestError: Failed to issue request POST 
https://colab.research.google.com/tun/m/assign?nbh=334b1a4f_1bd4_4713_a7c4_e4610
6444f07........&variant=GPU&accelerator=T4: Service Unavailable

2026-09-05 17:33:08 fm-socrates: assign T4 flaky — retry in 30s
2026-09-05 17:33:38 + colab --auth=adc new -s fm-socrates --gpu L4
2026-09-05 17:33:40 [colab] Creating session 'fm-socrates'...
[colab] Backend rejected accelerator 'L4'. You may not have quota or entitlement for this accelerator on your account. Try a different one (e.g. --gpu T4) or omit --gpu/--tpu for a CPU runtime.

2026-09-05 17:33:40 fm-socrates: L4 unavailable — trying next
2026-09-05 17:33:42 + colab --auth=adc new -s fm-socrates --gpu T4
2026-09-05 17:33:43 se Body: {response.text}")           │
│   195 │   │   if not response.ok:                                            │
│ ❱ 196 │   │   │   raise ColabRequestError(                                   │
│   197 │   │   │   │   f"Failed to issue request {method} {endpoint}:         │
│       {response.reason}",                                                    │
│   198 │   │   │   │   request=response.request,                              │
│   199 │   │   │   │   response=response,                                     │
╰──────────────────────────────────────────────────────────────────────────────╯
ColabRequestError: Failed to issue request POST 
https://colab.research.google.com/tun/m/assign?nbh=9db0b130_9add_4cd2_94e6_2a087
9c86737........&variant=GPU&accelerator=T4: Service Unavailable

2026-09-05 17:33:43 fm-socrates: assign T4 flaky — retry in 30s
2026-09-05 17:34:13 + colab --auth=adc new -s fm-socrates --gpu L4
2026-09-05 17:34:15 [colab] Creating session 'fm-socrates'...
[colab] Backend rejected accelerator 'L4'. You may not have quota or entitlement for this accelerator on your account. Try a different one (e.g. --gpu T4) or omit --gpu/--tpu for a CPU runtime.

2026-09-05 17:34:15 fm-socrates: L4 unavailable — trying next
2026-09-05 17:34:17 + colab --auth=adc new -s fm-socrates --gpu T4
2026-09-05 17:34:18 se Body: {response.text}")           │
│   195 │   │   if not response.ok:                                            │
│ ❱ 196 │   │   │   raise ColabRequestError(                                   │
│   197 │   │   │   │   f"Failed to issue request {method} {endpoint}:         │
│       {response.reason}",                                                    │
│   198 │   │   │   │   request=response.request,                              │
│   199 │   │   │   │   response=response,                                     │
╰──────────────────────────────────────────────────────────────────────────────╯
ColabRequestError: Failed to issue request POST 
https://colab.research.google.com/tun/m/assign?nbh=eb5f857d_2efb_4188_a2c7_d8259
bfe4705........&variant=GPU&accelerator=T4: Service Unavailable

2026-09-05 17:34:18 fm-socrates: assign T4 flaky — retry in 30s
2026-09-05 17:34:48 + colab --auth=adc new -s fm-socrates --gpu L4
2026-09-05 17:34:49 [colab] Creating session 'fm-socrates'...
[colab] Backend rejected accelerator 'L4'. You may not have quota or entitlement for this accelerator on your account. Try a different one (e.g. --gpu T4) or omit --gpu/--tpu for a CPU runtime.

2026-09-05 17:34:49 fm-socrates: L4 unavailable — trying next
2026-09-05 17:34:51 + colab --auth=adc new -s fm-socrates --gpu T4
2026-09-05 17:34:52 se Body: {response.text}")           │
│   195 │   │   if not response.ok:                                            │
│ ❱ 196 │   │   │   raise ColabRequestError(                                   │
│   197 │   │   │   │   f"Failed to issue request {method} {endpoint}:         │
│       {response.reason}",                                                    │
│   198 │   │   │   │   request=response.request,                              │
│   199 │   │   │   │   response=response,                                     │
╰──────────────────────────────────────────────────────────────────────────────╯
ColabRequestError: Failed to issue request POST 
https://colab.research.google.com/tun/m/assign?nbh=cdc2cb63_8fcd_4d50_ac72_249e9
201379d........&variant=GPU&accelerator=T4: Service Unavailable

2026-09-05 17:34:52 fm-socrates: assign T4 flaky — retry in 30s
2026-09-05 17:35:23 + colab --auth=adc new -s fm-socrates --gpu L4
2026-09-05 17:35:24 [colab] Creating session 'fm-socrates'...
[colab] Backend rejected accelerator 'L4'. You may not have quota or entitlement for this accelerator on your account. Try a different one (e.g. --gpu T4) or omit --gpu/--tpu for a CPU runtime.

2026-09-05 17:35:24 fm-socrates: L4 unavailable — trying next
2026-09-05 17:35:26 + colab --auth=adc new -s fm-socrates --gpu T4
2026-09-05 17:35:27 se Body: {response.text}")           │
│   195 │   │   if not response.ok:                                            │
│ ❱ 196 │   │   │   raise ColabRequestError(                                   │
│   197 │   │   │   │   f"Failed to issue request {method} {endpoint}:         │
│       {response.reason}",                                                    │
│   198 │   │   │   │   request=response.request,                              │
│   199 │   │   │   │   response=response,                                     │
╰──────────────────────────────────────────────────────────────────────────────╯
ColabRequestError: Failed to issue request POST 
https://colab.research.google.com/tun/m/assign?nbh=8c85db59_4994_4cdc_9aa2_050b0
e17afb7........&variant=GPU&accelerator=T4: Service Unavailable

2026-09-05 17:35:27 fm-socrates: assign T4 flaky — retry in 30s
2026-09-05 17:35:58 + colab --auth=adc new -s fm-socrates --gpu L4
2026-09-05 17:35:59 [colab] Creating session 'fm-socrates'...
[colab] Backend rejected accelerator 'L4'. You may not have quota or entitlement for this accelerator on your account. Try a different one (e.g. --gpu T4) or omit --gpu/--tpu for a CPU runtime.

2026-09-05 17:35:59 fm-socrates: L4 unavailable — trying next
2026-09-05 17:36:01 + colab --auth=adc new -s fm-socrates --gpu T4
2026-09-05 17:36:02 se Body: {response.text}")           │
│   195 │   │   if not response.ok:                                            │
│ ❱ 196 │   │   │   raise ColabRequestError(                                   │
│   197 │   │   │   │   f"Failed to issue request {method} {endpoint}:         │
│       {response.reason}",                                                    │
│   198 │   │   │   │   request=response.request,                              │
│   199 │   │   │   │   response=response,                                     │
╰──────────────────────────────────────────────────────────────────────────────╯
ColabRequestError: Failed to issue request POST 
https://colab.research.google.com/tun/m/assign?nbh=88ad557d_e546_4c9a_92f0_866d0
87f80e9........&variant=GPU&accelerator=T4: Service Unavailable

2026-09-05 17:36:02 fm-socrates: assign T4 flaky — retry in 30s
2026-09-05 17:36:32 + colab --auth=adc new -s fm-socrates --gpu L4
2026-09-05 17:36:33 [colab] Creating session 'fm-socrates'...
[colab] Backend rejected accelerator 'L4'. You may not have quota or entitlement for this accelerator on your account. Try a different one (e.g. --gpu T4) or omit --gpu/--tpu for a CPU runtime.

2026-09-05 17:36:33 fm-socrates: L4 unavailable — trying next
2026-09-05 17:36:35 + colab --auth=adc new -s fm-socrates --gpu T4
2026-09-05 17:36:37 se Body: {response.text}")           │
│   195 │   │   if not response.ok:                                            │
│ ❱ 196 │   │   │   raise ColabRequestError(                                   │
│   197 │   │   │   │   f"Failed to issue request {method} {endpoint}:         │
│       {response.reason}",                                                    │
│   198 │   │   │   │   request=response.request,                              │
│   199 │   │   │   │   response=response,                                     │
╰──────────────────────────────────────────────────────────────────────────────╯
ColabRequestError: Failed to issue request POST 
https://colab.research.google.com/tun/m/assign?nbh=82a24162_16d9_47e7_ab3a_b3cc0
3ee3c1e........&variant=GPU&accelerator=T4: Service Unavailable

2026-09-05 17:36:37 fm-socrates: assign T4 flaky — retry in 30s
2026-09-05 17:37:07 + colab --auth=adc new -s fm-socrates --gpu L4
2026-09-05 17:37:08 [colab] Creating session 'fm-socrates'...
[colab] Backend rejected accelerator 'L4'. You may not have quota or entitlement for this accelerator on your account. Try a different one (e.g. --gpu T4) or omit --gpu/--tpu for a CPU runtime.

2026-09-05 17:37:08 fm-socrates: L4 unavailable — trying next
2026-09-05 17:37:10 + colab --auth=adc new -s fm-socrates --gpu T4
2026-09-05 17:37:11 se Body: {response.text}")           │
│   195 │   │   if not response.ok:                                            │
│ ❱ 196 │   │   │   raise ColabRequestError(                                   │
│   197 │   │   │   │   f"Failed to issue request {method} {endpoint}:         │
│       {response.reason}",                                                    │
│   198 │   │   │   │   request=response.request,                              │
│   199 │   │   │   │   response=response,                                     │
╰──────────────────────────────────────────────────────────────────────────────╯
ColabRequestError: Failed to issue request POST 
https://colab.research.google.com/tun/m/assign?nbh=81436e26_87ed_4c32_bf61_54676
c1554ec........&variant=GPU&accelerator=T4: Service Unavailable

2026-09-05 17:37:11 fm-socrates: assign T4 flaky — retry in 30s
2026-09-05 17:37:41 + colab --auth=adc new -s fm-socrates --gpu L4
2026-09-05 17:37:43 [colab] Creating session 'fm-socrates'...
[colab] Backend rejected accelerator 'L4'. You may not have quota or entitlement for this accelerator on your account. Try a different one (e.g. --gpu T4) or omit --gpu/--tpu for a CPU runtime.

2026-09-05 17:37:43 fm-socrates: L4 unavailable — trying next
2026-09-05 17:37:45 + colab --auth=adc new -s fm-socrates --gpu T4
2026-09-05 17:37:47 se Body: {response.text}")           │
│   195 │   │   if not response.ok:                                            │
│ ❱ 196 │   │   │   raise ColabRequestError(                                   │
│   197 │   │   │   │   f"Failed to issue request {method} {endpoint}:         │
│       {response.reason}",                                                    │
│   198 │   │   │   │   request=response.request,                              │
│   199 │   │   │   │   response=response,                                     │
╰──────────────────────────────────────────────────────────────────────────────╯
ColabRequestError: Failed to issue request POST 
https://colab.research.google.com/tun/m/assign?nbh=928486ba_bea5_45c4_bba4_c9fd1
5c5f571........&variant=GPU&accelerator=T4: Service Unavailable

2026-09-05 17:37:47 fm-socrates: assign T4 flaky — retry in 30s
2026-09-05 17:38:17 + colab --auth=adc new -s fm-socrates --gpu L4
2026-09-05 17:38:18 [colab] Creating session 'fm-socrates'...
[colab] Backend rejected accelerator 'L4'. You may not have quota or entitlement for this accelerator on your account. Try a different one (e.g. --gpu T4) or omit --gpu/--tpu for a CPU runtime.

2026-09-05 17:38:18 fm-socrates: L4 unavailable — trying next
2026-09-05 17:38:20 + colab --auth=adc new -s fm-socrates --gpu T4
2026-09-05 17:38:22 se Body: {response.text}")           │
│   195 │   │   if not response.ok:                                            │
│ ❱ 196 │   │   │   raise ColabRequestError(                                   │
│   197 │   │   │   │   f"Failed to issue request {method} {endpoint}:         │
│       {response.reason}",                                                    │
│   198 │   │   │   │   request=response.request,                              │
│   199 │   │   │   │   response=response,                                     │
╰──────────────────────────────────────────────────────────────────────────────╯
ColabRequestError: Failed to issue request POST 
https://colab.research.google.com/tun/m/assign?nbh=70a5a538_d35f_4426_97ea_8922e
c536783........&variant=GPU&accelerator=T4: Service Unavailable

2026-09-05 17:38:22 fm-socrates: assign T4 flaky — retry in 30s
2026-09-05 17:38:52 + colab --auth=adc new -s fm-socrates --gpu L4
2026-09-05 17:38:55 [colab] Creating session 'fm-socrates'...
[colab] Backend rejected accelerator 'L4'. You may not have quota or entitlement for this accelerator on your account. Try a different one (e.g. --gpu T4) or omit --gpu/--tpu for a CPU runtime.

2026-09-05 17:38:55 fm-socrates: L4 unavailable — trying next
2026-09-05 17:38:57 + colab --auth=adc new -s fm-socrates --gpu T4
2026-09-05 17:39:00 se Body: {response.text}")           │
│   195 │   │   if not response.ok:                                            │
│ ❱ 196 │   │   │   raise ColabRequestError(                                   │
│   197 │   │   │   │   f"Failed to issue request {method} {endpoint}:         │
│       {response.reason}",                                                    │
│   198 │   │   │   │   request=response.request,                              │
│   199 │   │   │   │   response=response,                                     │
╰──────────────────────────────────────────────────────────────────────────────╯
ColabRequestError: Failed to issue request POST 
https://colab.research.google.com/tun/m/assign?nbh=2a6a144c_df07_4881_be17_703ed
2178261........&variant=GPU&accelerator=T4: Service Unavailable

2026-09-05 17:39:00 fm-socrates: assign T4 flaky — retry in 30s
2026-09-05 17:39:30 + colab --auth=adc new -s fm-socrates --gpu L4
2026-09-05 17:39:31 [colab] Creating session 'fm-socrates'...
[colab] Backend rejected accelerator 'L4'. You may not have quota or entitlement for this accelerator on your account. Try a different one (e.g. --gpu T4) or omit --gpu/--tpu for a CPU runtime.

2026-09-05 17:39:31 fm-socrates: L4 unavailable — trying next
2026-09-05 17:39:33 + colab --auth=adc new -s fm-socrates --gpu T4
2026-09-05 17:39:35 se Body: {response.text}")           │
│   195 │   │   if not response.ok:                                            │
│ ❱ 196 │   │   │   raise ColabRequestError(                                   │
│   197 │   │   │   │   f"Failed to issue request {method} {endpoint}:         │
│       {response.reason}",                                                    │
│   198 │   │   │   │   request=response.request,                              │
│   199 │   │   │   │   response=response,                                     │
╰──────────────────────────────────────────────────────────────────────────────╯
ColabRequestError: Failed to issue request POST 
https://colab.research.google.com/tun/m/assign?nbh=b0d6a060_6759_4e2b_ba28_38ccc
1d56afd........&variant=GPU&accelerator=T4: Service Unavailable

2026-09-05 17:39:35 fm-socrates: assign T4 flaky — retry in 30s
2026-09-05 17:40:06 + colab --auth=adc new -s fm-socrates --gpu L4
2026-09-05 17:40:07 [colab] Creating session 'fm-socrates'...
[colab] Backend rejected accelerator 'L4'. You may not have quota or entitlement for this accelerator on your account. Try a different one (e.g. --gpu T4) or omit --gpu/--tpu for a CPU runtime.

2026-09-05 17:40:07 fm-socrates: L4 unavailable — trying next
2026-09-05 17:40:09 + colab --auth=adc new -s fm-socrates --gpu T4
2026-09-05 17:40:11 se Body: {response.text}")           │
│   195 │   │   if not response.ok:                                            │
│ ❱ 196 │   │   │   raise ColabRequestError(                                   │
│   197 │   │   │   │   f"Failed to issue request {method} {endpoint}:         │
│       {response.reason}",                                                    │
│   198 │   │   │   │   request=response.request,                              │
│   199 │   │   │   │   response=response,                                     │
╰──────────────────────────────────────────────────────────────────────────────╯
ColabRequestError: Failed to issue request POST 
https://colab.research.google.com/tun/m/assign?nbh=f69ffb3e_0cd6_4c64_aef9_8954c
2bfc58d........&variant=GPU&accelerator=T4: Service Unavailable

2026-09-05 17:40:11 fm-socrates: assign T4 flaky — retry in 30s
2026-09-05 17:40:41 + colab --auth=adc new -s fm-socrates --gpu L4
2026-09-05 17:40:42 [colab] Creating session 'fm-socrates'...
[colab] Backend rejected accelerator 'L4'. You may not have quota or entitlement for this accelerator on your account. Try a different one (e.g. --gpu T4) or omit --gpu/--tpu for a CPU runtime.

2026-09-05 17:40:42 fm-socrates: L4 unavailable — trying next
2026-09-05 17:40:44 + colab --auth=adc new -s fm-socrates --gpu T4
2026-09-05 17:40:46 se Body: {response.text}")           │
│   195 │   │   if not response.ok:                                            │
│ ❱ 196 │   │   │   raise ColabRequestError(                                   │
│   197 │   │   │   │   f"Failed to issue request {method} {endpoint}:         │
│       {response.reason}",                                                    │
│   198 │   │   │   │   request=response.request,                              │
│   199 │   │   │   │   response=response,                                     │
╰──────────────────────────────────────────────────────────────────────────────╯
ColabRequestError: Failed to issue request POST 
https://colab.research.google.com/tun/m/assign?nbh=28b616d7_21c3_4e7e_a4b5_53320
0d3ad29........&variant=GPU&accelerator=T4: Service Unavailable

2026-09-05 17:40:46 fm-socrates: assign T4 flaky — retry in 30s
2026-09-05 17:41:16 + colab --auth=adc new -s fm-socrates --gpu L4
2026-09-05 17:41:18 [colab] Creating session 'fm-socrates'...
[colab] Backend rejected accelerator 'L4'. You may not have quota or entitlement for this accelerator on your account. Try a different one (e.g. --gpu T4) or omit --gpu/--tpu for a CPU runtime.

2026-09-05 17:41:18 fm-socrates: L4 unavailable — trying next
2026-09-05 17:41:20 + colab --auth=adc new -s fm-socrates --gpu T4
2026-09-05 17:41:22 se Body: {response.text}")           │
│   195 │   │   if not response.ok:                                            │
│ ❱ 196 │   │   │   raise ColabRequestError(                                   │
│   197 │   │   │   │   f"Failed to issue request {method} {endpoint}:         │
│       {response.reason}",                                                    │
│   198 │   │   │   │   request=response.request,                              │
│   199 │   │   │   │   response=response,                                     │
╰──────────────────────────────────────────────────────────────────────────────╯
ColabRequestError: Failed to issue request POST 
https://colab.research.google.com/tun/m/assign?nbh=adf94374_8ae0_4076_bab4_995f3
648402f........&variant=GPU&accelerator=T4: Service Unavailable

2026-09-05 17:41:22 fm-socrates: assign T4 flaky — retry in 30s
2026-09-05 17:41:52 + colab --auth=adc new -s fm-socrates --gpu L4
2026-09-05 17:41:53 [colab] Creating session 'fm-socrates'...
[colab] Backend rejected accelerator 'L4'. You may not have quota or entitlement for this accelerator on your account. Try a different one (e.g. --gpu T4) or omit --gpu/--tpu for a CPU runtime.

2026-09-05 17:41:53 fm-socrates: L4 unavailable — trying next
2026-09-05 17:41:55 + colab --auth=adc new -s fm-socrates --gpu T4
2026-09-05 17:41:58 se Body: {response.text}")           │
│   195 │   │   if not response.ok:                                            │
│ ❱ 196 │   │   │   raise ColabRequestError(                                   │
│   197 │   │   │   │   f"Failed to issue request {method} {endpoint}:         │
│       {response.reason}",                                                    │
│   198 │   │   │   │   request=response.request,                              │
│   199 │   │   │   │   response=response,                                     │
╰──────────────────────────────────────────────────────────────────────────────╯
ColabRequestError: Failed to issue request POST 
https://colab.research.google.com/tun/m/assign?nbh=ad26e7ce_e122_4370_8eaa_2a580
3a4091a........&variant=GPU&accelerator=T4: Service Unavailable

2026-09-05 17:41:58 fm-socrates: assign T4 flaky — retry in 30s
2026-09-05 17:42:28 + colab --auth=adc new -s fm-socrates --gpu L4
2026-09-05 17:42:29 [colab] Creating session 'fm-socrates'...
[colab] Backend rejected accelerator 'L4'. You may not have quota or entitlement for this accelerator on your account. Try a different one (e.g. --gpu T4) or omit --gpu/--tpu for a CPU runtime.

2026-09-05 17:42:29 fm-socrates: L4 unavailable — trying next
2026-09-05 17:42:32 + colab --auth=adc new -s fm-socrates --gpu T4
2026-09-05 17:42:33 se Body: {response.text}")           │
│   195 │   │   if not response.ok:                                            │
│ ❱ 196 │   │   │   raise ColabRequestError(                                   │
│   197 │   │   │   │   f"Failed to issue request {method} {endpoint}:         │
│       {response.reason}",                                                    │
│   198 │   │   │   │   request=response.request,                              │
│   199 │   │   │   │   response=response,                                     │
╰──────────────────────────────────────────────────────────────────────────────╯
ColabRequestError: Failed to issue request POST 
https://colab.research.google.com/tun/m/assign?nbh=34b9bb62_4ce2_41d2_a6e3_cae56
3202d4f........&variant=GPU&accelerator=T4: Service Unavailable

2026-09-05 17:42:33 fm-socrates: assign T4 flaky — retry in 30s
2026-09-05 17:43:03 + colab --auth=adc new -s fm-socrates --gpu L4
2026-09-05 17:43:06 [colab] Creating session 'fm-socrates'...
[colab] Backend rejected accelerator 'L4'. You may not have quota or entitlement for this accelerator on your account. Try a different one (e.g. --gpu T4) or omit --gpu/--tpu for a CPU runtime.

2026-09-05 17:43:06 fm-socrates: L4 unavailable — trying next
2026-09-05 17:43:08 + colab --auth=adc new -s fm-socrates --gpu T4
2026-09-05 17:43:10 se Body: {response.text}")           │
│   195 │   │   if not response.ok:                                            │
│ ❱ 196 │   │   │   raise ColabRequestError(                                   │
│   197 │   │   │   │   f"Failed to issue request {method} {endpoint}:         │
│       {response.reason}",                                                    │
│   198 │   │   │   │   request=response.request,                              │
│   199 │   │   │   │   response=response,                                     │
╰──────────────────────────────────────────────────────────────────────────────╯
ColabRequestError: Failed to issue request POST 
https://colab.research.google.com/tun/m/assign?nbh=c2b1f5c7_6743_4472_80eb_00dee
a8fb9af........&variant=GPU&accelerator=T4: Service Unavailable

2026-09-05 17:43:10 fm-socrates: assign T4 flaky — retry in 30s
2026-09-05 17:43:40 + colab --auth=adc new -s fm-socrates --gpu L4
2026-09-05 17:43:44 [colab] Creating session 'fm-socrates'...
[colab] Backend rejected accelerator 'L4'. You may not have quota or entitlement for this accelerator on your account. Try a different one (e.g. --gpu T4) or omit --gpu/--tpu for a CPU runtime.

2026-09-05 17:43:44 fm-socrates: L4 unavailable — trying next
2026-09-05 17:43:46 + colab --auth=adc new -s fm-socrates --gpu T4
2026-09-05 17:43:48 se Body: {response.text}")           │
│   195 │   │   if not response.ok:                                            │
│ ❱ 196 │   │   │   raise ColabRequestError(                                   │
│   197 │   │   │   │   f"Failed to issue request {method} {endpoint}:         │
│       {response.reason}",                                                    │
│   198 │   │   │   │   request=response.request,                              │
│   199 │   │   │   │   response=response,                                     │
╰──────────────────────────────────────────────────────────────────────────────╯
ColabRequestError: Failed to issue request POST 
https://colab.research.google.com/tun/m/assign?nbh=c84bf45a_d33d_4b7f_bc65_fcfa8
29d85bc........&variant=GPU&accelerator=T4: Service Unavailable

2026-09-05 17:43:48 fm-socrates: assign T4 flaky — retry in 30s
